barony_id,county_id,duchy_id,kingdom_id,empire_id,is_county_capital,capital_derivation,start_date,source
b_Amur_Dazhou,c_BAL_dazhou,d_BAL_hoewon,k_luzhen,e_andong,true,first_barony_in_county_block,867,CK3 00_landed_titles.txt
b_Amur_Mergen,c_SW_damoguo,d_SW_puyudao,k_shiwei,e_andong,true,first_barony_in_county_block,867,CK3 00_landed_titles.txt
b_Amur_Puyu,c_SW_puyuzhou,d_SW_puyudao,k_shiwei,e_andong,true,first_barony_in_county_block,867,CK3 00_landed_titles.txt
b_Amur_Suihua,c_SW_suihua,d_SW_sushenguo,k_shiwei,e_andong,true,first_barony_in_county_block,867,CK3 00_landed_titles.txt
b_Amur_Taizhou,c_LIAO_taizhou,d_LIAO_shangjing,k_khitan,e_andong,true,first_barony_in_county_block,867,CK3 00_landed_titles.txt
b_EMan_Anzhou,c_BAL_anbyeon,d_BAL_yeojintang,k_luzhen,e_andong,true,first_barony_in_county_block,867,CK3 00_landed_titles.txt
b_EMan_Dingzhou,c_BAL_jeongni,d_BAL_yeojintang,k_luzhen,e_andong,true,first_barony_in_county_block,867,CK3 00_landed_titles.txt
b_EMan_Huazhou,c_BAL_solbin,d_BAL_yeojintang,k_luzhen,e_andong,true,first_barony_in_county_block,867,CK3 00_landed_titles.txt
b_EMan_Huligai,c_BAL_huligai,d_BAL_cheolli,k_luzhen,e_andong,true,first_barony_in_county_block,867,CK3 00_landed_titles.txt
b_EMan_Jixi,c_BAL_jixi,d_BAL_dongpyeong,k_luzhen,e_andong,true,first_barony_in_county_block,867,CK3 00_landed_titles.txt
b_EMan_Ningzhou,c_BAL_ningzhou,d_BAL_anwon,k_luzhen,e_andong,true,first_barony_in_county_block,867,CK3 00_landed_titles.txt
b_EMan_Supin,c_BAL_supin,d_BAL_anwon,k_luzhen,e_andong,true,first_barony_in_county_block,867,CK3 00_landed_titles.txt
b_EMan_Yizhou,c_BAL_dongpyeong_yizhou,d_BAL_dongpyeong,k_luzhen,e_andong,true,first_barony_in_county_block,867,CK3 00_landed_titles.txt
b_EMan_Yongmingcheng,c_BAL_jeongni,d_BAL_yeojintang,k_luzhen,e_andong,false,,867,CK3 00_landed_titles.txt
b_FIC_Amur_Baihetudi,c_SW_nabeiguo,d_SW_qingxingan,k_shiwei,e_andong,false,,867,CK3 00_landed_titles.txt
b_FIC_Amur_Bailangtudi,c_SW_nabeiguo,d_SW_qingxingan,k_shiwei,e_andong,false,,867,CK3 00_landed_titles.txt
b_FIC_Amur_Beihelin,c_SW_heiheguo,d_SW_lingxiguo,k_shiwei,e_andong,true,first_barony_in_county_block,867,CK3 00_landed_titles.txt
b_FIC_Amur_Cangcao,c_SW_fancao,d_SW_sushenguo,k_shiwei,e_andong,false,,867,CK3 00_landed_titles.txt
b_FIC_Amur_Caoqiu,c_SW_huangtouguo,d_SW_qingxingan,k_shiwei,e_andong,false,,867,CK3 00_landed_titles.txt
b_FIC_Amur_Dahedu,c_BAL_west_cheolli,d_BAL_cheolli,k_luzhen,e_andong,true,first_barony_in_county_block,867,CK3 00_landed_titles.txt
b_FIC_Amur_Dalukou,c_SW_ruzhejiang,d_SW_ruzheguo,k_shiwei,e_andong,false,,867,CK3 00_landed_titles.txt
b_FIC_Amur_Dasenlin,c_SW_gonghejiang,d_SW_sushenguo,k_shiwei,e_andong,false,,867,CK3 00_landed_titles.txt
b_FIC_Amur_Dongweian,c_SW_shanbeiguo,d_SW_puyudao,k_shiwei,e_andong,false,,867,CK3 00_landed_titles.txt
b_FIC_Amur_Erliuyu,c_SW_fancao,d_SW_sushenguo,k_shiwei,e_andong,false,,867,CK3 00_landed_titles.txt
b_FIC_Amur_Fancao,c_SW_fancao,d_SW_sushenguo,k_shiwei,e_andong,true,first_barony_in_county_block,867,CK3 00_landed_titles.txt
b_FIC_Amur_Fanlinan,c_SW_dongruzhe,d_SW_ruzheguo,k_shiwei,e_andong,true,first_barony_in_county_block,867,CK3 00_landed_titles.txt
b_FIC_Amur_Fulunshan,c_SW_puyuzhou,d_SW_puyudao,k_shiwei,e_andong,false,,867,CK3 00_landed_titles.txt
b_FIC_Amur_Ganhejiang,c_SW_powoguo,d_SW_lingxiguo,k_shiwei,e_andong,false,,867,CK3 00_landed_titles.txt
b_FIC_Amur_Ganheyang,c_SW_huangtouguo,d_SW_qingxingan,k_shiwei,e_andong,false,,867,CK3 00_landed_titles.txt
b_FIC_Amur_Ganyijiang,c_SW_powoguo,d_SW_lingxiguo,k_shiwei,e_andong,false,,867,CK3 00_landed_titles.txt
b_FIC_Amur_Gaocaoer,c_SW_xingnabei,d_SW_qingxingan,k_shiwei,e_andong,false,,867,CK3 00_landed_titles.txt
b_FIC_Amur_Gonghejiang,c_SW_gonghejiang,d_SW_sushenguo,k_shiwei,e_andong,true,first_barony_in_county_block,867,CK3 00_landed_titles.txt
b_FIC_Amur_Haixidu,c_BAL_dazhou,d_BAL_hoewon,k_luzhen,e_andong,false,,867,CK3 00_landed_titles.txt
b_FIC_Amur_Heilonglin,c_SW_heilonglin,d_SW_sushenguo,k_shiwei,e_andong,true,first_barony_in_county_block,867,CK3 00_landed_titles.txt
b_FIC_Amur_Heisenlin,c_SW_heilonghean,d_SW_puyudao,k_shiwei,e_andong,true,first_barony_in_county_block,867,CK3 00_landed_titles.txt
b_FIC_Amur_Helincun,c_BAL_dazhou,d_BAL_hoewon,k_luzhen,e_andong,false,,867,CK3 00_landed_titles.txt
b_FIC_Amur_Henghetieli,c_BAL_west_cheolli,d_BAL_cheolli,k_luzhen,e_andong,false,,867,CK3 00_landed_titles.txt
b_FIC_Amur_Heyucun,c_SW_ruzhejiang,d_SW_ruzheguo,k_shiwei,e_andong,false,,867,CK3 00_landed_titles.txt
b_FIC_Amur_Hongan,c_LIAO_taizhou,d_LIAO_shangjing,k_khitan,e_andong,false,,867,CK3 00_landed_titles.txt
b_FIC_Amur_Humari,c_SW_heiheguo,d_SW_lingxiguo,k_shiwei,e_andong,false,,867,CK3 00_landed_titles.txt
b_FIC_Amur_Hurka,c_SW_lingxiguo,d_SW_lingxiguo,k_shiwei,e_andong,false,,867,CK3 00_landed_titles.txt
b_FIC_Amur_Ilanshan,c_BAL_ilanshan,d_BAL_hoewon,k_luzhen,e_andong,true,first_barony_in_county_block,867,CK3 00_landed_titles.txt
b_FIC_Amur_Iskenhe,c_SW_powoguo,d_SW_lingxiguo,k_shiwei,e_andong,false,,867,CK3 00_landed_titles.txt
b_FIC_Amur_Jiahuangtou,c_SW_huangtouguo,d_SW_qingxingan,k_shiwei,e_andong,true,first_barony_in_county_block,867,CK3 00_landed_titles.txt
b_FIC_Amur_Jialingxi,c_SW_lingxiguo,d_SW_lingxiguo,k_shiwei,e_andong,true,first_barony_in_county_block,867,CK3 00_landed_titles.txt
b_FIC_Amur_Jialuotuo,c_SW_luotuoguo,d_SW_qingxingan,k_shiwei,e_andong,true,first_barony_in_county_block,867,CK3 00_landed_titles.txt
b_FIC_Amur_Jianali,c_LIAO_taizhou,d_LIAO_shangjing,k_khitan,e_andong,false,,867,CK3 00_landed_titles.txt
b_FIC_Amur_Jiapowo,c_SW_powoguo,d_SW_lingxiguo,k_shiwei,e_andong,true,first_barony_in_county_block,867,CK3 00_landed_titles.txt
b_FIC_Amur_Jiaruzhe,c_SW_jiqin_hari,d_SW_ruzheguo,k_shiwei,e_andong,false,,867,CK3 00_landed_titles.txt
b_FIC_Amur_Jiashanbei,c_SW_shanbeiguo,d_SW_puyudao,k_shiwei,e_andong,true,first_barony_in_county_block,867,CK3 00_landed_titles.txt
b_FIC_Amur_Jindiaotudi,c_SW_nabeiguo,d_SW_qingxingan,k_shiwei,e_andong,false,,867,CK3 00_landed_titles.txt
b_FIC_Amur_Jinshuhe,c_SW_shanbeiguo,d_SW_puyudao,k_shiwei,e_andong,false,,867,CK3 00_landed_titles.txt
b_FIC_Amur_Jinshujiang,c_SW_luotuoguo,d_SW_qingxingan,k_shiwei,e_andong,false,,867,CK3 00_landed_titles.txt
b_FIC_Amur_Lindu,c_SW_suihua,d_SW_sushenguo,k_shiwei,e_andong,false,,867,CK3 00_landed_titles.txt
b_FIC_Amur_Linyuan,c_SW_heilonghean,d_SW_puyudao,k_shiwei,e_andong,false,,867,CK3 00_landed_titles.txt
b_FIC_Amur_Longcaoan,c_SW_heilonglin,d_SW_sushenguo,k_shiwei,e_andong,false,,867,CK3 00_landed_titles.txt
b_FIC_Amur_Luhean,c_SW_damoguo,d_SW_puyudao,k_shiwei,e_andong,false,,867,CK3 00_landed_titles.txt
b_FIC_Amur_Lupingyuan,c_SW_lupingyuan,d_SW_sushenguo,k_shiwei,e_andong,true,first_barony_in_county_block,867,CK3 00_landed_titles.txt
b_FIC_Amur_Nalidu,c_LIAO_taizhou,d_LIAO_shangjing,k_khitan,e_andong,false,,867,CK3 00_landed_titles.txt
b_FIC_Amur_Nemorjiang,c_SW_shanbeiguo,d_SW_puyudao,k_shiwei,e_andong,false,,867,CK3 00_landed_titles.txt
b_FIC_Amur_Nendadu,c_SW_luotuoguo,d_SW_qingxingan,k_shiwei,e_andong,false,,867,CK3 00_landed_titles.txt
b_FIC_Amur_Nenshidi,c_SW_jiqin_hari,d_SW_ruzheguo,k_shiwei,e_andong,false,,867,CK3 00_landed_titles.txt
b_FIC_Amur_Nenshuide,c_SW_dongruzhe,d_SW_ruzheguo,k_shiwei,e_andong,false,,867,CK3 00_landed_titles.txt
b_FIC_Amur_Pilutidu,c_SW_dongruzhe,d_SW_ruzheguo,k_shiwei,e_andong,false,,867,CK3 00_landed_titles.txt
b_FIC_Amur_Ruzhejiang,c_SW_ruzhejiang,d_SW_ruzheguo,k_shiwei,e_andong,true,first_barony_in_county_block,867,CK3 00_landed_titles.txt
b_FIC_Amur_Senlincun,c_BAL_ilanshan,d_BAL_hoewon,k_luzhen,e_andong,false,,867,CK3 00_landed_titles.txt
b_FIC_Amur_Shangwulu,c_SW_hongxingan,d_SW_heicheziguo,k_shiwei,e_andong,false,,867,CK3 00_landed_titles.txt
b_FIC_Amur_Xianbeishan,c_SW_xingnabei,d_SW_qingxingan,k_shiwei,e_andong,true,first_barony_in_county_block,867,CK3 00_landed_titles.txt
b_FIC_Amur_Xiaoqiu,c_SW_damoguo,d_SW_puyudao,k_shiwei,e_andong,false,,867,CK3 00_landed_titles.txt
b_FIC_Amur_Xijiadamo,c_SW_damoguo,d_SW_puyudao,k_shiwei,e_andong,false,,867,CK3 00_landed_titles.txt
b_FIC_Amur_Xinener,c_SW_xinghuangtou,d_SW_qingxingan,k_shiwei,e_andong,true,first_barony_in_county_block,867,CK3 00_landed_titles.txt
b_FIC_Amur_Xinganling,c_SW_xinghuangtou,d_SW_qingxingan,k_shiwei,e_andong,false,,867,CK3 00_landed_titles.txt
b_FIC_Amur_Xipuyu,c_SW_puyuzhou,d_SW_puyudao,k_shiwei,e_andong,false,,867,CK3 00_landed_titles.txt
b_FIC_Amur_Xuduohubo,c_SW_jiqin_hari,d_SW_ruzheguo,k_shiwei,e_andong,false,,867,CK3 00_landed_titles.txt
b_FIC_Amur_Yalujiang,c_SW_luotuoguo,d_SW_qingxingan,k_shiwei,e_andong,false,,867,CK3 00_landed_titles.txt
b_FIC_Amur_Yemantudi,c_SW_lupingyuan,d_SW_sushenguo,k_shiwei,e_andong,false,,867,CK3 00_landed_titles.txt
b_FIC_Amur_Yemaotudi,c_SW_puyuzhou,d_SW_puyudao,k_shiwei,e_andong,false,,867,CK3 00_landed_titles.txt
b_FIC_Amur_Yerencao,c_SW_lupingyuan,d_SW_sushenguo,k_shiwei,e_andong,false,,867,CK3 00_landed_titles.txt
b_FIC_Amur_Yingcao,c_SW_suihua,d_SW_sushenguo,k_shiwei,e_andong,false,,867,CK3 00_landed_titles.txt
b_FIC_Amur_Yingsenlin,c_SW_suihua,d_SW_sushenguo,k_shiwei,e_andong,false,,867,CK3 00_landed_titles.txt
b_FIC_Amur_Yuancao,c_SW_lingxiguo,d_SW_lingxiguo,k_shiwei,e_andong,false,,867,CK3 00_landed_titles.txt
b_FIC_Amur_Yuanlin,c_SW_heilonghean,d_SW_puyudao,k_shiwei,e_andong,false,,867,CK3 00_landed_titles.txt
b_FIC_Amur_Zhongnenjiang,c_SW_nabeiguo,d_SW_qingxingan,k_shiwei,e_andong,true,first_barony_in_county_block,867,CK3 00_landed_titles.txt
b_FIC_EMan_Alimenyang,c_BAL_north_anwon,d_BAL_anwon,k_luzhen,e_andong,true,first_barony_in_county_block,867,CK3 00_landed_titles.txt
b_FIC_EMan_Baihuaicun,c_BAL_south_hoewon,d_BAL_hoewon,k_luzhen,e_andong,true,first_barony_in_county_block,867,CK3 00_landed_titles.txt
b_FIC_EMan_Beidongan,c_BAL_dongpyeong_yizhou,d_BAL_dongpyeong,k_luzhen,e_andong,false,,867,CK3 00_landed_titles.txt
b_FIC_EMan_Beihuaicun,c_BAL_central_hoewon,d_BAL_hoewon,k_luzhen,e_andong,false,,867,CK3 00_landed_titles.txt
b_FIC_EMan_Beiqiulin,c_BAL_north_anbyeon,d_BAL_yeojintang,k_luzhen,e_andong,true,first_barony_in_county_block,867,CK3 00_landed_titles.txt
b_FIC_EMan_Bixinjiang,c_BAL_east_hoewon,d_BAL_hoewon,k_luzhen,e_andong,false,,867,CK3 00_landed_titles.txt
b_FIC_EMan_Dacun,c_BAL_central_hoewon,d_BAL_hoewon,k_luzhen,e_andong,true,first_barony_in_county_block,867,CK3 00_landed_titles.txt
b_FIC_EMan_Dinglian,c_BAL_jeongni,d_BAL_yeojintang,k_luzhen,e_andong,false,,867,CK3 00_landed_titles.txt
b_FIC_EMan_Dongning,c_BAL_north_anwon,d_BAL_anwon,k_luzhen,e_andong,false,,867,CK3 00_landed_titles.txt
b_FIC_EMan_Dongxian,c_BAL_jixi,d_BAL_dongpyeong,k_luzhen,e_andong,false,,867,CK3 00_landed_titles.txt
b_FIC_EMan_Dongxingkai,c_BAL_supin,d_BAL_anwon,k_luzhen,e_andong,false,,867,CK3 00_landed_titles.txt
b_FIC_EMan_Dongying,c_BAL_jixi,d_BAL_dongpyeong,k_luzhen,e_andong,false,,867,CK3 00_landed_titles.txt
b_FIC_EMan_Heihubo,c_BAL_dongpyeong_yizhou,d_BAL_dongpyeong,k_luzhen,e_andong,false,,867,CK3 00_landed_titles.txt
b_FIC_EMan_Heizhuhai,c_BAL_north_anbyeon,d_BAL_yeojintang,k_luzhen,e_andong,false,,867,CK3 00_landed_titles.txt
b_FIC_EMan_Huaicao,c_BAL_south_hoewon,d_BAL_hoewon,k_luzhen,e_andong,false,,867,CK3 00_landed_titles.txt
b_FIC_EMan_Huanghuai,c_BAL_central_hoewon,d_BAL_hoewon,k_luzhen,e_andong,false,,867,CK3 00_landed_titles.txt
b_FIC_EMan_Huangyuan,c_BAL_ningzhou,d_BAL_anwon,k_luzhen,e_andong,false,,867,CK3 00_landed_titles.txt
b_FIC_EMan_Hulilusean,c_BAL_huligai,d_BAL_cheolli,k_luzhen,e_andong,false,,867,CK3 00_landed_titles.txt
b_FIC_EMan_Luseqiu,c_BAL_anbyeon,d_BAL_yeojintang,k_luzhen,e_andong,false,,867,CK3 00_landed_titles.txt
b_FIC_EMan_Nanxingkai,c_BAL_solbin,d_BAL_yeojintang,k_luzhen,e_andong,false,,867,CK3 00_landed_titles.txt
b_FIC_EMan_Naolijiang,c_BAL_east_hoewon,d_BAL_hoewon,k_luzhen,e_andong,true,first_barony_in_county_block,867,CK3 00_landed_titles.txt
b_FIC_EMan_Qiligashan,c_BAL_huligai,d_BAL_cheolli,k_luzhen,e_andong,false,,867,CK3 00_landed_titles.txt
b_FIC_EMan_Qingshancun,c_BAL_ningzhou,d_BAL_anwon,k_luzhen,e_andong,false,,867,CK3 00_landed_titles.txt
b_FIC_EMan_Sanhean,c_BAL_supin,d_BAL_anwon,k_luzhen,e_andong,false,,867,CK3 00_landed_titles.txt
b_FIC_EMan_Shanganjugu,c_BAL_jeongni,d_BAL_yeojintang,k_luzhen,e_andong,false,,867,CK3 00_landed_titles.txt
b_FIC_EMan_Shuaibinan,c_BAL_solbin,d_BAL_yeojintang,k_luzhen,e_andong,false,,867,CK3 00_landed_titles.txt
b_FIC_EMan_Shuilinhai,c_BAL_heuksu_anwon,d_BAL_anwon,k_luzhen,e_andong,false,,867,CK3 00_landed_titles.txt
b_FIC_EMan_Silata_an,c_BAL_anbyeon,d_BAL_yeojintang,k_luzhen,e_andong,false,,867,CK3 00_landed_titles.txt
b_FIC_EMan_Songhuajiang,c_BAL_south_hoewon,d_BAL_hoewon,k_luzhen,e_andong,false,,867,CK3 00_landed_titles.txt
b_FIC_EMan_Xuduohe,c_BAL_supin,d_BAL_anwon,k_luzhen,e_andong,false,,867,CK3 00_landed_titles.txt
b_FIC_EMan_Yozejiang,c_BAL_heuksu_anwon,d_BAL_anwon,k_luzhen,e_andong,true,first_barony_in_county_block,867,CK3 00_landed_titles.txt
b_FIC_EMan_Zhenzhuhai,c_BAL_north_anbyeon,d_BAL_yeojintang,k_luzhen,e_andong,false,,867,CK3 00_landed_titles.txt
b_FIC_EMan_Zhonganyuan,c_BAL_north_anwon,d_BAL_anwon,k_luzhen,e_andong,false,,867,CK3 00_landed_titles.txt
b_FIC_EMan_Zhongtieli,c_BAL_delizhen,d_BAL_cheolli,k_luzhen,e_andong,false,,867,CK3 00_landed_titles.txt
b_FIC_Liao_Baicaoer,c_LIAO_heicaoan,d_LIAO_linhuang,k_khitan,e_andong,false,,867,CK3 00_landed_titles.txt
b_FIC_Liao_Baichang,c_BAL_west_jangryeong,d_BAL_amnok_jangryeong,k_balhae,e_andong,false,,867,CK3 00_landed_titles.txt
b_FIC_Liao_Bayintailai,c_LIAO_horqinan,d_LIAO_shangjing,k_khitan,e_andong,false,,867,CK3 00_landed_titles.txt
b_FIC_Liao_Beichang,c_BAL_east_jangryeong,d_BAL_amnok_jangryeong,k_balhae,e_andong,false,,867,CK3 00_landed_titles.txt
b_FIC_Liao_Biliujiang,c_LIAO_zhenzhou,d_LIAO_dongjing,e_andong,,false,,867,CK3 00_landed_titles.txt
b_FIC_Liao_Caoyuanan,c_LIAO_heicaoan,d_LIAO_linhuang,k_khitan,e_andong,false,,867,CK3 00_landed_titles.txt
b_FIC_Liao_Changbaishan,c_BAL_east_amnok,d_BAL_amnok_jangryeong,k_balhae,e_andong,false,,867,CK3 00_landed_titles.txt
b_FIC_Liao_Charnoer,c_LIAO_ulagaian,d_LIAO_linhuang,k_khitan,e_andong,false,,867,CK3 00_landed_titles.txt
b_FIC_Liao_Daguokuishan,c_BAL_yongcheon,d_BAL_parhae,k_balhae,e_andong,false,,867,CK3 00_landed_titles.txt
b_FIC_Liao_Dalinuor,c_LIAO_dalian,d_LIAO_linhuang,k_khitan,e_andong,true,first_barony_in_county_block,867,CK3 00_landed_titles.txt
b_FIC_Liao_Erdaojiang,c_BAL_west_hyeondeok,d_BAL_parhae,k_balhae,e_andong,false,,867,CK3 00_landed_titles.txt
b_FIC_Liao_Fuyunan,c_BAL_xinzhou,d_BAL_buyeo,k_balhae,e_andong,false,,867,CK3 00_landed_titles.txt
b_FIC_Liao_Heihorqin,c_LIAO_changchun,d_LIAO_shangjing,k_khitan,e_andong,false,,867,CK3 00_landed_titles.txt
b_FIC_Liao_Helong,c_BAL_east_hyeondeok,d_BAL_parhae,k_balhae,e_andong,true,first_barony_in_county_block,867,CK3 00_landed_titles.txt
b_FIC_Liao_Hongdali,c_LIAO_dalian,d_LIAO_linhuang,k_khitan,e_andong,false,,867,CK3 00_landed_titles.txt
b_FIC_Liao_Hongfucun,c_BAL_west_jangryeong,d_BAL_amnok_jangryeong,k_balhae,e_andong,false,,867,CK3 00_landed_titles.txt
b_FIC_Liao_Horqin,c_LIAO_horqinan,d_LIAO_shangjing,k_khitan,e_andong,true,first_barony_in_county_block,867,CK3 00_landed_titles.txt
b_FIC_Liao_Huangcaocun,c_LIAO_yinzhou,d_LIAO_dongjing,e_andong,,false,,867,CK3 00_landed_titles.txt
b_FIC_Liao_Huanghekou,c_BAL_northyongwon,d_BAL_southern_balhae,k_balhae,e_andong,false,,867,CK3 00_landed_titles.txt
b_FIC_Liao_Huopingan,c_LIAO_longhuazhou,d_LIAO_linhuang,k_khitan,e_andong,false,,867,CK3 00_landed_titles.txt
b_FIC_Liao_Liquan,c_SW_hongxingan,d_SW_heicheziguo,k_shiwei,e_andong,false,,867,CK3 00_landed_titles.txt
b_FIC_Liao_Longfengshan,c_BAL_makhil,d_BAL_moe_su,k_balhae,e_andong,false,,867,CK3 00_landed_titles.txt
b_FIC_Liao_Matudi,c_LIAO_heicaoan,d_LIAO_linhuang,k_khitan,e_andong,true,first_barony_in_county_block,867,CK3 00_landed_titles.txt
b_FIC_Liao_Moedu,c_BAL_west_makhil,d_BAL_moe_su,k_balhae,e_andong,false,,867,CK3 00_landed_titles.txt
b_FIC_Liao_Mudanjiang,c_BAL_yongcheon,d_BAL_parhae,k_balhae,e_andong,false,,867,CK3 00_landed_titles.txt
b_FIC_Liao_Nandongkou,c_BAL_fengzhou,d_BAL_southern_balhae,k_balhae,e_andong,false,,867,CK3 00_landed_titles.txt
b_FIC_Liao_Nanhaikou,c_BAL_namhae,d_BAL_southern_balhae,k_balhae,e_andong,false,,867,CK3 00_landed_titles.txt
b_FIC_Liao_Nanmoan,c_BAL_makhil,d_BAL_moe_su,k_balhae,e_andong,false,,867,CK3 00_landed_titles.txt
b_FIC_Liao_Nansuan,c_BAL_west_hyeondeok,d_BAL_parhae,k_balhae,e_andong,false,,867,CK3 00_landed_titles.txt
b_FIC_Liao_Qingquan,c_BAL_yongcheon,d_BAL_parhae,k_balhae,e_andong,false,,867,CK3 00_landed_titles.txt
b_FIC_Liao_Quliuan,c_BAL_east_jangryeong,d_BAL_amnok_jangryeong,k_balhae,e_andong,false,,867,CK3 00_landed_titles.txt
b_FIC_Liao_Shaozijiang,c_LIAO_guidezhou,d_LIAO_dongjing,e_andong,,false,,867,CK3 00_landed_titles.txt
b_FIC_Liao_Shuangliao,c_LIAO_changchun,d_LIAO_shangjing,k_khitan,e_andong,false,,867,CK3 00_landed_titles.txt
b_FIC_Liao_Suping,c_BAL_sokju,d_BAL_moe_su,k_balhae,e_andong,false,,867,CK3 00_landed_titles.txt
b_FIC_Liao_Tianchi,c_BAL_east_amnok,d_BAL_amnok_jangryeong,k_balhae,e_andong,false,,867,CK3 00_landed_titles.txt
b_FIC_Liao_Tongan,c_BAL_dongju,d_BAL_parhae,k_balhae,e_andong,false,,867,CK3 00_landed_titles.txt
b_FIC_Liao_Tumen,c_BAL_northyongwon,d_BAL_southern_balhae,k_balhae,e_andong,false,,867,CK3 00_landed_titles.txt
b_FIC_Liao_Ulanuer,c_LIAO_ulagaian,d_LIAO_linhuang,k_khitan,e_andong,false,,867,CK3 00_landed_titles.txt
b_FIC_Liao_Ulanulagai,c_LIAO_ulagaian,d_LIAO_linhuang,k_khitan,e_andong,true,first_barony_in_county_block,867,CK3 00_landed_titles.txt
b_FIC_Liao_Wuluan,c_SW_hongxingan,d_SW_heicheziguo,k_shiwei,e_andong,false,,867,CK3 00_landed_titles.txt
b_FIC_Liao_Xilin,c_LIAO_raozhou,d_LIAO_linhuang,k_khitan,e_andong,false,,867,CK3 00_landed_titles.txt
b_FIC_Liao_Ximoan,c_BAL_west_makhil,d_BAL_moe_su,k_balhae,e_andong,false,,867,CK3 00_landed_titles.txt
b_FIC_Liao_Xitielian,c_BAL_delizhen,d_BAL_cheolli,k_luzhen,e_andong,false,,867,CK3 00_landed_titles.txt
b_FIC_Liao_Yaluan,c_BAL_west_amnok,d_BAL_amnok_jangryeong,k_balhae,e_andong,false,,867,CK3 00_landed_titles.txt
b_FIC_Liao_Yanji,c_BAL_east_hyeondeok,d_BAL_parhae,k_balhae,e_andong,false,,867,CK3 00_landed_titles.txt
b_FIC_Liao_Yingan,c_BAL_yeongju,d_BAL_parhae,k_balhae,e_andong,false,,867,CK3 00_landed_titles.txt
b_FIC_Liao_Yumitudi,c_LIAO_changchun,d_LIAO_shangjing,k_khitan,e_andong,false,,867,CK3 00_landed_titles.txt
b_FIC_Liao_Zhanyu,c_LIAO_horqinan,d_LIAO_shangjing,k_khitan,e_andong,false,,867,CK3 00_landed_titles.txt
b_FIC_Mong_Arguntokhoi,c_EM_shilka,d_EM_wajiezi,k_otuken,e_mongolia,true,first_barony_in_county_block,867,CK3 00_landed_titles.txt
b_FIC_Mong_Banouhe,c_SW_heiheguo,d_SW_lingxiguo,k_shiwei,e_andong,false,,867,CK3 00_landed_titles.txt
b_FIC_Mong_Banukhol,c_SW_mengwuo,d_SW_dashiweiguo,k_shiwei,e_andong,true,first_barony_in_county_block,867,CK3 00_landed_titles.txt
b_FIC_Mong_Beiheisha,c_SW_zhongcheziguo,d_SW_heicheziguo,k_shiwei,e_andong,false,,867,CK3 00_landed_titles.txt
b_FIC_Mong_Chezier,c_SW_dongcheziguo,d_SW_heicheziguo,k_shiwei,e_andong,false,,867,CK3 00_landed_titles.txt
b_FIC_Mong_Chulereg,c_EM_kizilkhentii,d_EM_onon,k_otuken,e_mongolia,false,,867,CK3 00_landed_titles.txt
b_FIC_Mong_Dongheisha,c_SW_dongcheziguo,d_SW_heicheziguo,k_shiwei,e_andong,false,,867,CK3 00_landed_titles.txt
b_FIC_Mong_Doodonon,c_EM_doodonon,d_EM_onon,k_otuken,e_mongolia,true,first_barony_in_county_block,867,CK3 00_landed_titles.txt
b_FIC_Mong_Elsenurud,c_EM_tsetsen,d_EM_yujuelu,k_otuken,e_mongolia,false,,867,CK3 00_landed_titles.txt
b_FIC_Mong_Emurgol,c_SW_heiergun,d_SW_dashiweiguo,k_shiwei,e_andong,false,,867,CK3 00_landed_titles.txt
b_FIC_Mong_Ergunegol,c_EM_yujuelu,d_EM_yujuelu,k_otuken,e_mongolia,true,first_barony_in_county_block,867,CK3 00_landed_titles.txt
b_FIC_Mong_Gangoluul,c_SW_ergunia,d_SW_dashiweiguo,k_shiwei,e_andong,false,,867,CK3 00_landed_titles.txt
b_FIC_Mong_Gantsaardal,c_EM_urtolgod,d_EM_yujuelu,k_otuken,e_mongolia,false,,867,CK3 00_landed_titles.txt
b_FIC_Mong_Gaoxuanya,c_SW_hailar,d_SW_dashiweiguo,k_shiwei,e_andong,false,,867,CK3 00_landed_titles.txt
b_FIC_Mong_Gasimur,c_SW_talbai,d_EM_wajiezi,k_otuken,e_mongolia,false,,867,CK3 00_landed_titles.txt
b_FIC_Mong_Gasunur,c_EM_shilka,d_EM_wajiezi,k_otuken,e_mongolia,false,,867,CK3 00_landed_titles.txt
b_FIC_Mong_Genhegol,c_SW_pibeihe,d_SW_dashiweiguo,k_shiwei,e_andong,false,,867,CK3 00_landed_titles.txt
b_FIC_Mong_Hailarekh,c_SW_hailar,d_SW_dashiweiguo,k_shiwei,e_andong,false,,867,CK3 00_landed_titles.txt
b_FIC_Mong_Hailargol,c_SW_hailar,d_SW_dashiweiguo,k_shiwei,e_andong,true,first_barony_in_county_block,867,CK3 00_landed_titles.txt
b_FIC_Mong_Huraalin,c_SW_heiergun,d_SW_dashiweiguo,k_shiwei,e_andong,true,first_barony_in_county_block,867,CK3 00_landed_titles.txt
b_FIC_Mong_Ilkuriuul,c_SW_mengwuo,d_SW_dashiweiguo,k_shiwei,e_andong,false,,867,CK3 00_landed_titles.txt
b_FIC_Mong_Ingedei,c_EM_kizilkhentii,d_EM_onon,k_otuken,e_mongolia,false,,867,CK3 00_landed_titles.txt
b_FIC_Mong_Jiasaihe,c_SW_dongcheziguo,d_SW_heicheziguo,k_shiwei,e_andong,true,first_barony_in_county_block,867,CK3 00_landed_titles.txt
b_FIC_Mong_Kamaraekh,c_SW_mengwuo,d_SW_dashiweiguo,k_shiwei,e_andong,false,,867,CK3 00_landed_titles.txt
b_FIC_Mong_Khailangol,c_SW_hulunbuir,d_SW_heicheziguo,k_shiwei,e_andong,false,,867,CK3 00_landed_titles.txt
b_FIC_Mong_Khaldun,c_EM_khaldun,d_ogrash,k_otuken,e_mongolia,true,first_barony_in_county_block,867,CK3 00_landed_titles.txt
b_FIC_Mong_Khalkagol,c_SW_hulunbuir,d_SW_heicheziguo,k_shiwei,e_andong,false,,867,CK3 00_landed_titles.txt
b_FIC_Mong_Khanabaruun,c_EM_jiangbian,d_EM_onon,k_otuken,e_mongolia,false,,867,CK3 00_landed_titles.txt
b_FIC_Mong_Khanazuun,c_EM_jiangbian,d_EM_onon,k_otuken,e_mongolia,false,,867,CK3 00_landed_titles.txt
b_FIC_Mong_Kharbelcheer,c_EM_doodonon,d_EM_onon,k_otuken,e_mongolia,false,,867,CK3 00_landed_titles.txt
b_FIC_Mong_Kharbuir,c_SW_hulunbuir,d_SW_heicheziguo,k_shiwei,e_andong,false,,867,CK3 00_landed_titles.txt
b_FIC_Mong_Kharulagai,c_SW_dongcheziguo,d_SW_heicheziguo,k_shiwei,e_andong,false,,867,CK3 00_landed_titles.txt
b_FIC_Mong_Khiltsaiz,c_EM_khiltsaiz,d_EM_wajiezi,k_otuken,e_mongolia,true,first_barony_in_county_block,867,CK3 00_landed_titles.txt
b_FIC_Mong_Khoyorgol,c_EM_khoyorgol,d_EM_wajiezi,k_otuken,e_mongolia,true,first_barony_in_county_block,867,CK3 00_landed_titles.txt
b_FIC_Mong_Khurtskhandii,c_EM_khoyorgol,d_EM_wajiezi,k_otuken,e_mongolia,false,,867,CK3 00_landed_titles.txt
b_FIC_Mong_Kurumnuur,c_EM_jiangbian,d_EM_onon,k_otuken,e_mongolia,false,,867,CK3 00_landed_titles.txt
b_FIC_Mong_Kyursugol,c_EM_jiangbian,d_EM_onon,k_otuken,e_mongolia,false,,867,CK3 00_landed_titles.txt
b_FIC_Mong_Mongotalbai,c_SW_talbai,d_EM_wajiezi,k_otuken,e_mongolia,true,first_barony_in_county_block,867,CK3 00_landed_titles.txt
b_FIC_Mong_Nanchezi,c_SW_zhongcheziguo,d_SW_heicheziguo,k_shiwei,e_andong,false,,867,CK3 00_landed_titles.txt
b_FIC_Mong_Nogoontoos,c_EM_urtolgod,d_EM_yujuelu,k_otuken,e_mongolia,false,,867,CK3 00_landed_titles.txt
b_FIC_Mong_Nuurkhoid,c_EM_yujuelu,d_EM_yujuelu,k_otuken,e_mongolia,false,,867,CK3 00_landed_titles.txt
b_FIC_Mong_Nyurgol,c_SW_ergunia,d_SW_dashiweiguo,k_shiwei,e_andong,false,,867,CK3 00_landed_titles.txt
b_FIC_Mong_Olanuur,c_SW_pibeihe,d_SW_dashiweiguo,k_shiwei,e_andong,false,,867,CK3 00_landed_titles.txt
b_FIC_Mong_Olongoluud,c_EM_khaldun,d_ogrash,k_otuken,e_mongolia,false,,867,CK3 00_landed_titles.txt
b_FIC_Mong_Ononekh,c_EM_khaldun,d_ogrash,k_otuken,e_mongolia,false,,867,CK3 00_landed_titles.txt
b_FIC_Mong_Ononum,c_EM_ononum,d_EM_onon,k_otuken,e_mongolia,true,first_barony_in_county_block,867,CK3 00_landed_titles.txt
b_FIC_Mong_Orgilalkham,c_EM_ononum,d_EM_onon,k_otuken,e_mongolia,false,,867,CK3 00_landed_titles.txt
b_FIC_Mong_Oyuhulun,c_SW_hulunbuir,d_SW_heicheziguo,k_shiwei,e_andong,true,first_barony_in_county_block,867,CK3 00_landed_titles.txt
b_FIC_Mong_Oyuulvzar,c_SW_heiergun,d_SW_dashiweiguo,k_shiwei,e_andong,false,,867,CK3 00_landed_titles.txt
b_FIC_Mong_Paljigol,c_EM_kizilkhentii,d_EM_onon,k_otuken,e_mongolia,true,first_barony_in_county_block,867,CK3 00_landed_titles.txt
b_FIC_Mong_Shankortsol,c_EM_khiltsaiz,d_EM_wajiezi,k_otuken,e_mongolia,false,,867,CK3 00_landed_titles.txt
b_FIC_Mong_Shaqiu,c_EM_yujuelu,d_EM_yujuelu,k_otuken,e_mongolia,false,,867,CK3 00_landed_titles.txt
b_FIC_Mong_Shargazar,c_EM_tsetsen,d_EM_yujuelu,k_otuken,e_mongolia,true,first_barony_in_county_block,867,CK3 00_landed_titles.txt
b_FIC_Mong_Shilkagol,c_EM_shilka,d_EM_wajiezi,k_otuken,e_mongolia,false,,867,CK3 00_landed_titles.txt
b_FIC_Mong_Shitagol,c_EM_doodonon,d_EM_onon,k_otuken,e_mongolia,false,,867,CK3 00_landed_titles.txt
b_FIC_Mong_Tazimurekh,c_EM_yujuelu,d_EM_yujuelu,k_otuken,e_mongolia,false,,867,CK3 00_landed_titles.txt
b_FIC_Mong_Telburgol,c_SW_ergunia,d_SW_dashiweiguo,k_shiwei,e_andong,true,first_barony_in_county_block,867,CK3 00_landed_titles.txt
b_FIC_Mong_Tomorels,c_SW_talbai,d_EM_wajiezi,k_otuken,e_mongolia,false,,867,CK3 00_landed_titles.txt
b_FIC_Mong_Toostoigol,c_EM_tsetsen,d_EM_yujuelu,k_otuken,e_mongolia,false,,867,CK3 00_landed_titles.txt
b_FIC_Mong_Ulajagol,c_EM_ononum,d_EM_onon,k_otuken,e_mongolia,false,,867,CK3 00_landed_titles.txt
b_FIC_Mong_Ulaondor,c_EM_khaldun,d_ogrash,k_otuken,e_mongolia,false,,867,CK3 00_landed_titles.txt
b_FIC_Mong_Urtolgod,c_EM_urtolgod,d_EM_yujuelu,k_otuken,e_mongolia,true,first_barony_in_county_block,867,CK3 00_landed_titles.txt
b_FIC_Mong_Xiailehuli,c_SW_mengwuo,d_SW_dashiweiguo,k_shiwei,e_andong,false,,867,CK3 00_landed_titles.txt
b_FIC_Mong_Xisaiyin,c_SW_zhongcheziguo,d_SW_heicheziguo,k_shiwei,e_andong,false,,867,CK3 00_landed_titles.txt
b_FIC_Mong_Zatalbar,c_EM_khoyorgol,d_EM_wajiezi,k_otuken,e_mongolia,false,,867,CK3 00_landed_titles.txt
b_FIC_Mong_Zuunbuir,c_SW_zhongcheziguo,d_SW_heicheziguo,k_shiwei,e_andong,true,first_barony_in_county_block,867,CK3 00_landed_titles.txt
b_IDO_Bedulu,c_IDO_bali,d_IDO_bali,k_yavakadvipa,e_srivijaya,true,first_barony_in_county_block,867,CK3 00_landed_titles.txt
b_IDO_Bima,c_IDO_lombok_and_sumbawa,d_IDO_bali,k_yavakadvipa,e_srivijaya,true,first_barony_in_county_block,867,CK3 00_landed_titles.txt
b_IDO_Buleleng,c_IDO_bali,d_IDO_bali,k_yavakadvipa,e_srivijaya,false,,867,CK3 00_landed_titles.txt
b_IDO_Jembrana,c_IDO_bali,d_IDO_bali,k_yavakadvipa,e_srivijaya,false,,867,CK3 00_landed_titles.txt
b_IDO_Lombok,c_IDO_lombok_and_sumbawa,d_IDO_bali,k_yavakadvipa,e_srivijaya,false,,867,CK3 00_landed_titles.txt
b_IDO_Taliwang,c_IDO_lombok_and_sumbawa,d_IDO_bali,k_yavakadvipa,e_srivijaya,false,,867,CK3 00_landed_titles.txt
b_JAV_Anjukladang,c_JAV_janggala,d_JAV_mataram,k_yavakadvipa,e_srivijaya,false,,867,CK3 00_landed_titles.txt
b_JAV_Bagaluhan,c_JAV_mataram,d_JAV_mataram,k_yavakadvipa,e_srivijaya,false,,867,CK3 00_landed_titles.txt
b_JAV_Banten,c_JAV_sunda,d_JAV_taruma,k_yavakadvipa,e_srivijaya,false,,867,CK3 00_landed_titles.txt
b_JAV_Batujaya,c_JAV_cimanuk,d_JAV_taruma,k_yavakadvipa,e_srivijaya,false,,867,CK3 00_landed_titles.txt
b_JAV_Blambangan,c_JAV_lumajang,d_JAV_mataram,k_yavakadvipa,e_srivijaya,true,first_barony_in_county_block,867,CK3 00_landed_titles.txt
b_JAV_Bojang_Menje,c_JAV_cimanuk,d_JAV_taruma,k_yavakadvipa,e_srivijaya,false,,867,CK3 00_landed_titles.txt
b_JAV_Borobodur,c_JAV_mataram,d_JAV_mataram,k_yavakadvipa,e_srivijaya,false,,867,CK3 00_landed_titles.txt
b_JAV_Cicatih,c_JAV_sunda,d_JAV_taruma,k_yavakadvipa,e_srivijaya,false,,867,CK3 00_landed_titles.txt
b_JAV_Cimanuk,c_JAV_cimanuk,d_JAV_taruma,k_yavakadvipa,e_srivijaya,true,first_barony_in_county_block,867,CK3 00_landed_titles.txt
b_JAV_Cirebon,c_JAV_galuh,d_JAV_taruma,k_yavakadvipa,e_srivijaya,false,,867,CK3 00_landed_titles.txt
b_JAV_Daha,c_JAV_janggala,d_JAV_mataram,k_yavakadvipa,e_srivijaya,false,,867,CK3 00_landed_titles.txt
b_JAV_Dieng,c_JAV_kalingga,d_JAV_mataram,k_yavakadvipa,e_srivijaya,true,first_barony_in_county_block,867,CK3 00_landed_titles.txt
b_JAV_Hujung_Galuh,c_JAV_janggala,d_JAV_mataram,k_yavakadvipa,e_srivijaya,false,,867,CK3 00_landed_titles.txt
b_JAV_Kahuripan,c_JAV_janggala,d_JAV_mataram,k_yavakadvipa,e_srivijaya,true,first_barony_in_county_block,867,CK3 00_landed_titles.txt
b_JAV_Kambang_Putih,c_JAV_janggala,d_JAV_mataram,k_yavakadvipa,e_srivijaya,false,,867,CK3 00_landed_titles.txt
b_JAV_Kampak,c_JAV_mataram,d_JAV_mataram,k_yavakadvipa,e_srivijaya,false,,867,CK3 00_landed_titles.txt
b_JAV_Kangean,c_JAV_madura,d_IDO_bali,k_yavakadvipa,e_srivijaya,false,,867,CK3 00_landed_titles.txt
b_JAV_Kawali,c_JAV_galuh,d_JAV_taruma,k_yavakadvipa,e_srivijaya,true,first_barony_in_county_block,867,CK3 00_landed_titles.txt
b_JAV_Keling,c_JAV_kalingga,d_JAV_mataram,k_yavakadvipa,e_srivijaya,false,,867,CK3 00_landed_titles.txt
b_JAV_Kuwu,c_JAV_kalingga,d_JAV_mataram,k_yavakadvipa,e_srivijaya,false,,867,CK3 00_landed_titles.txt
b_JAV_Limbangan,c_JAV_galuh,d_JAV_taruma,k_yavakadvipa,e_srivijaya,false,,867,CK3 00_landed_titles.txt
b_JAV_Lwaram,c_JAV_kalingga,d_JAV_mataram,k_yavakadvipa,e_srivijaya,false,,867,CK3 00_landed_titles.txt
b_JAV_Mamrati,c_JAV_mataram,d_JAV_mataram,k_yavakadvipa,e_srivijaya,false,,867,CK3 00_landed_titles.txt
b_JAV_Mataram,c_JAV_mataram,d_JAV_mataram,k_yavakadvipa,e_srivijaya,true,first_barony_in_county_block,867,CK3 00_landed_titles.txt
b_JAV_Pakuan_Pajajaran,c_JAV_sunda,d_JAV_taruma,k_yavakadvipa,e_srivijaya,true,first_barony_in_county_block,867,CK3 00_landed_titles.txt
b_JAV_Pangandaran,c_JAV_galuh,d_JAV_taruma,k_yavakadvipa,e_srivijaya,false,,867,CK3 00_landed_titles.txt
b_JAV_Pasuruhan,c_JAV_lumajang,d_JAV_mataram,k_yavakadvipa,e_srivijaya,false,,867,CK3 00_landed_titles.txt
b_JAV_Poh_Pitu,c_JAV_kalingga,d_JAV_mataram,k_yavakadvipa,e_srivijaya,false,,867,CK3 00_landed_titles.txt
b_JAV_Purwokerto,c_JAV_galuh,d_JAV_taruma,k_yavakadvipa,e_srivijaya,false,,867,CK3 00_landed_titles.txt
b_JAV_Sampang,c_JAV_madura,d_IDO_bali,k_yavakadvipa,e_srivijaya,true,first_barony_in_county_block,867,CK3 00_landed_titles.txt
b_JAV_Situbondo,c_JAV_lumajang,d_JAV_mataram,k_yavakadvipa,e_srivijaya,false,,867,CK3 00_landed_titles.txt
b_JAV_Sumenep,c_JAV_madura,d_IDO_bali,k_yavakadvipa,e_srivijaya,false,,867,CK3 00_landed_titles.txt
b_JAV_Tamwlang,c_JAV_janggala,d_JAV_mataram,k_yavakadvipa,e_srivijaya,false,,867,CK3 00_landed_titles.txt
b_JAV_Tangaram,c_JAV_sunda,d_JAV_taruma,k_yavakadvipa,e_srivijaya,false,,867,CK3 00_landed_titles.txt
b_JAV_Tugu,c_JAV_sunda,d_JAV_taruma,k_yavakadvipa,e_srivijaya,false,,867,CK3 00_landed_titles.txt
b_JAV_Tumapel,c_JAV_lumajang,d_JAV_mataram,k_yavakadvipa,e_srivijaya,false,,867,CK3 00_landed_titles.txt
b_JAV_Ujung_Kulon,c_JAV_sunda,d_JAV_taruma,k_yavakadvipa,e_srivijaya,false,,867,CK3 00_landed_titles.txt
b_JAV_Wwatan,c_JAV_mataram,d_JAV_mataram,k_yavakadvipa,e_srivijaya,false,,867,CK3 00_landed_titles.txt
b_Jiqin_Hari,c_SW_jiqin_hari,d_SW_ruzheguo,k_shiwei,e_andong,true,first_barony_in_county_block,867,CK3 00_landed_titles.txt
b_KUDA_MON,c_irkutsk,d_tsagaanbaigal,k_buryatia,e_mongolia,false,,867,CK3 00_landed_titles.txt
b_Liao_Andefu,c_lnj_liaoxibei,d_liaoxi,k_raole,e_andong,false,,867,CK3 00_landed_titles.txt
b_Liao_Binzhou,c_BAL_changchun,d_BAL_buyeo,k_balhae,e_andong,false,,867,CK3 00_landed_titles.txt
b_Liao_Bozhou,c_BAL_yongcheon,d_BAL_parhae,k_balhae,e_andong,false,,867,CK3 00_landed_titles.txt
b_Liao_Changchun,c_LIAO_changchun,d_LIAO_shangjing,k_khitan,e_andong,true,first_barony_in_county_block,867,CK3 00_landed_titles.txt
b_Liao_Changchun2,c_BAL_changchun,d_BAL_buyeo,k_balhae,e_andong,true,first_barony_in_county_block,867,CK3 00_landed_titles.txt
b_Liao_Changling,c_BAL_east_jangryeong,d_BAL_amnok_jangryeong,k_balhae,e_andong,true,first_barony_in_county_block,867,CK3 00_landed_titles.txt
b_Liao_Chaoyang,c_LIAO_chaoyang,d_liaoxi,k_raole,e_andong,true,first_barony_in_county_block,867,CK3 00_landed_titles.txt
b_Liao_Chengzhou,c_LIAO_chaoyang,d_liaoxi,k_raole,e_andong,false,,867,CK3 00_landed_titles.txt
b_Liao_Chuanzhou,c_LIAO_chaoyang,d_liaoxi,k_raole,e_andong,false,,867,CK3 00_landed_titles.txt
b_Liao_Chunzhou,c_LIAO_ningzhou,d_LIAO_shangjing,k_khitan,e_andong,false,,867,CK3 00_landed_titles.txt
b_Liao_Dading,c_LIAO_dading,d_LIAO_zhongjing,k_raole,e_andong,true,first_barony_in_county_block,867,CK3 00_landed_titles.txt
b_Liao_Dandong,c_LIAO_diezhou,d_LIAO_dongjing,e_andong,,false,,867,CK3 00_landed_titles.txt
b_Liao_Delizhen,c_BAL_delizhen,d_BAL_cheolli,k_luzhen,e_andong,true,first_barony_in_county_block,867,CK3 00_landed_titles.txt
b_Liao_Diezhou,c_LIAO_diezhou,d_LIAO_dongjing,e_andong,,true,first_barony_in_county_block,867,CK3 00_landed_titles.txt
b_Liao_Dongjing,c_BAL_southyongwon,d_BAL_southern_balhae,k_balhae,e_andong,true,first_barony_in_county_block,867,CK3 00_landed_titles.txt
b_Liao_Enzhou,c_LIAO_dading,d_LIAO_zhongjing,k_raole,e_andong,false,,867,CK3 00_landed_titles.txt
b_Liao_Fengcheng,c_LIAO_guidezhou,d_LIAO_dongjing,e_andong,,false,,867,CK3 00_landed_titles.txt
b_Liao_Fengzhou,c_liao_fengzhou,d_LIAO_zhongjing,k_raole,e_andong,true,first_barony_in_county_block,867,CK3 00_landed_titles.txt
b_Liao_Fengzhou2,c_LIAO_ningzhou,d_LIAO_shangjing,k_khitan,e_andong,false,,867,CK3 00_landed_titles.txt
b_Liao_Fengzhou3,c_BAL_yizhou,d_BAL_buyeo,k_balhae,e_andong,false,,867,CK3 00_landed_titles.txt
b_Liao_Fengzhou4,c_BAL_fengzhou,d_BAL_southern_balhae,k_balhae,e_andong,true,first_barony_in_county_block,867,CK3 00_landed_titles.txt
b_Liao_Fuping,c_LIAO_zhenzhou,d_LIAO_dongjing,e_andong,,false,,867,CK3 00_landed_titles.txt
b_Liao_Fusong,c_BAL_east_amnok,d_BAL_amnok_jangryeong,k_balhae,e_andong,false,,867,CK3 00_landed_titles.txt
b_Liao_Fuzhou,c_LIAO_wuzhou,d_LIAO_shangjing,k_khitan,e_andong,false,,867,CK3 00_landed_titles.txt
b_Liao_Fuzhou2,c_BAL_fuzhou,d_BAL_buyeo,k_balhae,e_andong,true,first_barony_in_county_block,867,CK3 00_landed_titles.txt
b_Liao_Gaozhou,c_woye,d_LIAO_zhongjing,k_raole,e_andong,false,,867,CK3 00_landed_titles.txt
b_Liao_Gaozhou2,c_BAL_makhil,d_BAL_moe_su,k_balhae,e_andong,false,,867,CK3 00_landed_titles.txt
b_Liao_Guangzhou,c_LIAO_yinzhou,d_LIAO_dongjing,e_andong,,false,,867,CK3 00_landed_titles.txt
b_Liao_Guidezhou,c_LIAO_guidezhou,d_LIAO_dongjing,e_andong,,true,first_barony_in_county_block,867,CK3 00_landed_titles.txt
b_Liao_Haibeizhou,c_LIAO_xianzhou,d_liaoxi,k_raole,e_andong,false,,867,CK3 00_landed_titles.txt
b_Liao_Haizhou,c_LIAO_shenyang,d_LIAO_dongjing,e_andong,,false,,867,CK3 00_landed_titles.txt
b_Liao_Helan,c_BAL_southyongwon,d_BAL_southern_balhae,k_balhae,e_andong,false,,867,CK3 00_landed_titles.txt
b_Liao_Hezhou,c_BAL_west_jangryeong,d_BAL_amnok_jangryeong,k_balhae,e_andong,true,first_barony_in_county_block,867,CK3 00_landed_titles.txt
b_Liao_Huaizhou,c_LIAO_linhuang,d_LIAO_linhuang,k_khitan,e_andong,false,,867,CK3 00_landed_titles.txt
b_Liao_Huanzhou,c_BAL_west_amnok,d_BAL_amnok_jangryeong,k_balhae,e_andong,false,,867,CK3 00_landed_titles.txt
b_Liao_Jiangshengzhou,c_LIAO_longhuazhou,d_LIAO_linhuang,k_khitan,e_andong,false,,867,CK3 00_landed_titles.txt
b_Liao_Jianzhou,c_woye,d_LIAO_zhongjing,k_raole,e_andong,false,,867,CK3 00_landed_titles.txt
b_Liao_Jianzhou2,c_BAL_solbin,d_BAL_yeojintang,k_luzhen,e_andong,false,,867,CK3 00_landed_titles.txt
b_Liao_Jinzhou,c_LIAO_jinzhou,d_liaoxi,k_raole,e_andong,false,,867,CK3 00_landed_titles.txt
b_Liao_Jizhou,c_BAL_yizhou,d_BAL_buyeo,k_balhae,e_andong,false,,867,CK3 00_landed_titles.txt
b_Liao_Kaizhou,c_LIAO_diezhou,d_LIAO_dongjing,e_andong,,false,,867,CK3 00_landed_titles.txt
b_Liao_Kuandianzi,c_BAL_west_amnok,d_BAL_amnok_jangryeong,k_balhae,e_andong,false,,867,CK3 00_landed_titles.txt
b_Liao_Liaoyang,c_LIAO_shenyang,d_LIAO_dongjing,e_andong,,false,,867,CK3 00_landed_titles.txt
b_Liao_Liaozhou,c_LIAO_liaozhou,d_liaoxi,k_raole,e_andong,true,first_barony_in_county_block,867,CK3 00_landed_titles.txt
b_Liao_Linhuang,c_LIAO_linhuang,d_LIAO_linhuang,k_khitan,e_andong,true,first_barony_in_county_block,867,CK3 00_landed_titles.txt
b_Liao_Liping,c_lnj_liaoxibei,d_liaoxi,k_raole,e_andong,false,,867,CK3 00_landed_titles.txt
b_Liao_Longhuazhou,c_LIAO_longhuazhou,d_LIAO_linhuang,k_khitan,e_andong,true,first_barony_in_county_block,867,CK3 00_landed_titles.txt
b_Liao_Lungyuanfu,c_BAL_northyongwon,d_BAL_southern_balhae,k_balhae,e_andong,true,first_barony_in_county_block,867,CK3 00_landed_titles.txt
b_Liao_Luzhou,c_BAL_east_hyeondeok,d_BAL_parhae,k_balhae,e_andong,false,,867,CK3 00_landed_titles.txt
b_Liao_Luzhou2,c_BAL_east_amnok,d_BAL_amnok_jangryeong,k_balhae,e_andong,false,,867,CK3 00_landed_titles.txt
b_Liao_Mozhou,c_BAL_makhil,d_BAL_moe_su,k_balhae,e_andong,true,first_barony_in_county_block,867,CK3 00_landed_titles.txt
b_Liao_Nanjing,c_BAL_namhae,d_BAL_southern_balhae,k_balhae,e_andong,true,first_barony_in_county_block,867,CK3 00_landed_titles.txt
b_Liao_Ningjiang,c_BAL_west_makhil,d_BAL_moe_su,k_balhae,e_andong,true,first_barony_in_county_block,867,CK3 00_landed_titles.txt
b_Liao_Ningzhou,c_LIAO_ningzhou,d_LIAO_shangjing,k_khitan,e_andong,true,first_barony_in_county_block,867,CK3 00_landed_titles.txt
b_Liao_Qianzhou,c_LIAO_xianzhou,d_liaoxi,k_raole,e_andong,false,,867,CK3 00_landed_titles.txt
b_Liao_Qianzhou2,c_LIAO_chaoyang,d_liaoxi,k_raole,e_andong,false,,867,CK3 00_landed_titles.txt
b_Liao_Qingzhou,c_LIAO_raozhou,d_LIAO_linhuang,k_khitan,e_andong,false,,867,CK3 00_landed_titles.txt
b_Liao_Qizhou,c_LIAO_yinzhou,d_LIAO_dongjing,e_andong,,false,,867,CK3 00_landed_titles.txt
b_Liao_Raozhou,c_LIAO_raozhou,d_LIAO_linhuang,k_khitan,e_andong,true,first_barony_in_county_block,867,CK3 00_landed_titles.txt
b_Liao_Shangjing,c_BAL_yongcheon,d_BAL_parhae,k_balhae,e_andong,true,first_barony_in_county_block,867,CK3 00_landed_titles.txt
b_Liao_Shenyang,c_LIAO_shenyang,d_LIAO_dongjing,e_andong,,true,first_barony_in_county_block,867,CK3 00_landed_titles.txt
b_Liao_Shuangzhou,c_LIAO_liaozhou,d_liaoxi,k_raole,e_andong,false,,867,CK3 00_landed_titles.txt
b_Liao_Songshanzhou,c_LIAO_dading,d_LIAO_zhongjing,k_raole,e_andong,false,,867,CK3 00_landed_titles.txt
b_Liao_Songzhanzhou,c_LIAO_linhuang,d_LIAO_linhuang,k_khitan,e_andong,false,,867,CK3 00_landed_titles.txt
b_Liao_Suizhou,c_LIAO_liaozhou,d_liaoxi,k_raole,e_andong,false,,867,CK3 00_landed_titles.txt
b_Liao_Suning,c_LIAO_zhenzhou,d_LIAO_dongjing,e_andong,,false,,867,CK3 00_landed_titles.txt
b_Liao_Sushen,c_BAL_dongju,d_BAL_parhae,k_balhae,e_andong,false,,867,CK3 00_landed_titles.txt
b_Liao_Suzhou,c_BAL_fuzhou,d_BAL_buyeo,k_balhae,e_andong,false,,867,CK3 00_landed_titles.txt
b_Liao_Suzhou2,c_BAL_sokju,d_BAL_moe_su,k_balhae,e_andong,true,first_barony_in_county_block,867,CK3 00_landed_titles.txt
b_Liao_Tangzhou,c_LIAO_shenyang,d_LIAO_dongjing,e_andong,,false,,867,CK3 00_landed_titles.txt
b_Liao_Tangzhou2,c_BAL_west_hyeondeok,d_BAL_parhae,k_balhae,e_andong,false,,867,CK3 00_landed_titles.txt
b_Liao_Taonan,c_LIAO_ningzhou,d_LIAO_shangjing,k_khitan,e_andong,false,,867,CK3 00_landed_titles.txt
b_Liao_Tianqing,c_BAL_namhae,d_BAL_southern_balhae,k_balhae,e_andong,false,,867,CK3 00_landed_titles.txt
b_Liao_Tonghua,c_BAL_fuzhou,d_BAL_buyeo,k_balhae,e_andong,false,,867,CK3 00_landed_titles.txt
b_Liao_Tongzhou,c_LIAO_diezhou,d_LIAO_dongjing,e_andong,,false,,867,CK3 00_landed_titles.txt
b_Liao_Tongzhou2,c_BAL_dongju,d_BAL_parhae,k_balhae,e_andong,true,first_barony_in_county_block,867,CK3 00_landed_titles.txt
b_Liao_Wanhaifu,c_BAL_southyongwon,d_BAL_southern_balhae,k_balhae,e_andong,false,,867,CK3 00_landed_titles.txt
b_Liao_Weizhou,c_BAL_changchun,d_BAL_buyeo,k_balhae,e_andong,false,,867,CK3 00_landed_titles.txt
b_Liao_Weizhou2,c_LIAO_wuzhou,d_LIAO_shangjing,k_khitan,e_andong,false,,867,CK3 00_landed_titles.txt
b_Liao_Wuanzhou,c_woye,d_LIAO_zhongjing,k_raole,e_andong,true,first_barony_in_county_block,867,CK3 00_landed_titles.txt
b_Liao_Wuzhou,c_SW_hongxingan,d_SW_heicheziguo,k_shiwei,e_andong,true,first_barony_in_county_block,867,CK3 00_landed_titles.txt
b_Liao_Wuzhou2,c_LIAO_wuzhou,d_LIAO_shangjing,k_khitan,e_andong,true,first_barony_in_county_block,867,CK3 00_landed_titles.txt
b_Liao_Xiangzhou,c_BAL_changchun,d_BAL_buyeo,k_balhae,e_andong,false,,867,CK3 00_landed_titles.txt
b_Liao_Xianzhou,c_LIAO_xianzhou,d_liaoxi,k_raole,e_andong,true,first_barony_in_county_block,867,CK3 00_landed_titles.txt
b_Liao_Xianzhou2,c_BAL_fuzhou,d_BAL_buyeo,k_balhae,e_andong,false,,867,CK3 00_landed_titles.txt
b_Liao_Xijing,c_BAL_east_amnok,d_BAL_amnok_jangryeong,k_balhae,e_andong,true,first_barony_in_county_block,867,CK3 00_landed_titles.txt
b_Liao_Xingzhou,c_BAL_east_hyeondeok,d_BAL_parhae,k_balhae,e_andong,false,,867,CK3 00_landed_titles.txt
b_Liao_Xinzhou,c_BAL_xinzhou,d_BAL_buyeo,k_balhae,e_andong,true,first_barony_in_county_block,867,CK3 00_landed_titles.txt
b_Liao_Xiyuan,c_LIAO_guidezhou,d_LIAO_dongjing,e_andong,,false,,867,CK3 00_landed_titles.txt
b_Liao_Xizhou,c_LIAO_jinzhou,d_liaoxi,k_raole,e_andong,false,,867,CK3 00_landed_titles.txt
b_Liao_Yaozhou,c_LIAO_shenyang,d_LIAO_dongjing,e_andong,,false,,867,CK3 00_landed_titles.txt
b_Liao_Yikunzhou,c_liao_fengzhou,d_LIAO_zhongjing,k_raole,e_andong,false,,867,CK3 00_landed_titles.txt
b_Liao_Yingzhou,c_BAL_yeongju,d_BAL_parhae,k_balhae,e_andong,true,first_barony_in_county_block,867,CK3 00_landed_titles.txt
b_Liao_Yinzhou,c_LIAO_yinzhou,d_LIAO_dongjing,e_andong,,true,first_barony_in_county_block,867,CK3 00_landed_titles.txt
b_Liao_Yizhou,c_BAL_yizhou,d_BAL_buyeo,k_balhae,e_andong,true,first_barony_in_county_block,867,CK3 00_landed_titles.txt
b_Liao_Yizhou2,c_LIAO_wuzhou,d_LIAO_shangjing,k_khitan,e_andong,false,,867,CK3 00_landed_titles.txt
b_Liao_Yizhou3,c_LIAO_jinzhou,d_liaoxi,k_raole,e_andong,true,first_barony_in_county_block,867,CK3 00_landed_titles.txt
b_Liao_Yongji,c_BAL_sokju,d_BAL_moe_su,k_balhae,e_andong,false,,867,CK3 00_landed_titles.txt
b_Liao_Yuanzhou,c_LIAO_wuzhou,d_LIAO_shangjing,k_khitan,e_andong,false,,867,CK3 00_landed_titles.txt
b_Liao_Yungzhou,c_LIAO_linhuang,d_LIAO_linhuang,k_khitan,e_andong,false,,867,CK3 00_landed_titles.txt
b_Liao_Zhengzhou,c_BAL_west_amnok,d_BAL_amnok_jangryeong,k_balhae,e_andong,true,first_barony_in_county_block,867,CK3 00_landed_titles.txt
b_Liao_Zhenzhou,c_LIAO_zhenzhou,d_LIAO_dongjing,e_andong,,true,first_barony_in_county_block,867,CK3 00_landed_titles.txt
b_Liao_Zhongjing,c_BAL_west_hyeondeok,d_BAL_parhae,k_balhae,e_andong,true,first_barony_in_county_block,867,CK3 00_landed_titles.txt
b_Liao_Zuzhou,c_LIAO_linhuang,d_LIAO_linhuang,k_khitan,e_andong,false,,867,CK3 00_landed_titles.txt
b_MAL_Beruas,c_MAL_gangganegara,d_MAL_pahang,k_hujung_medini,e_srivijaya,true,first_barony_in_county_block,867,CK3 00_landed_titles.txt
b_MAL_Bujang,c_MAL_kedah,d_MAL_langkasuka,k_hujung_medini,e_srivijaya,false,,867,CK3 00_landed_titles.txt
b_MAL_Bukit_Batu_Pahat,c_MAL_kedah,d_MAL_langkasuka,k_hujung_medini,e_srivijaya,false,,867,CK3 00_landed_titles.txt
b_MAL_Dungun,c_MAL_kelantan,d_MAL_langkasuka,k_hujung_medini,e_srivijaya,false,,867,CK3 00_landed_titles.txt
b_MAL_Endau,c_MAL_gelanggi,d_MAL_pahang,k_hujung_medini,e_srivijaya,false,,867,CK3 00_landed_titles.txt
b_MAL_Gelanggi,c_MAL_gelanggi,d_MAL_pahang,k_hujung_medini,e_srivijaya,true,first_barony_in_county_block,867,CK3 00_landed_titles.txt
b_MAL_Inderapura,c_MAL_pahang,d_MAL_pahang,k_hujung_medini,e_srivijaya,false,,867,CK3 00_landed_titles.txt
b_MAL_Johor,c_MAL_johor,d_MAL_pahang,k_hujung_medini,e_srivijaya,false,,867,CK3 00_landed_titles.txt
b_MAL_Kedah,c_MAL_kedah,d_MAL_langkasuka,k_hujung_medini,e_srivijaya,true,first_barony_in_county_block,867,CK3 00_landed_titles.txt
b_MAL_Kelang,c_MAL_gangganegara,d_MAL_pahang,k_hujung_medini,e_srivijaya,false,,867,CK3 00_landed_titles.txt
b_MAL_Kelantan,c_MAL_kelantan,d_MAL_langkasuka,k_hujung_medini,e_srivijaya,true,first_barony_in_county_block,867,CK3 00_landed_titles.txt
b_MAL_Kiuli,c_MAL_pahang,d_MAL_pahang,k_hujung_medini,e_srivijaya,false,,867,CK3 00_landed_titles.txt
b_MAL_Kundur,c_MAL_gelanggi,d_MAL_pahang,k_hujung_medini,e_srivijaya,false,,867,CK3 00_landed_titles.txt
b_MAL_Menara,c_MAL_patani,d_MAL_langkasuka,k_hujung_medini,e_srivijaya,false,,867,CK3 00_landed_titles.txt
b_MAL_Muar,c_MAL_gelanggi,d_MAL_pahang,k_hujung_medini,e_srivijaya,false,,867,CK3 00_landed_titles.txt
b_MAL_Patani,c_MAL_patani,d_MAL_langkasuka,k_hujung_medini,e_srivijaya,true,first_barony_in_county_block,867,CK3 00_landed_titles.txt
b_MAL_Pekan,c_MAL_pahang,d_MAL_pahang,k_hujung_medini,e_srivijaya,true,first_barony_in_county_block,867,CK3 00_landed_titles.txt
b_MAL_Penawar,c_MAL_johor,d_MAL_pahang,k_hujung_medini,e_srivijaya,false,,867,CK3 00_landed_titles.txt
b_MAL_Saiburi,c_MAL_patani,d_MAL_langkasuka,k_hujung_medini,e_srivijaya,false,,867,CK3 00_landed_titles.txt
b_MAL_Saimwang,c_MAL_pahang,d_MAL_pahang,k_hujung_medini,e_srivijaya,false,,867,CK3 00_landed_titles.txt
b_MAL_Segamat,c_MAL_semantan,d_MAL_pahang,k_hujung_medini,e_srivijaya,false,,867,CK3 00_landed_titles.txt
b_MAL_Semantan,c_MAL_semantan,d_MAL_pahang,k_hujung_medini,e_srivijaya,true,first_barony_in_county_block,867,CK3 00_landed_titles.txt
b_MAL_Sungei_Ujong,c_MAL_gangganegara,d_MAL_pahang,k_hujung_medini,e_srivijaya,false,,867,CK3 00_landed_titles.txt
b_MAL_Terang,c_MAL_kedah,d_MAL_langkasuka,k_hujung_medini,e_srivijaya,false,,867,CK3 00_landed_titles.txt
b_MAL_Tinggano,c_MAL_kelantan,d_MAL_langkasuka,k_hujung_medini,e_srivijaya,false,,867,CK3 00_landed_titles.txt
b_MAL_Tumasik,c_MAL_johor,d_MAL_pahang,k_hujung_medini,e_srivijaya,true,first_barony_in_county_block,867,CK3 00_landed_titles.txt
b_Mong_Jiangbian,c_EM_jiangbian,d_EM_onon,k_otuken,e_mongolia,true,first_barony_in_county_block,867,CK3 00_landed_titles.txt
b_Mong_Pibeihe,c_SW_pibeihe,d_SW_dashiweiguo,k_shiwei,e_andong,true,first_barony_in_county_block,867,CK3 00_landed_titles.txt
b_SUM_Andalas,c_SUM_bengkulu,d_SUM_minangkabau,k_malayadvipa,e_srivijaya,false,,867,CK3 00_landed_titles.txt
b_SUM_Aru,c_SUM_perlak,d_SUM_aceh,k_malayadvipa,e_srivijaya,false,,867,CK3 00_landed_titles.txt
b_SUM_Bahal,c_SUM_panai,d_SUM_aceh,k_malayadvipa,e_srivijaya,false,,867,CK3 00_landed_titles.txt
b_SUM_Bangka,c_SUM_bangka-belitung,d_SUM_palembang,k_malayadvipa,e_srivijaya,false,,867,CK3 00_landed_titles.txt
b_SUM_Barat,c_SUM_lambri,d_SUM_aceh,k_malayadvipa,e_srivijaya,false,,867,CK3 00_landed_titles.txt
b_SUM_Baros,c_SUM_palembang,d_SUM_palembang,k_malayadvipa,e_srivijaya,false,,867,CK3 00_landed_titles.txt
b_SUM_Barus,c_SUM_barus,d_SUM_aceh,k_malayadvipa,e_srivijaya,true,first_barony_in_county_block,867,CK3 00_landed_titles.txt
b_SUM_Batan,c_SUM_minangkabau,d_SUM_minangkabau,k_malayadvipa,e_srivijaya,false,,867,CK3 00_landed_titles.txt
b_SUM_Batu_Betil,c_SUM_lampung,d_SUM_palembang,k_malayadvipa,e_srivijaya,false,,867,CK3 00_landed_titles.txt
b_SUM_Batu_Brak,c_SUM_pasemah,d_SUM_palembang,k_malayadvipa,e_srivijaya,true,first_barony_in_county_block,867,CK3 00_landed_titles.txt
b_SUM_Belitung,c_SUM_bangka-belitung,d_SUM_palembang,k_malayadvipa,e_srivijaya,false,,867,CK3 00_landed_titles.txt
b_SUM_Bengkalis,c_SUM_rokan,d_SUM_riau,k_malayadvipa,e_srivijaya,false,,867,CK3 00_landed_titles.txt
b_SUM_Bengkulu,c_SUM_bengkulu,d_SUM_minangkabau,k_malayadvipa,e_srivijaya,true,first_barony_in_county_block,867,CK3 00_landed_titles.txt
b_SUM_Boron,c_SUM_kampar,d_SUM_riau,k_malayadvipa,e_srivijaya,false,,867,CK3 00_landed_titles.txt
b_SUM_Calang,c_SUM_barus,d_SUM_aceh,k_malayadvipa,e_srivijaya,false,,867,CK3 00_landed_titles.txt
b_SUM_Dharmasraya,c_SUM_dharmasraya,d_SUM_jambi,k_malayadvipa,e_srivijaya,true,first_barony_in_county_block,867,CK3 00_landed_titles.txt
b_SUM_FIC_Rawatimur,c_SUM_east_sumatra,d_SUM_palembang,k_malayadvipa,e_srivijaya,false,,867,CK3 00_landed_titles.txt
b_SUM_Gudahiri,c_SUM_dharmasraya,d_SUM_jambi,k_malayadvipa,e_srivijaya,false,,867,CK3 00_landed_titles.txt
b_SUM_Inderajati,c_SUM_riak_nan_berbedur,d_SUM_minangkabau,k_malayadvipa,e_srivijaya,true,first_barony_in_county_block,867,CK3 00_landed_titles.txt
b_SUM_Indragiri,c_SUM_indragiri,d_SUM_jambi,k_malayadvipa,e_srivijaya,true,first_barony_in_county_block,867,CK3 00_landed_titles.txt
b_SUM_Jambi,c_SUM_jambi,d_SUM_jambi,k_malayadvipa,e_srivijaya,true,first_barony_in_county_block,867,CK3 00_landed_titles.txt
b_SUM_Jamongas,c_SUM_jambi,d_SUM_jambi,k_malayadvipa,e_srivijaya,false,,867,CK3 00_landed_titles.txt
b_SUM_Kahwas,c_SUM_muara_takus,d_SUM_riau,k_malayadvipa,e_srivijaya,false,,867,CK3 00_landed_titles.txt
b_SUM_Kalowang,c_SUM_rokan,d_SUM_riau,k_malayadvipa,e_srivijaya,false,,867,CK3 00_landed_titles.txt
b_SUM_Kampar,c_SUM_kampar,d_SUM_riau,k_malayadvipa,e_srivijaya,true,first_barony_in_county_block,867,CK3 00_landed_titles.txt
b_SUM_Kampe,c_SUM_lingga,d_SUM_jambi,k_malayadvipa,e_srivijaya,false,,867,CK3 00_landed_titles.txt
b_SUM_Karang_Brahi,c_SUM_karang_brahi,d_SUM_jambi,k_malayadvipa,e_srivijaya,true,first_barony_in_county_block,867,CK3 00_landed_titles.txt
b_SUM_Karitang,c_SUM_indragiri,d_SUM_jambi,k_malayadvipa,e_srivijaya,false,,867,CK3 00_landed_titles.txt
b_SUM_Kemang,c_SUM_panai,d_SUM_aceh,k_malayadvipa,e_srivijaya,false,,867,CK3 00_landed_titles.txt
b_SUM_Kota_Kapur,c_SUM_bangka-belitung,d_SUM_palembang,k_malayadvipa,e_srivijaya,true,first_barony_in_county_block,867,CK3 00_landed_titles.txt
b_SUM_Kuala_Kuantan,c_SUM_dharmasraya,d_SUM_jambi,k_malayadvipa,e_srivijaya,false,,867,CK3 00_landed_titles.txt
b_SUM_Kuntu,c_SUM_muara_takus,d_SUM_riau,k_malayadvipa,e_srivijaya,false,,867,CK3 00_landed_titles.txt
b_SUM_Lahat,c_SUM_karang_brahi,d_SUM_jambi,k_malayadvipa,e_srivijaya,false,,867,CK3 00_landed_titles.txt
b_SUM_Lamuri,c_SUM_lambri,d_SUM_aceh,k_malayadvipa,e_srivijaya,true,first_barony_in_county_block,867,CK3 00_landed_titles.txt
b_SUM_Lingga,c_SUM_lingga,d_SUM_jambi,k_malayadvipa,e_srivijaya,true,first_barony_in_county_block,867,CK3 00_landed_titles.txt
b_SUM_Medan,c_SUM_perlak,d_SUM_aceh,k_malayadvipa,e_srivijaya,false,,867,CK3 00_landed_titles.txt
b_SUM_Menggala,c_SUM_lampung,d_SUM_palembang,k_malayadvipa,e_srivijaya,false,,867,CK3 00_landed_titles.txt
b_SUM_Mesuji,c_SUM_east_sumatra,d_SUM_palembang,k_malayadvipa,e_srivijaya,true,first_barony_in_county_block,867,CK3 00_landed_titles.txt
b_SUM_Minanga_Tamwan,c_SUM_palembang,d_SUM_palembang,k_malayadvipa,e_srivijaya,false,,867,CK3 00_landed_titles.txt
b_SUM_Muara_Takus,c_SUM_muara_takus,d_SUM_riau,k_malayadvipa,e_srivijaya,true,first_barony_in_county_block,867,CK3 00_landed_titles.txt
b_SUM_Muko_Muko,c_SUM_riak_nan_berbedur,d_SUM_minangkabau,k_malayadvipa,e_srivijaya,false,,867,CK3 00_landed_titles.txt
b_SUM_Musi,c_SUM_palembang,d_SUM_palembang,k_malayadvipa,e_srivijaya,false,,867,CK3 00_landed_titles.txt
b_SUM_Padang,c_SUM_minangkabau,d_SUM_minangkabau,k_malayadvipa,e_srivijaya,true,first_barony_in_county_block,867,CK3 00_landed_titles.txt
b_SUM_Pagaruyung,c_SUM_muara_takus,d_SUM_riau,k_malayadvipa,e_srivijaya,false,,867,CK3 00_landed_titles.txt
b_SUM_Palas_Pasemah,c_SUM_lampung,d_SUM_palembang,k_malayadvipa,e_srivijaya,false,,867,CK3 00_landed_titles.txt
b_SUM_Palembang,c_SUM_palembang,d_SUM_palembang,k_malayadvipa,e_srivijaya,true,first_barony_in_county_block,867,CK3 00_landed_titles.txt
b_SUM_Panai,c_SUM_panai,d_SUM_aceh,k_malayadvipa,e_srivijaya,true,first_barony_in_county_block,867,CK3 00_landed_titles.txt
b_SUM_Pasai,c_SUM_lambri,d_SUM_aceh,k_malayadvipa,e_srivijaya,false,,867,CK3 00_landed_titles.txt
b_SUM_Pedamaran,c_SUM_pasemah,d_SUM_palembang,k_malayadvipa,e_srivijaya,false,,867,CK3 00_landed_titles.txt
b_SUM_Pekanbaru,c_SUM_pekanbaru,d_SUM_riau,k_malayadvipa,e_srivijaya,true,first_barony_in_county_block,867,CK3 00_landed_titles.txt
b_SUM_Perlak,c_SUM_perlak,d_SUM_aceh,k_malayadvipa,e_srivijaya,true,first_barony_in_county_block,867,CK3 00_landed_titles.txt
b_SUM_Pugong,c_SUM_lampung,d_SUM_palembang,k_malayadvipa,e_srivijaya,false,,867,CK3 00_landed_titles.txt
b_SUM_Rengat,c_SUM_indragiri,d_SUM_jambi,k_malayadvipa,e_srivijaya,false,,867,CK3 00_landed_titles.txt
b_SUM_Rokan,c_SUM_rokan,d_SUM_riau,k_malayadvipa,e_srivijaya,true,first_barony_in_county_block,867,CK3 00_landed_titles.txt
b_SUM_Rokan_Hilir,c_SUM_pekanbaru,d_SUM_riau,k_malayadvipa,e_srivijaya,false,,867,CK3 00_landed_titles.txt
b_SUM_Salekar,c_SUM_palembang,d_SUM_palembang,k_malayadvipa,e_srivijaya,false,,867,CK3 00_landed_titles.txt
b_SUM_Samudra,c_SUM_lambri,d_SUM_aceh,k_malayadvipa,e_srivijaya,false,,867,CK3 00_landed_titles.txt
b_SUM_Selat_Panjang,c_SUM_meranti,d_SUM_riau,k_malayadvipa,e_srivijaya,false,,867,CK3 00_landed_titles.txt
b_SUM_Siak,c_SUM_kampar,d_SUM_riau,k_malayadvipa,e_srivijaya,false,,867,CK3 00_landed_titles.txt
b_SUM_Singkil,c_SUM_barus,d_SUM_aceh,k_malayadvipa,e_srivijaya,false,,867,CK3 00_landed_titles.txt
b_SUM_Suir,c_SUM_meranti,d_SUM_riau,k_malayadvipa,e_srivijaya,true,first_barony_in_county_block,867,CK3 00_landed_titles.txt
b_SUM_Tamiang,c_SUM_perlak,d_SUM_aceh,k_malayadvipa,e_srivijaya,false,,867,CK3 00_landed_titles.txt
b_SUM_Tanah_Abang,c_SUM_pasemah,d_SUM_palembang,k_malayadvipa,e_srivijaya,false,,867,CK3 00_landed_titles.txt
b_SUM_Tanjung,c_SUM_panai,d_SUM_aceh,k_malayadvipa,e_srivijaya,false,,867,CK3 00_landed_titles.txt
b_SUM_Tanjungpinang,c_SUM_lingga,d_SUM_jambi,k_malayadvipa,e_srivijaya,false,,867,CK3 00_landed_titles.txt
b_SUM_Teba,c_SUM_karang_brahi,d_SUM_jambi,k_malayadvipa,e_srivijaya,false,,867,CK3 00_landed_titles.txt
b_SUM_Tiku,c_SUM_minangkabau,d_SUM_minangkabau,k_malayadvipa,e_srivijaya,false,,867,CK3 00_landed_titles.txt
b_SUM_Tripa,c_SUM_barus,d_SUM_aceh,k_malayadvipa,e_srivijaya,false,,867,CK3 00_landed_titles.txt
b_SUM_Tulangbawang,c_SUM_lampung,d_SUM_palembang,k_malayadvipa,e_srivijaya,true,first_barony_in_county_block,867,CK3 00_landed_titles.txt
b_SUM_Tumbesi,c_SUM_jambi,d_SUM_jambi,k_malayadvipa,e_srivijaya,false,,867,CK3 00_landed_titles.txt
b_SUM_Tungkal,c_SUM_jambi,d_SUM_jambi,k_malayadvipa,e_srivijaya,false,,867,CK3 00_landed_titles.txt
b_SUM_Votabura,c_SUM_jambi,d_SUM_jambi,k_malayadvipa,e_srivijaya,false,,867,CK3 00_landed_titles.txt
b_THAI_Chaiya,c_THAI_takua_pa,d_MAL_langkasuka,k_hujung_medini,e_srivijaya,true,first_barony_in_county_block,867,CK3 00_landed_titles.txt
b_THAI_Gerbi,c_THAI_takua_pa,d_MAL_langkasuka,k_hujung_medini,e_srivijaya,false,,867,CK3 00_landed_titles.txt
b_THAI_Kanchanadit,c_THAI_tambralinga,d_MAL_langkasuka,k_hujung_medini,e_srivijaya,false,,867,CK3 00_landed_titles.txt
b_THAI_Ligor,c_THAI_tambralinga,d_MAL_langkasuka,k_hujung_medini,e_srivijaya,true,first_barony_in_county_block,867,CK3 00_landed_titles.txt
b_THAI_Mardelang,c_THAI_tambralinga,d_MAL_langkasuka,k_hujung_medini,e_srivijaya,false,,867,CK3 00_landed_titles.txt
b_THAI_Ranang,c_THAI_takua_pa,d_MAL_langkasuka,k_hujung_medini,e_srivijaya,false,,867,CK3 00_landed_titles.txt
b_THAI_Takua_Pa,c_THAI_takua_pa,d_MAL_langkasuka,k_hujung_medini,e_srivijaya,false,,867,CK3 00_landed_titles.txt
b_THAI_Trang,c_THAI_tambralinga,d_MAL_langkasuka,k_hujung_medini,e_srivijaya,false,,867,CK3 00_landed_titles.txt
b_aabenraa,c_slesvig,d_slesvig,k_denmark,e_scandinavia,false,,867,CK3 00_landed_titles.txt
b_aachen,c_aachen,d_julich,k_lotharingia,e_germany,true,first_barony_in_county_block,867,CK3 00_landed_titles.txt
b_aalborg,c_aalborg,d_jylland,k_denmark,e_scandinavia,true,first_barony_in_county_block,867,CK3 00_landed_titles.txt
b_aalkmar,c_westfriesland,d_holland,k_frisia,e_germany,false,,867,CK3 00_landed_titles.txt
b_aanaarjavri,c_inari,d_giemajohka,k_sapmi,e_scandinavia,true,first_barony_in_county_block,867,CK3 00_landed_titles.txt
b_aarak,c_nedenes,d_agder,k_norway,e_scandinavia,false,,867,CK3 00_landed_titles.txt
b_aarborte,c_bothin,d_halogaland,k_norway,e_scandinavia,false,,867,CK3 00_landed_titles.txt
b_aarhus,c_aarhus,d_jylland,k_denmark,e_scandinavia,true,first_barony_in_county_block,867,CK3 00_landed_titles.txt
b_aba,c_hamadan,d_hamadan,k_persia,e_persia,false,,867,CK3 00_landed_titles.txt
b_aba-qomi,c_qom,d_rayy,k_persia,e_persia,false,,867,CK3 00_landed_titles.txt
b_abada,c_istakhr,d_fars,k_persia,e_persia,false,,867,CK3 00_landed_titles.txt
b_abade-darabjerd,c_darabjerd,d_fars,k_persia,e_persia,false,,867,CK3 00_landed_titles.txt
b_abakaliki,c_idoma,d_igboland,k_igbo-benue,e_guinea,false,,867,CK3 00_landed_titles.txt
b_abakan,c_abakan,d_khakass_hollow,k_khakassia,e_mongolia,true,first_barony_in_county_block,867,CK3 00_landed_titles.txt
b_abarquh,c_shahre-babak,d_yazd,k_persia,e_persia,false,,867,CK3 00_landed_titles.txt
b_abasa,c_zaila,d_zaila,k_adal,e_abyssinia,false,,867,CK3 00_landed_titles.txt
b_abaskun,c_gurgan,d_gurgan,k_daylam,e_persia,false,,867,CK3 00_landed_titles.txt
b_abauj,c_abauj,d_ungvar,k_hungary,e_carpathia,true,first_barony_in_county_block,867,CK3 00_landed_titles.txt
b_abaya,c_dara,d_sharka,k_damot,e_abyssinia,false,,867,CK3 00_landed_titles.txt
b_abaza,c_uul_chors,d_shoria,k_khakassia,e_mongolia,true,first_barony_in_county_block,867,CK3 00_landed_titles.txt
b_abbadan,c_abbadan,d_khuzestan,k_persia,e_persia,true,first_barony_in_county_block,867,CK3 00_landed_titles.txt
b_abbay-agaw,c_berta,d_damot,k_damot,e_abyssinia,false,,867,CK3 00_landed_titles.txt
b_abbe,c_awssa,d_mora,k_adal,e_abyssinia,false,,867,CK3 00_landed_titles.txt
b_abbeville,c_boulogne,d_flanders,k_france,e_france,false,,867,CK3 00_landed_titles.txt
b_abeche,c_wadai,d_wadai,k_darfur,e_kanem_bornu,false,,867,CK3 00_landed_titles.txt
b_abenberg,c_nurnberg,d_east_franconia,k_east_francia,e_germany,false,,867,CK3 00_landed_titles.txt
b_abensberg,c_regensburg,d_bavaria,k_bavaria,e_germany,false,,867,CK3 00_landed_titles.txt
b_abeokuta,c_ibadan,d_ibadan,k_yorubaland,e_guinea,false,,867,CK3 00_landed_titles.txt
b_aberdeen,c_mearns,d_albany,k_scotland,e_britannia,true,first_barony_in_county_block,867,CK3 00_landed_titles.txt
b_aberfeldy,c_atholl,d_albany,k_scotland,e_britannia,false,,867,CK3 00_landed_titles.txt
b_aberystwyth,c_cardiganshire,d_gwynedd,k_wales,e_britannia,false,,867,CK3 00_landed_titles.txt
b_abhar,c_qazwin,d_daylam,k_daylam,e_persia,false,,867,CK3 00_landed_titles.txt
b_abingdon,c_berkshire,d_gloucester,k_england,e_britannia,false,,867,CK3 00_landed_titles.txt
b_abivard,c_abivard,d_nasa,k_khorasan,e_persia,true,first_barony_in_county_block,867,CK3 00_landed_titles.txt
b_abiz,c_zirkuh,d_herat,k_khorasan,e_persia,true,first_barony_in_county_block,867,CK3 00_landed_titles.txt
b_ablanque,c_molina,d_toledo,k_andalusia,e_spain,false,,867,CK3 00_landed_titles.txt
b_ablastha,c_ablastha,d_sebasteia,k_pontus,e_byzantium,true,first_barony_in_county_block,867,CK3 00_landed_titles.txt
b_abohar,c_dipalpur,d_lahore,k_punjab,e_rajastan,false,,867,CK3 00_landed_titles.txt
b_abomey,c_abomey,d_ibadan,k_yorubaland,e_guinea,true,first_barony_in_county_block,867,CK3 00_landed_titles.txt
b_abraj,c_istakhr,d_fars,k_persia,e_persia,false,,867,CK3 00_landed_titles.txt
b_abrantes,c_castelo_branco,d_coimbra,k_portugal,e_spain,false,,867,CK3 00_landed_titles.txt
b_abrudbanya,c_feher,d_transylvania,k_hungary,e_carpathia,false,,867,CK3 00_landed_titles.txt
b_abtaa,c_nihawand,d_hamadan,k_persia,e_persia,false,,867,CK3 00_landed_titles.txt
b_abu_geili,c_eleila,d_alwa,k_nubia,e_abyssinia,false,,867,CK3 00_landed_titles.txt
b_abu_ghalib,c_giza,d_cairo,k_egypt,e_arabia,false,,867,CK3 00_landed_titles.txt
b_abu_hammad,c_abu_hammad,d_shamir,k_nubia,e_abyssinia,true,first_barony_in_county_block,867,CK3 00_landed_titles.txt
b_abugan,c_abugan,d_kush-murun,k_qara_dala,e_tartaria,true,first_barony_in_county_block,867,CK3 00_landed_titles.txt
b_abydos,c_abydos,d_aegean_islands,k_thessalonika,e_byzantium,true,first_barony_in_county_block,867,CK3 00_landed_titles.txt
b_abyszkan,c_kainsk,d_lanikaz,k_sibir,e_siberia,false,,867,CK3 00_landed_titles.txt
b_acalapura,c_acalapura,d_vidharba,k_maharastra,e_deccan,true,first_barony_in_county_block,867,CK3 00_landed_titles.txt
b_accra,c_kwahu-akyem,d_ashanti,k_akan,e_guinea,false,,867,CK3 00_landed_titles.txt
b_acerenza,c_apulia,d_apulia,k_sicily,e_byzantium,false,,867,CK3 00_landed_titles.txt
b_achalgarh,c_godwad,d_maru,k_rajputana,e_rajastan,false,,867,CK3 00_landed_titles.txt
b_achaly,c_belebey,d_jalmat,k_volga_bulgaria,e_volga-ural,false,,867,CK3 00_landed_titles.txt
b_achichskaya,c_uraltau,d_uraltau,k_bashkiria,e_volga-ural,true,first_barony_in_county_block,867,CK3 00_landed_titles.txt
b_achit_nuur,c_harhiraa,d_khovd,k_naimania,e_mongolia,true,first_barony_in_county_block,867,CK3 00_landed_titles.txt
b_achu,c_achu,d_kokturgay,k_cuman,e_tartaria,true,first_barony_in_county_block,867,CK3 00_landed_titles.txt
b_achum,c_geba,d_kasa,k_kaabu,e_mali,true,first_barony_in_county_block,867,CK3 00_landed_titles.txt
b_acqui,c_monferrato,d_piedmonte,k_italy,e_italy,false,,867,CK3 00_landed_titles.txt
b_acre,c_acre,d_urdunn,k_jerusalem,e_arabia,true,first_barony_in_county_block,867,CK3 00_landed_titles.txt
b_ad-daliya,c_rahba,d_euphrates,k_jazira,e_persia,false,,867,CK3 00_landed_titles.txt
b_ad-dathina,c_subay,d_najd,k_arabia,e_arabia,true,first_barony_in_county_block,867,CK3 00_landed_titles.txt
b_adaboye,c_adanse,d_ashanti,k_akan,e_guinea,false,,867,CK3 00_landed_titles.txt
b_adachi,c_iwase,d_hitakami,k_hitakami,e_amur,true,first_barony_in_county_block,867,CK3 00_landed_titles.txt
b_adada,c_selge,d_anatolia,k_anatolia,e_byzantium,false,,867,CK3 00_landed_titles.txt
b_adafa,c_lasta,d_lasta,k_abyssinia,e_abyssinia,false,,867,CK3 00_landed_titles.txt
b_adal,c_dakkar,d_adal,k_adal,e_abyssinia,false,,867,CK3 00_landed_titles.txt
b_adana,c_cilicia,d_cilicia,k_anatolia,e_byzantium,false,,867,CK3 00_landed_titles.txt
b_adanse_manso,c_adanse,d_ashanti,k_akan,e_guinea,true,first_barony_in_county_block,867,CK3 00_landed_titles.txt
b_adavani,c_gutti,d_nulambavadi,k_karnata,e_deccan,false,,867,CK3 00_landed_titles.txt
b_addanki,c_nallamala,d_udayagiri,k_andhra,e_deccan,false,,867,CK3 00_landed_titles.txt
b_ademuz,c_teruel,d_valencia,k_valencia,e_spain,false,,867,CK3 00_landed_titles.txt
b_aden,c_mandab,d_taizz,k_yemen,e_arabia,false,,867,CK3 00_landed_titles.txt
b_adenau,c_koblenz,d_lower_lorraine,k_lotharingia,e_germany,false,,867,CK3 00_landed_titles.txt
b_ader,c_tahoua,d_gobir,k_hausaland,e_kanem_bornu,false,,867,CK3 00_landed_titles.txt
b_admont,c_knittelfeld,d_carinthia,k_bavaria,e_germany,false,,867,CK3 00_landed_titles.txt
b_adoni,c_adoni,d_nulambavadi,k_karnata,e_deccan,true,first_barony_in_county_block,867,CK3 00_landed_titles.txt
b_adragh,c_breifne,d_connacht,k_ireland,e_britannia,false,,867,CK3 00_landed_titles.txt
b_adramyttium,c_aeolis,d_ephese,k_nikaea,e_byzantium,false,,867,CK3 00_landed_titles.txt
b_adrar_iforas,c_tessalit,d_tadmekka,k_sahara,e_maghreb,false,,867,CK3 00_landed_titles.txt
b_adrar_timmi,c_touat,d_touat,k_anbiya,e_maghreb,true,first_barony_in_county_block,867,CK3 00_landed_titles.txt
b_adraskan,c_sabzevar,d_herat,k_khorasan,e_persia,false,,867,CK3 00_landed_titles.txt
b_adrassos,c_pamphylia,d_cibyrrhaeot,k_anatolia,e_byzantium,true,first_barony_in_county_block,867,CK3 00_landed_titles.txt
b_adria,c_polesine,d_verona,k_italy,e_italy,false,,867,CK3 00_landed_titles.txt
b_adrianopolis,c_adrianopolis,d_philippopolis,k_bulgaria,e_byzantium,true,first_barony_in_county_block,867,CK3 00_landed_titles.txt
b_adruh,c_maan,d_shammar,k_arabia,e_arabia,false,,867,CK3 00_landed_titles.txt
b_aezani,c_pacatiana,d_anatolia,k_anatolia,e_byzantium,true,first_barony_in_county_block,867,CK3 00_landed_titles.txt
b_afar,c_afar,d_danakil,k_adal,e_abyssinia,true,first_barony_in_county_block,867,CK3 00_landed_titles.txt
b_afera,c_danakil,d_danakil,k_adal,e_abyssinia,false,,867,CK3 00_landed_titles.txt
b_afgooye,c_mogadishu,d_mogadishu,k_ajuraan,e_azania,false,,867,CK3 00_landed_titles.txt
b_afram,c_afram,d_eweland,k_akan,e_guinea,false,,867,CK3 00_landed_titles.txt
b_afrasiyab,c_khojand,d_ferghana,k_transoxiana,e_turan,false,,867,CK3 00_landed_titles.txt
b_afshar,c_zanjan,d_daylam,k_daylam,e_persia,false,,867,CK3 00_landed_titles.txt
b_afza,c_tadla,d_marrakesh,k_maghreb,e_maghreb,false,,867,CK3 00_landed_titles.txt
b_agadez,c_air,d_air,k_sahara,e_maghreb,true,first_barony_in_county_block,867,CK3 00_landed_titles.txt
b_agadir,c_agadir,d_sous,k_maghreb,e_maghreb,true,first_barony_in_county_block,867,CK3 00_landed_titles.txt
b_agairik,c_agairik,d_akaltay,k_dzungaria,e_tartaria,true,first_barony_in_county_block,867,CK3 00_landed_titles.txt
b_agar,c_ujjayini,d_dadhipadra,k_malwa,e_rajastan,false,,867,CK3 00_landed_titles.txt
b_agaw_meder,c_agaw_meder,d_gojjam,k_abyssinia,e_abyssinia,true,first_barony_in_county_block,867,CK3 00_landed_titles.txt
b_agde,c_beziers,d_languedoc,k_aquitaine,e_france,false,,867,CK3 00_landed_titles.txt
b_agen,c_agenais,d_gascogne,k_aquitaine,e_france,true,first_barony_in_county_block,867,CK3 00_landed_titles.txt
b_agenais,c_agenais,d_gascogne,k_aquitaine,e_france,false,,867,CK3 00_landed_titles.txt
b_agharaf_road,c_wadan,d_adrar,k_anbiya,e_maghreb,false,,867,CK3 00_landed_titles.txt
b_aghata,c_medapata,d_medapata,k_rajputana,e_rajastan,true,first_barony_in_county_block,867,CK3 00_landed_titles.txt
b_aghmat,c_marrakesh,d_marrakesh,k_maghreb,e_maghreb,false,,867,CK3 00_landed_titles.txt
b_aghuz,c_asfi,d_marrakesh,k_maghreb,e_maghreb,false,,867,CK3 00_landed_titles.txt
b_agidel,c_yar-calli,d_volga_bulgaria,k_volga_bulgaria,e_volga-ural,false,,867,CK3 00_landed_titles.txt
b_agiosnikolaos,c_chandax,d_krete,k_krete,e_byzantium,false,,867,CK3 00_landed_titles.txt
b_agita,c_nushiro,d_nushiro,k_hitakami,e_amur,true,first_barony_in_county_block,867,CK3 00_landed_titles.txt
b_agmahl,c_gauda,d_gauda,k_bengal,e_bengal,false,,867,CK3 00_landed_titles.txt
b_agnone,c_lanciano,d_spoleto,k_romagna,e_italy,false,,867,CK3 00_landed_titles.txt
b_agra,c_mathura,d_mathura,k_delhi,e_rajastan,false,,867,CK3 00_landed_titles.txt
b_agrafa,c_metzovo,d_epirus,k_epirus,e_byzantium,false,,867,CK3 00_landed_titles.txt
b_agramunt,c_lleida,d_barcelona,k_aragon,e_spain,false,,867,CK3 00_landed_titles.txt
b_agranai,c_zela,d_armeniac,k_pontus,e_byzantium,false,,867,CK3 00_landed_titles.txt
b_agricento,c_agrigento,d_sicily,k_sicily,e_byzantium,false,,867,CK3 00_landed_titles.txt
b_aguilas,c_murcia,d_murcia,k_valencia,e_spain,false,,867,CK3 00_landed_titles.txt
b_agul,c_tagul,d_yenisei_kan,k_angara,e_mongolia,false,,867,CK3 00_landed_titles.txt
b_agypse,c_ak-dzulpas,d_aral_il,k_oghuz_il,e_turan,false,,867,CK3 00_landed_titles.txt
b_ahaggar,c_djanet,d_ghat,k_sahara,e_maghreb,false,,867,CK3 00_landed_titles.txt
b_ahanjaran,c_ghur,d_ghur,k_khorasan,e_persia,false,,867,CK3 00_landed_titles.txt
b_ahar,c_tabriz,d_azerbaijan,k_daylam,e_persia,false,,867,CK3 00_landed_titles.txt
b_aheim,c_munchen,d_bavaria,k_bavaria,e_germany,false,,867,CK3 00_landed_titles.txt
b_ahichatra,c_vodamayutja,d_vodamayutja,k_delhi,e_rajastan,false,,867,CK3 00_landed_titles.txt
b_ahlen,c_munster,d_westfalen,k_saxony,e_germany,false,,867,CK3 00_landed_titles.txt
b_ahmadnagar,c_trikuta,d_nasikya,k_maharastra,e_deccan,false,,867,CK3 00_landed_titles.txt
b_ahnas,c_bahnasa,d_al-said,k_egypt,e_arabia,false,,867,CK3 00_landed_titles.txt
b_ahobalam,c_cumbum,d_udayagiri,k_andhra,e_deccan,false,,867,CK3 00_landed_titles.txt
b_ahrensburg,c_hamburg,d_ostfalen,k_saxony,e_germany,false,,867,CK3 00_landed_titles.txt
b_ahvaz,c_ahvaz,d_khuzestan,k_persia,e_persia,true,first_barony_in_county_block,867,CK3 00_landed_titles.txt
b_ahwan,c_dathina,d_taizz,k_yemen,e_arabia,false,,867,CK3 00_landed_titles.txt
b_ahwene_koko,c_bonoso,d_brong,k_akan,e_guinea,true,first_barony_in_county_block,867,CK3 00_landed_titles.txt
b_aigialos,c_paphlagonia,d_paphlagonia,k_pontus,e_byzantium,false,,867,CK3 00_landed_titles.txt
b_aila,c_negev,d_oultrejourdain,k_jerusalem,e_arabia,false,,867,CK3 00_landed_titles.txt
b_ain_al-gharbi,c_siwa,d_alexandria,k_egypt,e_arabia,false,,867,CK3 00_landed_titles.txt
b_ain_al-qayyara,c_mosul,d_diyarrabia,k_jazira,e_persia,false,,867,CK3 00_landed_titles.txt
b_ain_at-tamr,c_safata,d_kufa,k_mesopotamia,e_persia,false,,867,CK3 00_landed_titles.txt
b_ain_farah,c_ayn_farah,d_west_darfur,k_darfur,e_kanem_bornu,true,first_barony_in_county_block,867,CK3 00_landed_titles.txt
b_ain_galakka,c_ain_galakka,d_tibesti,k_sahara,e_maghreb,true,first_barony_in_county_block,867,CK3 00_landed_titles.txt
b_ain_said,c_ubulla,d_basra,k_mesopotamia,e_persia,false,,867,CK3 00_landed_titles.txt
b_ainos,c_kalliopolis,d_thrace,k_thessalonika,e_byzantium,false,,867,CK3 00_landed_titles.txt
b_ainsa,c_sobrarbe,d_aragon,k_aragon,e_spain,true,first_barony_in_county_block,867,CK3 00_landed_titles.txt
b_ainsefra,c_figuig,d_tahert,k_tahert,e_maghreb,false,,867,CK3 00_landed_titles.txt
b_aintab,c_aintab,d_edessa,k_syria,e_arabia,true,first_barony_in_county_block,867,CK3 00_landed_titles.txt
b_aintekbalet,c_tlemcen,d_tlemcen,k_tahert,e_maghreb,false,,867,CK3 00_landed_titles.txt
b_ainun,c_al_aqabah,d_shammar,k_arabia,e_arabia,false,,867,CK3 00_landed_titles.txt
b_air,c_air,d_air,k_sahara,e_maghreb,false,,867,CK3 00_landed_titles.txt
b_air_route,c_takkeda,d_air,k_sahara,e_maghreb,false,,867,CK3 00_landed_titles.txt
b_airag,c_urgamal,d_zavkhan,k_naimania,e_mongolia,true,first_barony_in_county_block,867,CK3 00_landed_titles.txt
b_aire,c_lille,d_flanders,k_france,e_france,false,,867,CK3 00_landed_titles.txt
b_airkhan,c_baibalik,d_selenga_valley,k_otuken,e_mongolia,false,,867,CK3 00_landed_titles.txt
b_airyk,c_kos_uba,d_mugodzhar_hills,k_caspian_steppe,e_caspian-pontic_steppe,false,,867,CK3 00_landed_titles.txt
b_airyuk,c_airyuk,d_barsuki,k_oghuz_il,e_turan,true,first_barony_in_county_block,867,CK3 00_landed_titles.txt
b_aititab,c_tadla,d_marrakesh,k_maghreb,e_maghreb,false,,867,CK3 00_landed_titles.txt
b_aitiyat,c_marrakesh,d_marrakesh,k_maghreb,e_maghreb,false,,867,CK3 00_landed_titles.txt
b_aiwana,c_samarra,d_samarra,k_mesopotamia,e_persia,false,,867,CK3 00_landed_titles.txt
b_aix,c_provence,d_provence,k_burgundy,e_france,false,,867,CK3 00_landed_titles.txt
b_aizu,c_iwase,d_hitakami,k_hitakami,e_amur,false,,867,CK3 00_landed_titles.txt
b_aj_bogd,c_tseel,d_gobi_altai,k_naimania,e_mongolia,false,,867,CK3 00_landed_titles.txt
b_ajaccio,c_ajaccio,d_corsica,k_sardinia,e_italy,true,first_barony_in_county_block,867,CK3 00_landed_titles.txt
b_ajadabiya,c_syrte,d_syrte,k_africa,e_maghreb,false,,867,CK3 00_landed_titles.txt
b_ajaigarh,c_mahoba,d_jejakabhukti,k_kosala,e_rajastan,false,,867,CK3 00_landed_titles.txt
b_ajase_ipo,c_igbomina,d_oyo,k_yorubaland,e_guinea,true,first_barony_in_county_block,867,CK3 00_landed_titles.txt
b_ajayameru,c_ajayameru,d_ajmer,k_rajputana,e_rajastan,false,,867,CK3 00_landed_titles.txt
b_ajere,c_garumele,d_bornu,k_kanem,e_kanem_bornu,false,,867,CK3 00_landed_titles.txt
b_ajlu,c_arigh,d_mzab,k_tahert,e_maghreb,false,,867,CK3 00_landed_titles.txt
b_ajodhan,c_dipalpur,d_lahore,k_punjab,e_rajastan,false,,867,CK3 00_landed_titles.txt
b_ajutasty,c_togotai,d_saryarka,k_cuman,e_tartaria,false,,867,CK3 00_landed_titles.txt
b_ak-dzulpas,c_ak-dzulpas,d_aral_il,k_oghuz_il,e_turan,true,first_barony_in_county_block,867,CK3 00_landed_titles.txt
b_ak-taylak,c_ak-taylak,d_degelen,k_kipchak,e_tartaria,true,first_barony_in_county_block,867,CK3 00_landed_titles.txt
b_ak_altyg_khol,c_tapsa,d_togina,k_tuva,e_mongolia,false,,867,CK3 00_landed_titles.txt
b_ak_su,c_basagha,d_manatau,k_caspian_steppe,e_caspian-pontic_steppe,false,,867,CK3 00_landed_titles.txt
b_ak_tasty,c_jasky_kart,d_karabas,k_saryarka,e_tartaria,false,,867,CK3 00_landed_titles.txt
b_akasha,c_batn_al-hajar,d_nobatia,k_nubia,e_abyssinia,false,,867,CK3 00_landed_titles.txt
b_akcha-adyr,c_koi-bagar,d_kentarlau,k_kipchak,e_tartaria,false,,867,CK3 00_landed_titles.txt
b_akchim,c_kerken,d_ural,k_permia,e_volga-ural,false,,867,CK3 00_landed_titles.txt
b_akhaltsikhe,c_klarjeti,d_tao-klarjeti,k_georgia,e_byzantium,false,,867,CK3 00_landed_titles.txt
b_akhsikath,c_ferghana,d_ferghana,k_transoxiana,e_turan,true,first_barony_in_county_block,867,CK3 00_landed_titles.txt
b_akhsisak,c_kalif,d_soghd,k_transoxiana,e_turan,false,,867,CK3 00_landed_titles.txt
b_akhtamar,c_vaspurakan,d_vaspurakan,k_armenia,e_byzantium,false,,867,CK3 00_landed_titles.txt
b_akhtyr,c_hradyzk,d_pereyaslavl,k_ruthenia,e_russia,false,,867,CK3 00_landed_titles.txt
b_akik,c_bazin,d_bazin,k_blemmyia,e_abyssinia,false,,867,CK3 00_landed_titles.txt
b_akjeku,c_kulan_uynak,d_kentarlau,k_kipchak,e_tartaria,false,,867,CK3 00_landed_titles.txt
b_akjoujt,c_amatlus,d_adrar,k_anbiya,e_maghreb,false,,867,CK3 00_landed_titles.txt
b_akkel,c_akkel,d_giemajohka,k_sapmi,e_scandinavia,true,first_barony_in_county_block,867,CK3 00_landed_titles.txt
b_akkityk,c_akkityk,d_jemba,k_oghuz_il,e_turan,true,first_barony_in_county_block,867,CK3 00_landed_titles.txt
b_akkum,c_sutkend,d_chah,k_syr_darya,e_turan,false,,867,CK3 00_landed_titles.txt
b_akpafu,c_nanumba,d_eweland,k_akan,e_guinea,true,first_barony_in_county_block,867,CK3 00_landed_titles.txt
b_akrainos,c_lydia,d_thracesia,k_nikaea,e_byzantium,false,,867,CK3 00_landed_titles.txt
b_akrijit,c_tichitt,d_tagant,k_ghana,e_mali,false,,867,CK3 00_landed_titles.txt
b_akruresvara,c_navasarika,d_lata,k_gujarat,e_rajastan,true,first_barony_in_county_block,867,CK3 00_landed_titles.txt
b_aksay,c_sarkel,d_khazaria,k_caucasus,e_caspian-pontic_steppe,false,,867,CK3 00_landed_titles.txt
b_aksu_mongolia,c_aksu,d_kashgar,k_khotan,e_turan,true,first_barony_in_county_block,867,CK3 00_landed_titles.txt
b_aksum,c_tigre,d_aksum,k_abyssinia,e_abyssinia,true,first_barony_in_county_block,867,CK3 00_landed_titles.txt
b_aksuyek,c_aksuyek,d_zhetysu,k_zhetysu,e_tartaria,true,first_barony_in_county_block,867,CK3 00_landed_titles.txt
b_aktau,c_mangyshlak,d_transcaspiana,k_oghuz_il,e_turan,true,first_barony_in_county_block,867,CK3 00_landed_titles.txt
b_akto,c_kashgar,d_kashgar,k_khotan,e_turan,false,,867,CK3 00_landed_titles.txt
b_akumbu,c_mema,d_mema,k_ghana,e_mali,false,,867,CK3 00_landed_titles.txt
b_akzhar,c_kopathal,d_zhetysu,k_zhetysu,e_tartaria,false,,867,CK3 00_landed_titles.txt
b_al-abwab,c_abwab,d_makuria,k_nubia,e_abyssinia,true,first_barony_in_county_block,867,CK3 00_landed_titles.txt
b_al-aghwat,c_laghwat,d_mzab,k_tahert,e_maghreb,true,first_barony_in_county_block,867,CK3 00_landed_titles.txt
b_al-akhadid,c_akhadid,d_kufa,k_mesopotamia,e_persia,false,,867,CK3 00_landed_titles.txt
b_al-anbar,c_anbar,d_baghdad,k_mesopotamia,e_persia,true,first_barony_in_county_block,867,CK3 00_landed_titles.txt
b_al-aqra,c_tayma,d_shammar,k_arabia,e_arabia,false,,867,CK3 00_landed_titles.txt
b_al-arid,c_al-arid,d_yamama,k_arabia,e_arabia,true,first_barony_in_county_block,867,CK3 00_landed_titles.txt
b_al-arish,c_farama,d_sinai,k_egypt,e_arabia,false,,867,CK3 00_landed_titles.txt
b_al-asa,c_al-asa,d_mahra,k_yemen,e_arabia,true,first_barony_in_county_block,867,CK3 00_landed_titles.txt
b_al-awnid,c_wajh,d_medina,k_arabia,e_arabia,false,,867,CK3 00_landed_titles.txt
b_al-azraq,c_balqa,d_amman,k_arabia,e_arabia,false,,867,CK3 00_landed_titles.txt
b_al-bahnasa,c_bahnasa,d_al-said,k_egypt,e_arabia,true,first_barony_in_county_block,867,CK3 00_landed_titles.txt
b_al-bahriya,c_bahriya,d_al-wahat,k_egypt,e_arabia,true,first_barony_in_county_block,867,CK3 00_landed_titles.txt
b_al-barkat,c_ghat,d_ghat,k_sahara,e_maghreb,false,,867,CK3 00_landed_titles.txt
b_al-basra,c_gharb,d_fes,k_maghreb,e_maghreb,false,,867,CK3 00_landed_titles.txt
b_al-bawga,c_atbara,d_makuria,k_nubia,e_abyssinia,false,,867,CK3 00_landed_titles.txt
b_al-bira,c_edessa,d_edessa,k_syria,e_arabia,false,,867,CK3 00_landed_titles.txt
b_al-farafra,c_farafra,d_al-wahat,k_egypt,e_arabia,true,first_barony_in_county_block,867,CK3 00_landed_titles.txt
b_al-farasa,c_baghdad,d_baghdad,k_mesopotamia,e_persia,false,,867,CK3 00_landed_titles.txt
b_al-farut,c_rusafa,d_basra,k_mesopotamia,e_persia,false,,867,CK3 00_landed_titles.txt
b_al-fayyum,c_fayyum,d_cairo,k_egypt,e_arabia,true,first_barony_in_county_block,867,CK3 00_landed_titles.txt
b_al-fewet,c_ghat,d_ghat,k_sahara,e_maghreb,false,,867,CK3 00_landed_titles.txt
b_al-ghaba,c_awkar,d_wagadu,k_ghana,e_mali,true,first_barony_in_county_block,867,CK3 00_landed_titles.txt
b_al-ghazali,c_abwab,d_makuria,k_nubia,e_abyssinia,false,,867,CK3 00_landed_titles.txt
b_al-haddar,c_falaj,d_yamama,k_arabia,e_arabia,false,,867,CK3 00_landed_titles.txt
b_al-haditha,c_irbil,d_kurdistan,k_jazira,e_persia,false,,867,CK3 00_landed_titles.txt
b_al-haditha-furat,c_al-haditha,d_euphrates,k_jazira,e_persia,true,first_barony_in_county_block,867,CK3 00_landed_titles.txt
b_al-hadr,c_mosul,d_diyarrabia,k_jazira,e_persia,false,,867,CK3 00_landed_titles.txt
b_al-hajar,c_al-hasa,d_al-hasa,k_arabia,e_arabia,false,,867,CK3 00_landed_titles.txt
b_al-hajar_nubia,c_abu_hammad,d_shamir,k_nubia,e_abyssinia,false,,867,CK3 00_landed_titles.txt
b_al-hamam,c_alexandria,d_alexandria,k_egypt,e_arabia,false,,867,CK3 00_landed_titles.txt
b_al-harra,c_bahriya,d_al-wahat,k_egypt,e_arabia,false,,867,CK3 00_landed_titles.txt
b_al-haruniya,c_tall_hamid,d_cilicia,k_anatolia,e_byzantium,false,,867,CK3 00_landed_titles.txt
b_al-hasa,c_al-hasa,d_al-hasa,k_arabia,e_arabia,true,first_barony_in_county_block,867,CK3 00_landed_titles.txt
b_al-hawra,c_yanbu,d_medina,k_arabia,e_arabia,false,,867,CK3 00_landed_titles.txt
b_al-hayyal,c_sinjar,d_diyarrabia,k_jazira,e_persia,false,,867,CK3 00_landed_titles.txt
b_al-hijr,c_khaybar,d_medina,k_arabia,e_arabia,false,,867,CK3 00_landed_titles.txt
b_al-hila,c_kufa,d_kufa,k_mesopotamia,e_persia,false,,867,CK3 00_landed_titles.txt
b_al-humayma,c_maan,d_shammar,k_arabia,e_arabia,false,,867,CK3 00_landed_titles.txt
b_al-janad,c_taizz,d_taizz,k_yemen,e_arabia,false,,867,CK3 00_landed_titles.txt
b_al-jar,c_yanbu,d_medina,k_arabia,e_arabia,false,,867,CK3 00_landed_titles.txt
b_al-jibal,c_sinjar,d_diyarrabia,k_jazira,e_persia,false,,867,CK3 00_landed_titles.txt
b_al-jilat,c_jilat,d_amman,k_arabia,e_arabia,true,first_barony_in_county_block,867,CK3 00_landed_titles.txt
b_al-jiwa,c_dhafra,d_al-hasa,k_arabia,e_arabia,false,,867,CK3 00_landed_titles.txt
b_al-jubayl,c_qatif,d_bahrain,k_arabia,e_arabia,false,,867,CK3 00_landed_titles.txt
b_al-khadarim,c_yamama,d_yamama,k_arabia,e_arabia,false,,867,CK3 00_landed_titles.txt
b_al-khanuqa,c_khabur,d_diyarrabia,k_jazira,e_persia,false,,867,CK3 00_landed_titles.txt
b_al-kharj,c_yamama,d_yamama,k_arabia,e_arabia,false,,867,CK3 00_landed_titles.txt
b_al-khatt,c_qatif,d_bahrain,k_arabia,e_arabia,false,,867,CK3 00_landed_titles.txt
b_al-khuzaimiya,c_shaqiq,d_najd,k_arabia,e_arabia,false,,867,CK3 00_landed_titles.txt
b_al-kufa,c_kufa,d_kufa,k_mesopotamia,e_persia,false,,867,CK3 00_landed_titles.txt
b_al-maafir,c_mandab,d_taizz,k_yemen,e_arabia,false,,867,CK3 00_landed_titles.txt
b_al-madhar,c_ahvaz,d_khuzestan,k_persia,e_persia,false,,867,CK3 00_landed_titles.txt
b_al-madina,c_medina,d_medina,k_arabia,e_arabia,true,first_barony_in_county_block,867,CK3 00_landed_titles.txt
b_al-mahjam,c_tihamat-al-yamani,d_sanaa,k_yemen,e_arabia,false,,867,CK3 00_landed_titles.txt
b_al-mandab,c_mandab,d_taizz,k_yemen,e_arabia,true,first_barony_in_county_block,867,CK3 00_landed_titles.txt
b_al-mawiya,c_samman,d_bahrain,k_arabia,e_arabia,false,,867,CK3 00_landed_titles.txt
b_al-muhdatha,c_tayma,d_shammar,k_arabia,e_arabia,false,,867,CK3 00_landed_titles.txt
b_al-mushaqqar,c_al-hasa,d_al-hasa,k_arabia,e_arabia,false,,867,CK3 00_landed_titles.txt
b_al-qadisiya,c_qadisiya,d_kufa,k_mesopotamia,e_persia,true,first_barony_in_county_block,867,CK3 00_landed_titles.txt
b_al-qara,c_qadisiya,d_kufa,k_mesopotamia,e_persia,false,,867,CK3 00_landed_titles.txt
b_al-qara-jawf,c_al_jawf,d_jawf,k_arabia,e_arabia,false,,867,CK3 00_landed_titles.txt
b_al-qaryatan,c_qaryatan,d_palmyra,k_syria,e_arabia,true,first_barony_in_county_block,867,CK3 00_landed_titles.txt
b_al-qaryatan-qasim,c_qasim,d_najd,k_arabia,e_arabia,false,,867,CK3 00_landed_titles.txt
b_al-qasr-dakhla,c_dakhla,d_al-wahat,k_egypt,e_arabia,false,,867,CK3 00_landed_titles.txt
b_al-qasrayn,c_west_qamuda,d_kairouan,k_africa,e_maghreb,true,first_barony_in_county_block,867,CK3 00_landed_titles.txt
b_al-qastal,c_juwair,d_damascus,k_syria,e_arabia,false,,867,CK3 00_landed_titles.txt
b_al-qatif,c_qatif,d_bahrain,k_arabia,e_arabia,true,first_barony_in_county_block,867,CK3 00_landed_titles.txt
b_al-qatr,c_rusafa,d_basra,k_mesopotamia,e_persia,false,,867,CK3 00_landed_titles.txt
b_al-qhqaf,c_ahqaf,d_hadramawt,k_yemen,e_arabia,true,first_barony_in_county_block,867,CK3 00_landed_titles.txt
b_al-qulaya,c_ghardaia,d_mzab,k_tahert,e_maghreb,false,,867,CK3 00_landed_titles.txt
b_al-rahba,c_rahba,d_euphrates,k_jazira,e_persia,true,first_barony_in_county_block,867,CK3 00_landed_titles.txt
b_al-rusayrisi,c_fazughli,d_sennar,k_nubia,e_abyssinia,false,,867,CK3 00_landed_titles.txt
b_al-talha,c_draa,d_sous,k_maghreb,e_maghreb,false,,867,CK3 00_landed_titles.txt
b_al-ubulla,c_ubulla,d_basra,k_mesopotamia,e_persia,true,first_barony_in_county_block,867,CK3 00_landed_titles.txt
b_al-udhaib,c_qadisiya,d_kufa,k_mesopotamia,e_persia,false,,867,CK3 00_landed_titles.txt
b_al-ula,c_khaybar,d_medina,k_arabia,e_arabia,false,,867,CK3 00_landed_titles.txt
b_al-uqayr,c_uqayr,d_al-hasa,k_arabia,e_arabia,true,first_barony_in_county_block,867,CK3 00_landed_titles.txt
b_al-ushmunain,c_ushmun,d_al-said,k_egypt,e_arabia,true,first_barony_in_county_block,867,CK3 00_landed_titles.txt
b_al-wajh,c_wajh,d_medina,k_arabia,e_arabia,true,first_barony_in_county_block,867,CK3 00_landed_titles.txt
b_al_abbasiya,c_kairwan,d_kairouan,k_africa,e_maghreb,false,,867,CK3 00_landed_titles.txt
b_al_aghaila,c_syrte,d_syrte,k_africa,e_maghreb,false,,867,CK3 00_landed_titles.txt
b_al_aliya,c_fes,d_fes,k_maghreb,e_maghreb,false,,867,CK3 00_landed_titles.txt
b_al_aribus,c_medjerda,d_tunis,k_africa,e_maghreb,false,,867,CK3 00_landed_titles.txt
b_al_gabal,c_yalala,d_tahert,k_tahert,e_maghreb,false,,867,CK3 00_landed_titles.txt
b_al_hamma,c_gabes,d_gabes,k_africa,e_maghreb,false,,867,CK3 00_landed_titles.txt
b_al_jawf,c_al_jawf,d_jawf,k_arabia,e_arabia,true,first_barony_in_county_block,867,CK3 00_landed_titles.txt
b_al_muaskar,c_bost,d_sistan,k_makran,e_persia,false,,867,CK3 00_landed_titles.txt
b_al_musala,c_kishsh,d_soghd,k_transoxiana,e_turan,false,,867,CK3 00_landed_titles.txt
b_al_ubbad,c_tahert,d_tahert,k_tahert,e_maghreb,false,,867,CK3 00_landed_titles.txt
b_ala-kul,c_emil,d_tarbagatai,k_zhetysu,e_tartaria,false,,867,CK3 00_landed_titles.txt
b_alag_khairkhan,c_tseel,d_gobi_altai,k_naimania,e_mongolia,false,,867,CK3 00_landed_titles.txt
b_alak-nor,c_boro_burgasu,d_naiman_gobi,k_dzungaria,e_tartaria,false,,867,CK3 00_landed_titles.txt
b_alampur,c_idatarainadu,d_raichur_doab,k_karnata,e_deccan,false,,867,CK3 00_landed_titles.txt
b_alamut,c_qazwin,d_daylam,k_daylam,e_persia,false,,867,CK3 00_landed_titles.txt
b_alapaevsk,c_yekaterinburg,d_vogulia,k_bashkiria,e_volga-ural,false,,867,CK3 00_landed_titles.txt
b_alarcon,c_alarcon,d_murcia,k_valencia,e_spain,true,first_barony_in_county_block,867,CK3 00_landed_titles.txt
b_alarcos,c_almader,d_cordoba,k_andalusia,e_spain,true,first_barony_in_county_block,867,CK3 00_landed_titles.txt
b_alatyr,c_cheboksary,d_mordvinia,k_mordvinia,e_volga-ural,false,,867,CK3 00_landed_titles.txt
b_alava,c_viscaya,d_viscaya,k_navarra,e_spain,false,,867,CK3 00_landed_titles.txt
b_alba,c_benavente,d_leon,k_leon,e_spain,false,,867,CK3 00_landed_titles.txt
b_alba_di_monferrato,c_monferrato,d_piedmonte,k_italy,e_italy,false,,867,CK3 00_landed_titles.txt
b_albacete,c_alicante,d_valencia,k_valencia,e_spain,false,,867,CK3 00_landed_titles.txt
b_albarracin,c_albarracin,d_aragon,k_aragon,e_spain,true,first_barony_in_county_block,867,CK3 00_landed_titles.txt
b_albi,c_albi,d_languedoc,k_aquitaine,e_france,true,first_barony_in_county_block,867,CK3 00_landed_titles.txt
b_albret,c_albret,d_gascogne,k_aquitaine,e_france,true,first_barony_in_county_block,867,CK3 00_landed_titles.txt
b_alcacerdosal,c_alcacer_do_sal,d_beja,k_badajoz,e_spain,true,first_barony_in_county_block,867,CK3 00_landed_titles.txt
b_alcaniz,c_alcaniz,d_aragon,k_aragon,e_spain,true,first_barony_in_county_block,867,CK3 00_landed_titles.txt
b_alcantara,c_caceres,d_badajoz,k_badajoz,e_spain,false,,867,CK3 00_landed_titles.txt
b_alcaraz,c_alcaraz,d_murcia,k_valencia,e_spain,true,first_barony_in_county_block,867,CK3 00_landed_titles.txt
b_alcazar,c_alarcon,d_murcia,k_valencia,e_spain,false,,867,CK3 00_landed_titles.txt
b_alchanka,c_petrovsk,d_chuvashia,k_mordvinia,e_volga-ural,false,,867,CK3 00_landed_titles.txt
b_alcudia,c_mallorca,d_mallorca,k_valencia,e_spain,false,,867,CK3 00_landed_titles.txt
b_alencon,c_alencon,d_normandy,k_france,e_france,true,first_barony_in_county_block,867,CK3 00_landed_titles.txt
b_alexandretta,c_alexandretta,d_antioch,k_syria,e_arabia,true,first_barony_in_county_block,867,CK3 00_landed_titles.txt
b_alexandria,c_alexandria,d_alexandria,k_egypt,e_arabia,true,first_barony_in_county_block,867,CK3 00_landed_titles.txt
b_alexandriatroas,c_abydos,d_aegean_islands,k_thessalonika,e_byzantium,false,,867,CK3 00_landed_titles.txt
b_aley,c_aley,d_aley,k_ob,e_siberia,true,first_barony_in_county_block,867,CK3 00_landed_titles.txt
b_algeciras,c_algeciras,d_sevilla,k_andalusia,e_spain,true,first_barony_in_county_block,867,CK3 00_landed_titles.txt
b_alghero,c_logudoro,d_sardinia,k_sardinia,e_italy,false,,867,CK3 00_landed_titles.txt
b_algiers,c_algier,d_alger,k_tahert,e_maghreb,true,first_barony_in_county_block,867,CK3 00_landed_titles.txt
b_alibori,c_pendjari,d_mamprusi,k_gur,e_guinea,false,,867,CK3 00_landed_titles.txt
b_alicante,c_alicante,d_valencia,k_valencia,e_spain,true,first_barony_in_county_block,867,CK3 00_landed_titles.txt
b_alichur,c_shughnan,d_badakhshan,k_transoxiana,e_turan,false,,867,CK3 00_landed_titles.txt
b_alife,c_benevento,d_benevento,k_sicily,e_byzantium,false,,867,CK3 00_landed_titles.txt
b_alipur,c_multan,d_multan,k_punjab,e_rajastan,false,,867,CK3 00_landed_titles.txt
b_alishtar,c_masabadhan,d_kermanshah,k_persia,e_persia,false,,867,CK3 00_landed_titles.txt
b_alistegunde,c_livs,d_livonia,k_esthonia,e_wendish_empire,false,,867,CK3 00_landed_titles.txt
b_aliten,c_trakai,d_lithuanians,k_lithuania,e_wendish_empire,false,,867,CK3 00_landed_titles.txt
b_aljan,c_jinghiz,d_jinghiz,k_kipchak,e_tartaria,false,,867,CK3 00_landed_titles.txt
b_allai,c_allai,d_kasmira,k_kashmir,e_rajastan,true,first_barony_in_county_block,867,CK3 00_landed_titles.txt
b_allaqi,c_allaqi,d_naqis,k_blemmyia,e_abyssinia,true,first_barony_in_county_block,867,CK3 00_landed_titles.txt
b_allbo,c_varend,d_smaland,k_sweden,e_scandinavia,false,,867,CK3 00_landed_titles.txt
b_allenstein,c_allenstein,d_masuria,k_lithuania,e_wendish_empire,true,first_barony_in_county_block,867,CK3 00_landed_titles.txt
b_almader,c_almader,d_cordoba,k_andalusia,e_spain,false,,867,CK3 00_landed_titles.txt
b_almaliq,c_iliq,d_ili-alatau,k_zhetysu,e_tartaria,false,,867,CK3 00_landed_titles.txt
b_almansa,c_denia,d_valencia,k_valencia,e_spain,false,,867,CK3 00_landed_titles.txt
b_almaraz,c_plasencia,d_badajoz,k_badajoz,e_spain,false,,867,CK3 00_landed_titles.txt
b_almaty,c_almaty,d_zhetysu,k_zhetysu,e_tartaria,true,first_barony_in_county_block,867,CK3 00_landed_titles.txt
b_almelo,c_oversticht,d_utrecht,k_frisia,e_germany,false,,867,CK3 00_landed_titles.txt
b_almeria,c_almeria,d_granada,k_andalusia,e_spain,true,first_barony_in_county_block,867,CK3 00_landed_titles.txt
b_almetyvesk,c_jalmat,d_jalmat,k_volga_bulgaria,e_volga-ural,false,,867,CK3 00_landed_titles.txt
b_almonte,c_sevilla,d_sevilla,k_andalusia,e_spain,false,,867,CK3 00_landed_titles.txt
b_almora,c_kumaon,d_kurmanchal,k_himalaya,e_rajastan,false,,867,CK3 00_landed_titles.txt
b_along,c_along,d_lhoyul,k_lhomon,e_tibet,true,first_barony_in_county_block,867,CK3 00_landed_titles.txt
b_alsholoi,c_chuya,d_bargujin_tukum,k_buryatia,e_mongolia,false,,867,CK3 00_landed_titles.txt
b_alsoverecke,c_bereg,d_transcarpathia,k_hungary,e_carpathia,false,,867,CK3 00_landed_titles.txt
b_altaichei,c_ulan_ude,d_uda_valley,k_buryatia,e_mongolia,false,,867,CK3 00_landed_titles.txt
b_altan_els,c_tesiin_gol,d_ubsunur_hollow,k_naimania,e_mongolia,false,,867,CK3 00_landed_titles.txt
b_altay,c_altay,d_altay,k_dzungaria,e_tartaria,true,first_barony_in_county_block,867,CK3 00_landed_titles.txt
b_altenburg,c_naumburg,d_meissen,k_sorbia,e_west_slavia,false,,867,CK3 00_landed_titles.txt
b_alti,c_alodia,d_alwa,k_nubia,e_abyssinia,false,,867,CK3 00_landed_titles.txt
b_alto_aragon,c_alto_aragon,d_aragon,k_aragon,e_spain,false,,867,CK3 00_landed_titles.txt
b_altotajo,c_cuenca,d_toledo,k_andalusia,e_spain,false,,867,CK3 00_landed_titles.txt
b_altyn-emel,c_qayaliq,d_zhetysu,k_zhetysu,e_tartaria,false,,867,CK3 00_landed_titles.txt
b_altyn-kolekis,c_kandygatai,d_jinghiz,k_kipchak,e_tartaria,false,,867,CK3 00_landed_titles.txt
b_altyn_kol,c_katu_yaryk,d_katu_yaryk,k_tuva,e_mongolia,false,,867,CK3 00_landed_titles.txt
b_altyn_su,c_karabas,d_karabas,k_saryarka,e_tartaria,false,,867,CK3 00_landed_titles.txt
b_aluchi,c_sebur,d_perm,k_permia,e_volga-ural,false,,867,CK3 00_landed_titles.txt
b_aluksne,c_aluksne,d_latgalians,k_lithuania,e_wendish_empire,true,first_barony_in_county_block,867,CK3 00_landed_titles.txt
b_alvinc,c_feher,d_transylvania,k_hungary,e_carpathia,false,,867,CK3 00_landed_titles.txt
b_alyaty,c_kada,d_angara,k_angara,e_mongolia,false,,867,CK3 00_landed_titles.txt
b_alymka,c_koshuki,d_pelym,k_yugra,e_siberia,false,,867,CK3 00_landed_titles.txt
b_amalfi,c_napoli,d_capua,k_sicily,e_byzantium,false,,867,CK3 00_landed_titles.txt
b_amalner,c_thalner,d_anupa,k_malwa,e_rajastan,false,,867,CK3 00_landed_titles.txt
b_amana,c_kankan,d_manding,k_mali,e_mali,false,,867,CK3 00_landed_titles.txt
b_amaravati,c_nallamala,d_udayagiri,k_andhra,e_deccan,true,first_barony_in_county_block,867,CK3 00_landed_titles.txt
b_amaresvara,c_kasmira,d_kasmira,k_kashmir,e_rajastan,false,,867,CK3 00_landed_titles.txt
b_amarkantak,c_tummana,d_ratanpur,k_gondwana,e_bengal,false,,867,CK3 00_landed_titles.txt
b_amarkot,c_sonda,d_sauvira,k_sindh,e_rajastan,false,,867,CK3 00_landed_titles.txt
b_amarta,c_danakil,d_danakil,k_adal,e_abyssinia,true,first_barony_in_county_block,867,CK3 00_landed_titles.txt
b_amarvalli,c_vardhamana,d_saurashtra,k_gujarat,e_rajastan,false,,867,CK3 00_landed_titles.txt
b_amaseia,c_helenopontus,d_armeniac,k_pontus,e_byzantium,true,first_barony_in_county_block,867,CK3 00_landed_titles.txt
b_amastris,c_paphlagonia,d_paphlagonia,k_pontus,e_byzantium,true,first_barony_in_county_block,867,CK3 00_landed_titles.txt
b_amatlus,c_amatlus,d_adrar,k_anbiya,e_maghreb,true,first_barony_in_county_block,867,CK3 00_landed_titles.txt
b_amaya,c_amaya,d_cantabria,k_castille,e_spain,true,first_barony_in_county_block,867,CK3 00_landed_titles.txt
b_ambaranatha,c_surparaka,d_konkana,k_maharastra,e_deccan,false,,867,CK3 00_landed_titles.txt
b_ambert,c_thiers,d_auvergne,k_aquitaine,e_france,false,,867,CK3 00_landed_titles.txt
b_ambikapur,c_jharkand,d_jharkand,k_bihar,e_bengal,false,,867,CK3 00_landed_titles.txt
b_ambrolauri,c_svaneti,d_abkhazia,k_georgia,e_byzantium,false,,867,CK3 00_landed_titles.txt
b_amdo,c_amdo,d_amdo,k_amdo,e_tibet,true,first_barony_in_county_block,867,CK3 00_landed_titles.txt
b_amer,c_vairata,d_ajmer,k_rajputana,e_rajastan,false,,867,CK3 00_landed_titles.txt
b_amersfoort,c_nedersticht,d_utrecht,k_frisia,e_germany,false,,867,CK3 00_landed_titles.txt
b_amezdofe,c_ewe,d_eweland,k_akan,e_guinea,false,,867,CK3 00_landed_titles.txt
b_amfissa,c_boeotia,d_athens,k_hellas,e_byzantium,false,,867,CK3 00_landed_titles.txt
b_amhara,c_amhara,d_lasta,k_abyssinia,e_abyssinia,true,first_barony_in_county_block,867,CK3 00_landed_titles.txt
b_amid,c_amida,d_diyarbakr,k_jazira,e_persia,true,first_barony_in_county_block,867,CK3 00_landed_titles.txt
b_amiens,c_amiens,d_valois,k_france,e_france,true,first_barony_in_county_block,867,CK3 00_landed_titles.txt
b_amisos,c_helenopontus,d_armeniac,k_pontus,e_byzantium,false,,867,CK3 00_landed_titles.txt
b_amman,c_balqa,d_amman,k_arabia,e_arabia,true,first_barony_in_county_block,867,CK3 00_landed_titles.txt
b_amol-e-shatt,c_amol,d_merv,k_khorasan,e_persia,true,first_barony_in_county_block,867,CK3 00_landed_titles.txt
b_amorha,c_sravasti,d_saryupara,k_kosala,e_rajastan,false,,867,CK3 00_landed_titles.txt
b_amorion,c_philomelium,d_anatolia,k_anatolia,e_byzantium,false,,867,CK3 00_landed_titles.txt
b_amposta,c_castellon,d_valencia,k_valencia,e_spain,false,,867,CK3 00_landed_titles.txt
b_ampthill,c_bedford,d_bedford,k_england,e_britannia,false,,867,CK3 00_landed_titles.txt
b_amraoti,c_acalapura,d_vidharba,k_maharastra,e_deccan,false,,867,CK3 00_landed_titles.txt
b_amroha,c_sambhal,d_vodamayutja,k_delhi,e_rajastan,false,,867,CK3 00_landed_titles.txt
b_amsterdam,c_holland,d_holland,k_frisia,e_germany,true,first_barony_in_county_block,867,CK3 00_landed_titles.txt
b_amstetten,c_amstetten,d_osterreich,k_bavaria,e_germany,true,first_barony_in_county_block,867,CK3 00_landed_titles.txt
b_amud,c_berbera,d_zaila,k_adal,e_abyssinia,false,,867,CK3 00_landed_titles.txt
b_amul,c_mazandaran,d_tabaristan,k_daylam,e_persia,true,first_barony_in_county_block,867,CK3 00_landed_titles.txt
b_amyl,c_kyzylkul,d_blue_khakassia,k_khakassia,e_mongolia,false,,867,CK3 00_landed_titles.txt
b_an-nabak,c_wajh,d_medina,k_arabia,e_arabia,false,,867,CK3 00_landed_titles.txt
b_an-nahrawan,c_baghdad,d_baghdad,k_mesopotamia,e_persia,false,,867,CK3 00_landed_titles.txt
b_an-najaf,c_kufa,d_kufa,k_mesopotamia,e_persia,true,first_barony_in_county_block,867,CK3 00_landed_titles.txt
b_an-nibaj,c_shaqiq,d_najd,k_arabia,e_arabia,true,first_barony_in_county_block,867,CK3 00_landed_titles.txt
b_an-numaniya,c_wasit,d_wasit,k_mesopotamia,e_persia,false,,867,CK3 00_landed_titles.txt
b_ana,c_al-haditha,d_euphrates,k_jazira,e_persia,false,,867,CK3 00_landed_titles.txt
b_anacopia,c_abkhazia,d_abkhazia,k_georgia,e_byzantium,false,,867,CK3 00_landed_titles.txt
b_anahilapataka,c_sarasvata_mandala,d_gurjara_mandala,k_gujarat,e_rajastan,true,first_barony_in_county_block,867,CK3 00_landed_titles.txt
b_anantapur,c_renandu,d_tondai_nadu,k_tamilakam,e_deccan,false,,867,CK3 00_landed_titles.txt
b_anar,c_kirman,d_kirman,k_persia,e_persia,false,,867,CK3 00_landed_titles.txt
b_anate,c_dhraina,d_takrur,k_takrur,e_mali,false,,867,CK3 00_landed_titles.txt
b_anazaribus,c_cilicia,d_cilicia,k_anatolia,e_byzantium,false,,867,CK3 00_landed_titles.txt
b_anbar-guzgani,c_guzgan,d_merv,k_khorasan,e_persia,false,,867,CK3 00_landed_titles.txt
b_ancona,c_ancona,d_ancona,k_romagna,e_italy,true,first_barony_in_county_block,867,CK3 00_landed_titles.txt
b_andamish,c_saimara,d_kermanshah,k_persia,e_persia,false,,867,CK3 00_landed_titles.txt
b_andarab,c_east-tokharestan,d_balkh,k_khorasan,e_persia,false,,867,CK3 00_landed_titles.txt
b_andarab_d,c_dinawar,d_hamadan,k_persia,e_persia,false,,867,CK3 00_landed_titles.txt
b_andijan,c_nasaiya,d_ferghana,k_transoxiana,e_turan,true,first_barony_in_county_block,867,CK3 00_landed_titles.txt
b_andir,c_keriya,d_khotan,k_khotan,e_turan,false,,867,CK3 00_landed_titles.txt
b_andkhud,c_guzgan,d_merv,k_khorasan,e_persia,false,,867,CK3 00_landed_titles.txt
b_andorra,c_urgell,d_barcelona,k_aragon,e_spain,false,,867,CK3 00_landed_titles.txt
b_andrapa,c_sinope,d_armeniac,k_pontus,e_byzantium,false,,867,CK3 00_landed_titles.txt
b_andravida,c_achaia,d_achaia,k_hellas,e_byzantium,false,,867,CK3 00_landed_titles.txt
b_andreapol,c_toropets,d_smolensk,k_white_rus,e_russia,false,,867,CK3 00_landed_titles.txt
b_andros,c_naxos,d_aegean_islands,k_thessalonika,e_byzantium,false,,867,CK3 00_landed_titles.txt
b_andujar,c_andujar,d_cordoba,k_andalusia,e_spain,false,,867,CK3 00_landed_titles.txt
b_anegandi,c_koppam,d_raichur_doab,k_karnata,e_deccan,false,,867,CK3 00_landed_titles.txt
b_anemurium,c_pamphylia,d_cibyrrhaeot,k_anatolia,e_byzantium,false,,867,CK3 00_landed_titles.txt
b_anfa,c_tamasna,d_marrakesh,k_maghreb,e_maghreb,true,first_barony_in_county_block,867,CK3 00_landed_titles.txt
b_angaragiin_degee,c_kymyl_tey,d_angara,k_angara,e_mongolia,false,,867,CK3 00_landed_titles.txt
b_angelokastron,c_nicopolis,d_epirus,k_epirus,e_byzantium,false,,867,CK3 00_landed_titles.txt
b_angerburg,c_angerburg,d_masuria,k_lithuania,e_wendish_empire,false,,867,CK3 00_landed_titles.txt
b_angers,c_anjou,d_anjou,k_france,e_france,true,first_barony_in_county_block,867,CK3 00_landed_titles.txt
b_angot,c_angot,d_lasta,k_abyssinia,e_abyssinia,true,first_barony_in_county_block,867,CK3 00_landed_titles.txt
b_angouleme,c_angouleme,d_aquitaine,k_aquitaine,e_france,true,first_barony_in_county_block,867,CK3 00_landed_titles.txt
b_ani,c_hayk,d_greater_armenia,k_armenia,e_byzantium,true,first_barony_in_county_block,867,CK3 00_landed_titles.txt
b_anini,c_roing,d_dzayul,k_lhomon,e_tibet,false,,867,CK3 00_landed_titles.txt
b_anja_TUV,c_anja,d_blue_khakassia,k_khakassia,e_mongolia,true,first_barony_in_county_block,867,CK3 00_landed_titles.txt
b_anjar,c_baalbek,d_damascus,k_syria,e_arabia,false,,867,CK3 00_landed_titles.txt
b_anjar_kutch,c_kutch,d_anartta,k_gujarat,e_rajastan,false,,867,CK3 00_landed_titles.txt
b_anka,c_sokoto,d_kebbi,k_hausaland,e_kanem_bornu,false,,867,CK3 00_landed_titles.txt
b_ankai,c_trikuta,d_nasikya,k_maharastra,e_deccan,false,,867,CK3 00_landed_titles.txt
b_ankyra,c_galatia,d_bucellaria,k_nikaea,e_byzantium,true,first_barony_in_county_block,867,CK3 00_landed_titles.txt
b_annaba,c_annaba,d_kroumerie,k_africa,e_maghreb,true,first_barony_in_county_block,867,CK3 00_landed_titles.txt
b_annan,c_annandale,d_galloway,k_scotland,e_britannia,true,first_barony_in_county_block,867,CK3 00_landed_titles.txt
b_annecy,c_geneva,d_savoie,k_burgundy,e_france,false,,867,CK3 00_landed_titles.txt
b_annonay,c_viviers,d_dauphine,k_burgundy,e_france,false,,867,CK3 00_landed_titles.txt
b_ansbach,c_ansbach,d_east_franconia,k_east_francia,e_germany,true,first_barony_in_county_block,867,CK3 00_landed_titles.txt
b_ansina,c_ushmun,d_al-said,k_egypt,e_arabia,false,,867,CK3 00_landed_titles.txt
b_ansongo,c_ansongo,d_kawkaw,k_songhay,e_mali,true,first_barony_in_county_block,867,CK3 00_landed_titles.txt
b_antartus,c_tripoli,d_lebanon,k_syria,e_arabia,false,,867,CK3 00_landed_titles.txt
b_antequera,c_cabra,d_granada,k_andalusia,e_spain,false,,867,CK3 00_landed_titles.txt
b_antiocheia,c_antiocheia,d_antioch,k_syria,e_arabia,true,first_barony_in_county_block,867,CK3 00_landed_titles.txt
b_antiochia,c_philomelium,d_anatolia,k_anatolia,e_byzantium,false,,867,CK3 00_landed_titles.txt
b_antipatreia,c_antipatreia,d_dyrrachion,k_epirus,e_byzantium,true,first_barony_in_county_block,867,CK3 00_landed_titles.txt
b_antivari,c_pomorje,d_duklja,k_serbia,e_byzantium,true,first_barony_in_county_block,867,CK3 00_landed_titles.txt
b_antwerpen,c_antwerpen,d_brabant,k_lotharingia,e_germany,true,first_barony_in_county_block,867,CK3 00_landed_titles.txt
b_anuradhapura,c_phiti,d_sinhala,k_lanka,e_deccan,true,first_barony_in_county_block,867,CK3 00_landed_titles.txt
b_anuy,c_korgon,d_aley,k_ob,e_siberia,false,,867,CK3 00_landed_titles.txt
b_anyu,c_aley,d_aley,k_ob,e_siberia,false,,867,CK3 00_landed_titles.txt
b_aosta,c_aosta,d_savoie,k_burgundy,e_france,true,first_barony_in_county_block,867,CK3 00_landed_titles.txt
b_aowin,c_aowin,d_adiukru,k_akan,e_guinea,true,first_barony_in_county_block,867,CK3 00_landed_titles.txt
b_apamea,c_chonae,d_thracesia,k_nikaea,e_byzantium,false,,867,CK3 00_landed_titles.txt
b_aparshahr,c_talish,d_azerbaijan,k_daylam,e_persia,false,,867,CK3 00_landed_titles.txt
b_apeldoorn,c_arnhem,d_gelre,k_frisia,e_germany,false,,867,CK3 00_landed_titles.txt
b_apemea,c_nikaea,d_opsikion,k_nikaea,e_byzantium,false,,867,CK3 00_landed_titles.txt
b_aphrodisias,c_caria,d_cibyrrhaeot,k_anatolia,e_byzantium,false,,867,CK3 00_landed_titles.txt
b_appingedam,c_dokkum,d_frisia,k_frisia,e_germany,false,,867,CK3 00_landed_titles.txt
b_appleby,c_westmorland,d_lancaster,k_england,e_britannia,false,,867,CK3 00_landed_titles.txt
b_applecross,c_ross,d_moray,k_scotland,e_britannia,false,,867,CK3 00_landed_titles.txt
b_appollonia,c_mysia,d_opsikion,k_nikaea,e_byzantium,false,,867,CK3 00_landed_titles.txt
b_apt,c_forcalquier,d_provence,k_burgundy,e_france,false,,867,CK3 00_landed_titles.txt
b_aptapet_ainu,c_ioci,d_sum,k_aynumosir,e_amur,false,,867,CK3 00_landed_titles.txt
b_aq-masjid,c_sighnaq,d_syr_darya,k_syr_darya,e_turan,false,,867,CK3 00_landed_titles.txt
b_aqaba,c_al_aqabah,d_shammar,k_arabia,e_arabia,true,first_barony_in_county_block,867,CK3 00_landed_titles.txt
b_aqenganggyai,c_aqenganggyai,d_amdo,k_amdo,e_tibet,true,first_barony_in_county_block,867,CK3 00_landed_titles.txt
b_aqiq_tamra,c_aqiq,d_asir,k_arabia,e_arabia,true,first_barony_in_county_block,867,CK3 00_landed_titles.txt
b_aqmescit,c_perekop,d_crimea,k_pontic_steppe,e_caspian-pontic_steppe,true,first_barony_in_county_block,867,CK3 00_landed_titles.txt
b_aqqa,c_draa,d_sous,k_maghreb,e_maghreb,false,,867,CK3 00_landed_titles.txt
b_aqqikkol,c_kumkol,d_nagormo,k_amdo,e_tibet,false,,867,CK3 00_landed_titles.txt
b_aqsubay,c_karabolam,d_volga_bulgaria,k_volga_bulgaria,e_volga-ural,false,,867,CK3 00_landed_titles.txt
b_aqtobe,c_aqtobe,d_aqtobe,k_caspian_steppe,e_caspian-pontic_steppe,true,first_barony_in_county_block,867,CK3 00_landed_titles.txt
b_aquileia,c_aquileia,d_friuli,k_italy,e_italy,true,first_barony_in_county_block,867,CK3 00_landed_titles.txt
b_ar-rabb,c_anbar,d_baghdad,k_mesopotamia,e_persia,false,,867,CK3 00_landed_titles.txt
b_ar-ramla,c_jerusalem,d_palestine,k_jerusalem,e_arabia,false,,867,CK3 00_landed_titles.txt
b_ar-ran,c_maragha,d_azerbaijan,k_daylam,e_persia,false,,867,CK3 00_landed_titles.txt
b_ar-rayda,c_sanaa,d_sanaa,k_yemen,e_arabia,false,,867,CK3 00_landed_titles.txt
b_ar-rikha,c_qinnasrin,d_aleppo,k_syria,e_arabia,false,,867,CK3 00_landed_titles.txt
b_ar-rukhail,c_basra,d_basra,k_mesopotamia,e_persia,false,,867,CK3 00_landed_titles.txt
b_ar-ruqaii,c_samman,d_bahrain,k_arabia,e_arabia,false,,867,CK3 00_landed_titles.txt
b_ar-rusafa,c_syrrusafa,d_aleppo,k_syria,e_arabia,true,first_barony_in_county_block,867,CK3 00_landed_titles.txt
b_ar-rusafa-iraq,c_rusafa,d_basra,k_mesopotamia,e_persia,true,first_barony_in_county_block,867,CK3 00_landed_titles.txt
b_araban,c_khabur,d_diyarrabia,k_jazira,e_persia,false,,867,CK3 00_landed_titles.txt
b_arabissus,c_lycandus,d_cilicia,k_anatolia,e_byzantium,false,,867,CK3 00_landed_titles.txt
b_arad,c_arad,d_temes,k_hungary,e_carpathia,true,first_barony_in_county_block,867,CK3 00_landed_titles.txt
b_arak,c_palmyra,d_palmyra,k_syria,e_arabia,false,,867,CK3 00_landed_titles.txt
b_arandadeduero,c_valladolid,d_castilla,k_castille,e_spain,false,,867,CK3 00_landed_titles.txt
b_arandal,c_negev,d_oultrejourdain,k_jerusalem,e_arabia,false,,867,CK3 00_landed_titles.txt
b_arant,c_kharam-vosh,d_konda,k_yugra,e_siberia,false,,867,CK3 00_landed_titles.txt
b_aranyosbanya,c_torda,d_transylvania,k_hungary,e_carpathia,false,,867,CK3 00_landed_titles.txt
b_arasaxa,c_kaisereia,d_charsianon,k_anatolia,e_byzantium,false,,867,CK3 00_landed_titles.txt
b_arawan,c_arawan,d_timbuktu,k_songhay,e_mali,true,first_barony_in_county_block,867,CK3 00_landed_titles.txt
b_arawan_road,c_arawan,d_timbuktu,k_songhay,e_mali,false,,867,CK3 00_landed_titles.txt
b_arbaji,c_gezira,d_alwa,k_nubia,e_abyssinia,false,,867,CK3 00_landed_titles.txt
b_arbinjan,c_samarkand,d_soghd,k_transoxiana,e_turan,false,,867,CK3 00_landed_titles.txt
b_arbuga,c_vastmanland,d_bergslagen,k_sweden,e_scandinavia,false,,867,CK3 00_landed_titles.txt
b_arca,c_melitene,d_mesopotamia,k_armenia,e_byzantium,false,,867,CK3 00_landed_titles.txt
b_arcadia,c_messenia,d_achaia,k_hellas,e_byzantium,false,,867,CK3 00_landed_titles.txt
b_archabis,c_acampse,d_tao-klarjeti,k_georgia,e_byzantium,true,first_barony_in_county_block,867,CK3 00_landed_titles.txt
b_arcos,c_algeciras,d_sevilla,k_andalusia,e_spain,false,,867,CK3 00_landed_titles.txt
b_arda,c_yoshkar-ola,d_kazan,k_volga_bulgaria,e_volga-ural,false,,867,CK3 00_landed_titles.txt
b_ardabil,c_ardabil,d_azerbaijan,k_daylam,e_persia,true,first_barony_in_county_block,867,CK3 00_landed_titles.txt
b_ardakhivah,c_kath,d_khorezm,k_transoxiana,e_turan,false,,867,CK3 00_landed_titles.txt
b_ardalankath,c_ferghana,d_ferghana,k_transoxiana,e_turan,false,,867,CK3 00_landed_titles.txt
b_ardara,c_logudoro,d_sardinia,k_sardinia,e_italy,false,,867,CK3 00_landed_titles.txt
b_ardda,c_jamtfir,d_jamtland,k_norway,e_scandinavia,false,,867,CK3 00_landed_titles.txt
b_ardee,c_oriel,d_ulster,k_ireland,e_britannia,false,,867,CK3 00_landed_titles.txt
b_ardistan,c_ardestan,d_isfahan,k_persia,e_persia,false,,867,CK3 00_landed_titles.txt
b_ardnamurchon,c_argyll,d_western_isles,k_scotland,e_britannia,false,,867,CK3 00_landed_titles.txt
b_arendall,c_nedenes,d_agder,k_norway,e_scandinavia,true,first_barony_in_county_block,867,CK3 00_landed_titles.txt
b_arezzo,c_arezzo,d_toscana,k_italy,e_italy,true,first_barony_in_county_block,867,CK3 00_landed_titles.txt
b_argan,c_loulan,d_loulan,k_khotan,e_turan,false,,867,CK3 00_landed_titles.txt
b_arganda,c_madrid,d_toledo,k_andalusia,e_spain,false,,867,CK3 00_landed_titles.txt
b_argentan,c_alencon,d_normandy,k_france,e_france,false,,867,CK3 00_landed_titles.txt
b_arges,c_campulung,d_transylvanian_alps,k_dacia,e_carpathia,false,,867,CK3 00_landed_titles.txt
b_argogco,c_cuonaco,d_purang,k_guge,e_tibet,false,,867,CK3 00_landed_titles.txt
b_argonne,c_bar,d_bar,k_lotharingia,e_germany,false,,867,CK3 00_landed_titles.txt
b_argos,c_korinthos,d_achaia,k_hellas,e_byzantium,false,,867,CK3 00_landed_titles.txt
b_arguvan,c_melitene,d_mesopotamia,k_armenia,e_byzantium,false,,867,CK3 00_landed_titles.txt
b_argyjek,c_jerjul,d_khakass_hollow,k_khakassia,e_mongolia,false,,867,CK3 00_landed_titles.txt
b_argyrokastron,c_antipatreia,d_dyrrachion,k_epirus,e_byzantium,false,,867,CK3 00_landed_titles.txt
b_ariano,c_benevento,d_benevento,k_sicily,e_byzantium,false,,867,CK3 00_landed_titles.txt
b_aribinda,c_kurumba,d_upper_gurma,k_gurma,e_mali,true,first_barony_in_county_block,867,CK3 00_landed_titles.txt
b_arigh,c_arigh,d_mzab,k_tahert,e_maghreb,true,first_barony_in_county_block,867,CK3 00_landed_titles.txt
b_ariksar,c_ariksar,d_lingtsang,k_kham,e_tibet,true,first_barony_in_county_block,867,CK3 00_landed_titles.txt
b_arilje,c_zlatibor,d_rashka,k_serbia,e_byzantium,false,,867,CK3 00_landed_titles.txt
b_arivajan,c_masabadhan,d_kermanshah,k_persia,e_persia,false,,867,CK3 00_landed_titles.txt
b_arja,c_stoyanka,d_western_sayan,k_tuva,e_mongolia,false,,867,CK3 00_landed_titles.txt
b_arjepluovve,c_pite,d_aarjetje,k_sapmi,e_scandinavia,false,,867,CK3 00_landed_titles.txt
b_arjesh,c_apahunik,d_vaspurakan,k_armenia,e_byzantium,false,,867,CK3 00_landed_titles.txt
b_arka,c_banavasi,d_nulambavadi,k_karnata,e_deccan,false,,867,CK3 00_landed_titles.txt
b_arkadiopolis,c_brysis,d_thrace,k_thessalonika,e_byzantium,false,,867,CK3 00_landed_titles.txt
b_arkalyk,c_arkalyk,d_tokumbay,k_saryarka,e_tartaria,true,first_barony_in_county_block,867,CK3 00_landed_titles.txt
b_arkalyk_KAZe,c_sasyk_kul,d_semey,k_kipchak,e_tartaria,false,,867,CK3 00_landed_titles.txt
b_arkat,c_arkat,d_degelen,k_kipchak,e_tartaria,true,first_barony_in_county_block,867,CK3 00_landed_titles.txt
b_arkhangelsk,c_kholmogory,d_biarmia,k_bjarmaland,e_russia,false,,867,CK3 00_landed_titles.txt
b_arkul,c_kolyn,d_udmurtia,k_permia,e_volga-ural,false,,867,CK3 00_landed_titles.txt
b_arles,c_venaissin,d_provence,k_burgundy,e_france,true,first_barony_in_county_block,867,CK3 00_landed_titles.txt
b_armabil,c_khawr,d_makran,k_makran,e_persia,false,,867,CK3 00_landed_titles.txt
b_armagh,c_oriel,d_ulster,k_ireland,e_britannia,false,,867,CK3 00_landed_titles.txt
b_armagnac,c_armagnac,d_armagnac,k_aquitaine,e_france,true,first_barony_in_county_block,867,CK3 00_landed_titles.txt
b_armant,c_qus,d_al-said,k_egypt,e_arabia,false,,867,CK3 00_landed_titles.txt
b_armaxa,c_kaisereia,d_charsianon,k_anatolia,e_byzantium,false,,867,CK3 00_landed_titles.txt
b_arnedo,c_najera,d_navarra,k_navarra,e_spain,false,,867,CK3 00_landed_titles.txt
b_arnhem,c_arnhem,d_gelre,k_frisia,e_germany,true,first_barony_in_county_block,867,CK3 00_landed_titles.txt
b_arnsberg,c_arnsberg,d_lower_lorraine,k_lotharingia,e_germany,true,first_barony_in_county_block,867,CK3 00_landed_titles.txt
b_arnstein,c_halberstadt,d_anhalt,k_east_francia,e_germany,false,,867,CK3 00_landed_titles.txt
b_arnswalde,c_landsberg,d_pommerania,k_pomerania,e_wendish_empire,false,,867,CK3 00_landed_titles.txt
b_arondo,c_galam,d_silla,k_takrur,e_mali,false,,867,CK3 00_landed_titles.txt
b_aror,c_aror,d_bhakkar,k_sindh,e_rajastan,true,first_barony_in_county_block,867,CK3 00_landed_titles.txt
b_arrah,c_sasaram,d_magadha,k_bihar,e_bengal,false,,867,CK3 00_landed_titles.txt
b_arrajan,c_arrajan,d_fars,k_persia,e_persia,true,first_barony_in_county_block,867,CK3 00_landed_titles.txt
b_arran,c_inner_hebrides,d_western_isles,k_scotland,e_britannia,false,,867,CK3 00_landed_titles.txt
b_arsamosata,c_melitene,d_mesopotamia,k_armenia,e_byzantium,false,,867,CK3 00_landed_titles.txt
b_arsgul,c_hunyan,d_tlemcen,k_tahert,e_maghreb,false,,867,CK3 00_landed_titles.txt
b_arshan,c_tunka,d_selenga_valley,k_otuken,e_mongolia,true,first_barony_in_county_block,867,CK3 00_landed_titles.txt
b_arsjogk,c_jovvkuj,d_guoldat,k_sapmi,e_scandinavia,false,,867,CK3 00_landed_titles.txt
b_arsk,c_mamadych,d_kazan,k_volga_bulgaria,e_volga-ural,false,,867,CK3 00_landed_titles.txt
b_arslanbob,c_nasrabad,d_ferghana,k_transoxiana,e_turan,false,,867,CK3 00_landed_titles.txt
b_arta,c_nicopolis,d_epirus,k_epirus,e_byzantium,true,first_barony_in_county_block,867,CK3 00_landed_titles.txt
b_artaani,c_klarjeti,d_tao-klarjeti,k_georgia,e_byzantium,false,,867,CK3 00_landed_titles.txt
b_artah,c_qinnasrin,d_aleppo,k_syria,e_arabia,false,,867,CK3 00_landed_titles.txt
b_arthanuji,c_klarjeti,d_tao-klarjeti,k_georgia,e_byzantium,true,first_barony_in_county_block,867,CK3 00_landed_titles.txt
b_arti,c_uraltau,d_uraltau,k_bashkiria,e_volga-ural,false,,867,CK3 00_landed_titles.txt
b_artsyz,c_chilia,d_bugeac,k_moldavia,e_carpathia,false,,867,CK3 00_landed_titles.txt
b_aruj,c_sardan,d_khuzestan,k_persia,e_persia,false,,867,CK3 00_landed_titles.txt
b_arun,c_sussex,d_canterbury,k_england,e_britannia,false,,867,CK3 00_landed_titles.txt
b_arusi,c_arusi,d_dawaro,k_adal,e_abyssinia,true,first_barony_in_county_block,867,CK3 00_landed_titles.txt
b_arusi-north,c_arusi,d_dawaro,k_adal,e_abyssinia,false,,867,CK3 00_landed_titles.txt
b_arva,c_orava,d_nyitra,k_hungary,e_carpathia,true,first_barony_in_county_block,867,CK3 00_landed_titles.txt
b_arviesjavrrie,c_biton,d_vuovdisamieana,k_sapmi,e_scandinavia,false,,867,CK3 00_landed_titles.txt
b_arxog,c_baqen,d_qamdo,k_kham,e_tibet,false,,867,CK3 00_landed_titles.txt
b_arys-kum,c_aral_karakum,d_aral_karakum,k_oghuz_il,e_turan,false,,867,CK3 00_landed_titles.txt
b_arzan,c_mayyafariqin,d_diyarbakr,k_jazira,e_persia,false,,867,CK3 00_landed_titles.txt
b_arzew,c_orania,d_tlemcen,k_tahert,e_maghreb,false,,867,CK3 00_landed_titles.txt
b_arzhan,c_arzhan,d_togina,k_tuva,e_mongolia,true,first_barony_in_county_block,867,CK3 00_landed_titles.txt
b_as-safra,c_medina,d_medina,k_arabia,e_arabia,false,,867,CK3 00_landed_titles.txt
b_as-saimara,c_saimara,d_kermanshah,k_persia,e_persia,false,,867,CK3 00_landed_titles.txt
b_as-salila,c_harrat_rahat,d_medina,k_arabia,e_arabia,false,,867,CK3 00_landed_titles.txt
b_as-saliq,c_batiha,d_kufa,k_mesopotamia,e_persia,false,,867,CK3 00_landed_titles.txt
b_as-salman,c_akhadid,d_kufa,k_mesopotamia,e_persia,true,first_barony_in_county_block,867,CK3 00_landed_titles.txt
b_as-samman,c_samman,d_bahrain,k_arabia,e_arabia,false,,867,CK3 00_landed_titles.txt
b_as-sawariqiya,c_harrat_rahat,d_medina,k_arabia,e_arabia,true,first_barony_in_county_block,867,CK3 00_landed_titles.txt
b_as-sayaa,c_medina,d_medina,k_arabia,e_arabia,false,,867,CK3 00_landed_titles.txt
b_as-sinn,c_irbil,d_kurdistan,k_jazira,e_persia,false,,867,CK3 00_landed_titles.txt
b_as-sirayn,c_tihama,d_mecca,k_arabia,e_arabia,true,first_barony_in_county_block,867,CK3 00_landed_titles.txt
b_as-subia,c_waqisa,d_kufa,k_mesopotamia,e_persia,false,,867,CK3 00_landed_titles.txt
b_as-sukhna,c_sukhna,d_palmyra,k_syria,e_arabia,true,first_barony_in_county_block,867,CK3 00_landed_titles.txt
b_as-sumaina,c_shaqiq,d_najd,k_arabia,e_arabia,false,,867,CK3 00_landed_titles.txt
b_as-suqya,c_khaybar,d_medina,k_arabia,e_arabia,false,,867,CK3 00_landed_titles.txt
b_as-sus,c_tustar,d_khuzestan,k_persia,e_persia,false,,867,CK3 00_landed_titles.txt
b_as-suwaida,c_amida,d_diyarbakr,k_jazira,e_persia,false,,867,CK3 00_landed_titles.txt
b_as-suwaida-hauran,c_hauran,d_damascus,k_syria,e_arabia,false,,867,CK3 00_landed_titles.txt
b_as-suwaydiya,c_antiocheia,d_antioch,k_syria,e_arabia,false,,867,CK3 00_landed_titles.txt
b_asak,c_ramhurmuz,d_khuzestan,k_persia,e_persia,false,,867,CK3 00_landed_titles.txt
b_asanapat,c_khijjingakota,d_tosali,k_orissa,e_bengal,false,,867,CK3 00_landed_titles.txt
b_asante_manso,c_kumasi,d_ashanti,k_akan,e_guinea,false,,867,CK3 00_landed_titles.txt
b_asaybay,c_bulat,d_betpa,k_saryarka,e_tartaria,false,,867,CK3 00_landed_titles.txt
b_asbid-dasht,c_luristan,d_isfahan,k_persia,e_persia,true,first_barony_in_county_block,867,CK3 00_landed_titles.txt
b_ascalon,c_ghazza,d_palestine,k_jerusalem,e_arabia,false,,867,CK3 00_landed_titles.txt
b_asciano,c_siena,d_toscana,k_italy,e_italy,false,,867,CK3 00_landed_titles.txt
b_ascoli_piceno,c_fermo,d_ancona,k_romagna,e_italy,false,,867,CK3 00_landed_titles.txt
b_asfanjay,c_sibi,d_bhakkar,k_sindh,e_rajastan,false,,867,CK3 00_landed_titles.txt
b_asfi,c_asfi,d_marrakesh,k_maghreb,e_maghreb,true,first_barony_in_county_block,867,CK3 00_landed_titles.txt
b_asfuzar,c_sabzevar,d_herat,k_khorasan,e_persia,true,first_barony_in_county_block,867,CK3 00_landed_titles.txt
b_ash-shamsiya,c_khabur,d_diyarrabia,k_jazira,e_persia,false,,867,CK3 00_landed_titles.txt
b_ash-sharaf,c_sanaa,d_sanaa,k_yemen,e_arabia,false,,867,CK3 00_landed_titles.txt
b_ash-shihr,c_mahra,d_mahra,k_yemen,e_arabia,true,first_barony_in_county_block,867,CK3 00_landed_titles.txt
b_ash-shuqayq,c_tihama,d_mecca,k_arabia,e_arabia,false,,867,CK3 00_landed_titles.txt
b_ashaval,c_khetaka,d_gurjara_mandala,k_gujarat,e_rajastan,false,,867,CK3 00_landed_titles.txt
b_asheh-atrik,c_namastau,d_jemba,k_oghuz_il,e_turan,false,,867,CK3 00_landed_titles.txt
b_ashir_banya,c_ashir,d_tahert,k_tahert,e_maghreb,false,,867,CK3 00_landed_titles.txt
b_ashir_yashir,c_ashir,d_tahert,k_tahert,e_maghreb,true,first_barony_in_county_block,867,CK3 00_landed_titles.txt
b_ashli,c_ashli,d_volga_bulgaria,k_volga_bulgaria,e_volga-ural,true,first_barony_in_county_block,867,CK3 00_landed_titles.txt
b_ashpara,c_suyab,d_talas_alatau,k_syr_darya,e_turan,false,,867,CK3 00_landed_titles.txt
b_asht,c_khojand,d_ferghana,k_transoxiana,e_turan,false,,867,CK3 00_landed_titles.txt
b_ashta,c_sarangpur,d_akara_dasarna,k_malwa,e_rajastan,false,,867,CK3 00_landed_titles.txt
b_asigarh,c_hisar,d_haritanaka,k_delhi,e_rajastan,true,first_barony_in_county_block,867,CK3 00_landed_titles.txt
b_asika,c_hisar,d_haritanaka,k_delhi,e_rajastan,false,,867,CK3 00_landed_titles.txt
b_asila,c_tangiers,d_rif,k_maghreb,e_maghreb,false,,867,CK3 00_landed_titles.txt
b_asirgarh,c_asirgarh,d_anupa,k_malwa,e_rajastan,true,first_barony_in_county_block,867,CK3 00_landed_titles.txt
b_askedal,c_tahert,d_tahert,k_tahert,e_maghreb,false,,867,CK3 00_landed_titles.txt
b_askhanda,c_karur,d_multan,k_punjab,e_rajastan,false,,867,CK3 00_landed_titles.txt
b_askole,c_shigar,d_baltiyul,k_maryul,e_tibet,false,,867,CK3 00_landed_titles.txt
b_askot,c_kumaon,d_kurmanchal,k_himalaya,e_rajastan,false,,867,CK3 00_landed_titles.txt
b_asmaak,c_sibir,d_sibir,k_sibir,e_siberia,false,,867,CK3 00_landed_titles.txt
b_asni,c_asni,d_kanyakubja,k_kosala,e_rajastan,true,first_barony_in_county_block,867,CK3 00_landed_titles.txt
b_aso,c_aso,d_nyima,k_tsang,e_tibet,true,first_barony_in_county_block,867,CK3 00_landed_titles.txt
b_aspona,c_lower_galatia,d_cappadocia,k_anatolia,e_byzantium,false,,867,CK3 00_landed_titles.txt
b_aspona_CHA,c_charsianon,d_charsianon,k_anatolia,e_byzantium,false,,867,CK3 00_landed_titles.txt
b_assa,c_ifni,d_sous,k_maghreb,e_maghreb,false,,867,CK3 00_landed_titles.txt
b_assab,c_tadjoura,d_zaila,k_adal,e_abyssinia,false,,867,CK3 00_landed_titles.txt
b_assen,c_groningen,d_utrecht,k_frisia,e_germany,false,,867,CK3 00_landed_titles.txt
b_assin,c_adanse,d_ashanti,k_akan,e_guinea,false,,867,CK3 00_landed_titles.txt
b_assissi,c_spoleto,d_spoleto,k_romagna,e_italy,false,,867,CK3 00_landed_titles.txt
b_assynt,c_sutherland,d_moray,k_scotland,e_britannia,false,,867,CK3 00_landed_titles.txt
b_astana,c_astana,d_kazakh,k_cuman,e_tartaria,true,first_barony_in_county_block,867,CK3 00_landed_titles.txt
b_astarabad,c_gurgan,d_gurgan,k_daylam,e_persia,false,,867,CK3 00_landed_titles.txt
b_astarac,c_comminges,d_armagnac,k_aquitaine,e_france,false,,867,CK3 00_landed_titles.txt
b_asti,c_monferrato,d_piedmonte,k_italy,e_italy,true,first_barony_in_county_block,867,CK3 00_landed_titles.txt
b_astore,c_astore,d_kasmira,k_kashmir,e_rajastan,true,first_barony_in_county_block,867,CK3 00_landed_titles.txt
b_astorga,c_astorga,d_galicia,k_spanish_galicia,e_spain,true,first_barony_in_county_block,867,CK3 00_landed_titles.txt
b_astrakhan,c_astrakhan,d_khazaria,k_caucasus,e_caspian-pontic_steppe,true,first_barony_in_county_block,867,CK3 00_landed_titles.txt
b_astrakhanka,c_astrakhanka,d_kazakh,k_cuman,e_tartaria,true,first_barony_in_county_block,867,CK3 00_landed_titles.txt
b_asurgarh,c_swetaka_mandala,d_kalinga,k_orissa,e_bengal,false,,867,CK3 00_landed_titles.txt
b_aswan,c_aswan,d_al-said,k_egypt,e_arabia,true,first_barony_in_county_block,867,CK3 00_landed_titles.txt
b_aswan-west,c_aswan,d_al-said,k_egypt,e_arabia,false,,867,CK3 00_landed_titles.txt
b_asyut,c_asyut,d_al-said,k_egypt,e_arabia,true,first_barony_in_county_block,867,CK3 00_landed_titles.txt
b_at-tafila,c_kerak,d_oultrejourdain,k_jerusalem,e_arabia,false,,867,CK3 00_landed_titles.txt
b_at-taif,c_taif,d_mecca,k_arabia,e_arabia,true,first_barony_in_county_block,867,CK3 00_landed_titles.txt
b_at-tib,c_tib,d_wasit,k_mesopotamia,e_persia,true,first_barony_in_county_block,867,CK3 00_landed_titles.txt
b_at-tur,c_sinai,d_sinai,k_egypt,e_arabia,true,first_barony_in_county_block,867,CK3 00_landed_titles.txt
b_atakpame,c_todo,d_savalu,k_borgu,e_guinea,false,,867,CK3 00_landed_titles.txt
b_atamansku,c_atamansku,d_aqtobe,k_caspian_steppe,e_caspian-pontic_steppe,true,first_barony_in_county_block,867,CK3 00_landed_titles.txt
b_atapuerca,c_burgos,d_castilla,k_castille,e_spain,false,,867,CK3 00_landed_titles.txt
b_atbara,c_atbara,d_makuria,k_nubia,e_abyssinia,true,first_barony_in_county_block,867,CK3 00_landed_titles.txt
b_atbasar,c_atbasar,d_atbasar,k_qara_dala,e_tartaria,true,first_barony_in_county_block,867,CK3 00_landed_titles.txt
b_atebubu,c_upper_bono,d_brong,k_akan,e_guinea,true,first_barony_in_county_block,867,CK3 00_landed_titles.txt
b_atfih,c_cairo,d_cairo,k_egypt,e_arabia,false,,867,CK3 00_landed_titles.txt
b_ath,c_hainaut,d_brabant,k_lotharingia,e_germany,false,,867,CK3 00_landed_titles.txt
b_ath-thalabiya,c_thalabiya,d_jawf,k_arabia,e_arabia,true,first_barony_in_county_block,867,CK3 00_landed_titles.txt
b_athenry,c_connacht,d_connacht,k_ireland,e_britannia,false,,867,CK3 00_landed_titles.txt
b_athens,c_attica,d_athens,k_hellas,e_byzantium,true,first_barony_in_county_block,867,CK3 00_landed_titles.txt
b_athgarh,c_kataka,d_tosali,k_orissa,e_bengal,false,,867,CK3 00_landed_titles.txt
b_athlone,c_athlone,d_meath,k_ireland,e_britannia,true,first_barony_in_county_block,867,CK3 00_landed_titles.txt
b_athy,c_ossory,d_leinster,k_ireland,e_britannia,false,,867,CK3 00_landed_titles.txt
b_atkarsk,c_atkarsk,d_chuvashia,k_mordvinia,e_volga-ural,true,first_barony_in_county_block,867,CK3 00_landed_titles.txt
b_atlym,c_koda,d_kazym,k_yugra,e_siberia,false,,867,CK3 00_landed_titles.txt
b_ato,c_zadoi,d_zadoi,k_amdo,e_tibet,false,,867,CK3 00_landed_titles.txt
b_atri,c_teramo,d_spoleto,k_romagna,e_italy,false,,867,CK3 00_landed_titles.txt
b_attahasa,c_nabadwipa,d_nadia,k_bengal,e_bengal,false,,867,CK3 00_landed_titles.txt
b_attak,c_udabhanda,d_gandhara,k_punjab,e_rajastan,false,,867,CK3 00_landed_titles.txt
b_attaleia,c_lycia,d_cibyrrhaeot,k_anatolia,e_byzantium,false,,867,CK3 00_landed_titles.txt
b_attalia,c_thyatira,d_thracesia,k_nikaea,e_byzantium,false,,867,CK3 00_landed_titles.txt
b_attar,c_tihamat-al-yamani,d_sanaa,k_yemen,e_arabia,true,first_barony_in_county_block,867,CK3 00_landed_titles.txt
b_attie,c_attie,d_adiukru,k_akan,e_guinea,true,first_barony_in_county_block,867,CK3 00_landed_titles.txt
b_atus,c_maralbeshi,d_kashgar,k_khotan,e_turan,false,,867,CK3 00_landed_titles.txt
b_atyrau,c_atyrau,d_atyrau,k_caspian_steppe,e_caspian-pontic_steppe,true,first_barony_in_county_block,867,CK3 00_landed_titles.txt
b_aube,c_sens,d_champagne,k_france,e_france,false,,867,CK3 00_landed_titles.txt
b_aubusson,c_la_marche,d_bourbon,k_aquitaine,e_france,false,,867,CK3 00_landed_titles.txt
b_audo,c_ganale,d_shabelle,k_bale,e_azania,false,,867,CK3 00_landed_titles.txt
b_augsburg,c_augsburg,d_augsburg,k_bavaria,e_germany,true,first_barony_in_county_block,867,CK3 00_landed_titles.txt
b_auliekol,c_kush-murun,d_kush-murun,k_qara_dala,e_tartaria,false,,867,CK3 00_landed_titles.txt
b_aumale,c_eu,d_normandy,k_france,e_france,false,,867,CK3 00_landed_titles.txt
b_auno,c_jimi,d_kanem,k_kanem,e_kanem_bornu,false,,867,CK3 00_landed_titles.txt
b_aunus,c_onega,d_karelia,k_finland,e_scandinavia,false,,867,CK3 00_landed_titles.txt
b_aurillac,c_auvergne,d_auvergne,k_aquitaine,e_france,true,first_barony_in_county_block,867,CK3 00_landed_titles.txt
b_ausa,c_naldurg,d_rattapadi,k_maharastra,e_deccan,false,,867,CK3 00_landed_titles.txt
b_austfold,c_vingulmork,d_viken,k_norway,e_scandinavia,false,,867,CK3 00_landed_titles.txt
b_autun,c_chalon,d_burgundy,k_france,e_france,false,,867,CK3 00_landed_titles.txt
b_auxerre,c_auxerre,d_burgundy,k_france,e_france,true,first_barony_in_county_block,867,CK3 00_landed_titles.txt
b_aval,c_nasaiya,d_ferghana,k_transoxiana,e_turan,false,,867,CK3 00_landed_titles.txt
b_avaskar,c_blekinge,d_skane,k_denmark,e_scandinavia,false,,867,CK3 00_landed_titles.txt
b_aveiro,c_aveiro,d_coimbra,k_portugal,e_spain,true,first_barony_in_county_block,867,CK3 00_landed_titles.txt
b_aversa,c_napoli,d_capua,k_sicily,e_byzantium,false,,867,CK3 00_landed_titles.txt
b_avezzano,c_abruzzi,d_spoleto,k_romagna,e_italy,true,first_barony_in_county_block,867,CK3 00_landed_titles.txt
b_avignon,c_venaissin,d_provence,k_burgundy,e_france,false,,867,CK3 00_landed_titles.txt
b_avila,c_avila,d_leon,k_leon,e_spain,true,first_barony_in_county_block,867,CK3 00_landed_titles.txt
b_aviovara,c_aviovara,d_duortnoseatnu,k_sapmi,e_scandinavia,true,first_barony_in_county_block,867,CK3 00_landed_titles.txt
b_avis,c_alcacer_do_sal,d_beja,k_badajoz,e_spain,false,,867,CK3 00_landed_titles.txt
b_avlonas,c_avlonas,d_dyrrachion,k_epirus,e_byzantium,true,first_barony_in_county_block,867,CK3 00_landed_titles.txt
b_avraikheer,c_tovkhon,d_ovorkhangai,k_naimania,e_mongolia,false,,867,CK3 00_landed_titles.txt
b_avranches,c_avranches,d_normandy,k_france,e_france,true,first_barony_in_county_block,867,CK3 00_landed_titles.txt
b_avrautau,c_ghulja,d_ili-alatau,k_zhetysu,e_tartaria,false,,867,CK3 00_landed_titles.txt
b_aw_barre,c_dakkar,d_adal,k_adal,e_abyssinia,false,,867,CK3 00_landed_titles.txt
b_awash,c_awssa,d_mora,k_adal,e_abyssinia,false,,867,CK3 00_landed_titles.txt
b_awbuk,c_tadjoura,d_zaila,k_adal,e_abyssinia,false,,867,CK3 00_landed_titles.txt
b_awdaghost,c_hodh,d_tagant,k_ghana,e_mali,true,first_barony_in_county_block,867,CK3 00_landed_titles.txt
b_awgham,c_walata,d_wagadu,k_ghana,e_mali,false,,867,CK3 00_landed_titles.txt
b_awjila,c_awjila,d_cyrenaica,k_egypt,e_arabia,true,first_barony_in_county_block,867,CK3 00_landed_titles.txt
b_awlil,c_takrur,d_takrur,k_takrur,e_mali,false,,867,CK3 00_landed_titles.txt
b_awliya-ata,c_otrar,d_chah,k_syr_darya,e_turan,false,,867,CK3 00_landed_titles.txt
b_awssa,c_awssa,d_mora,k_adal,e_abyssinia,true,first_barony_in_county_block,867,CK3 00_landed_titles.txt
b_awzaj,c_wakhsh,d_khuttal,k_transoxiana,e_turan,false,,867,CK3 00_landed_titles.txt
b_axu,c_garze,d_dege,k_kham,e_tibet,false,,867,CK3 00_landed_titles.txt
b_ayagoz,c_guzkol,d_alakol,k_zhetysu,e_tartaria,false,,867,CK3 00_landed_titles.txt
b_ayakkum,c_kumkol,d_nagormo,k_amdo,e_tibet,true,first_barony_in_county_block,867,CK3 00_landed_titles.txt
b_ayamonte,c_niebla,d_sevilla,k_andalusia,e_spain,false,,867,CK3 00_landed_titles.txt
b_ayas,c_tall_hamid,d_cilicia,k_anatolia,e_byzantium,false,,867,CK3 00_landed_titles.txt
b_aydhab,c_aydhab,d_naqis,k_blemmyia,e_abyssinia,true,first_barony_in_county_block,867,CK3 00_landed_titles.txt
b_aylesbury,c_buckinghamshire,d_bedford,k_england,e_britannia,false,,867,CK3 00_landed_titles.txt
b_ayodhya,c_ayodhya,d_saryupara,k_kosala,e_rajastan,true,first_barony_in_county_block,867,CK3 00_landed_titles.txt
b_ayrtau,c_kalbin,d_semey,k_kipchak,e_tartaria,false,,867,CK3 00_landed_titles.txt
b_aytos,c_aytos,d_turnovo,k_bulgaria,e_byzantium,true,first_barony_in_county_block,867,CK3 00_landed_titles.txt
b_az-dhafra,c_dhafra,d_al-hasa,k_arabia,e_arabia,true,first_barony_in_county_block,867,CK3 00_landed_titles.txt
b_az-zabadani,c_baalbek,d_damascus,k_syria,e_arabia,false,,867,CK3 00_landed_titles.txt
b_az-zarqa,c_balqa,d_amman,k_arabia,e_arabia,false,,867,CK3 00_landed_titles.txt
b_azadawan,c_darmashan,d_ghur,k_khorasan,e_persia,true,first_barony_in_county_block,867,CK3 00_landed_titles.txt
b_azam,c_dawraq,d_khuzestan,k_persia,e_persia,false,,867,CK3 00_landed_titles.txt
b_azare,c_katagum,d_kagha,k_kanem,e_kanem_bornu,false,,867,CK3 00_landed_titles.txt
b_azas,c_azas,d_togina,k_tuva,e_mongolia,true,first_barony_in_county_block,867,CK3 00_landed_titles.txt
b_azaz,c_aleppo,d_aleppo,k_syria,e_arabia,false,,867,CK3 00_landed_titles.txt
b_azez-kul,c_jend,d_syr_darya,k_syr_darya,e_turan,false,,867,CK3 00_landed_titles.txt
b_azgyl,c_qoshagyl,d_jemba,k_oghuz_il,e_turan,false,,867,CK3 00_landed_titles.txt
b_azov,c_azov,d_azov,k_caucasus,e_caspian-pontic_steppe,true,first_barony_in_county_block,867,CK3 00_landed_titles.txt
b_azukki,c_azukki,d_adrar,k_anbiya,e_maghreb,false,,867,CK3 00_landed_titles.txt
b_azzamur,c_tamasna,d_marrakesh,k_maghreb,e_maghreb,false,,867,CK3 00_landed_titles.txt
b_azzan,c_dathina,d_taizz,k_yemen,e_arabia,false,,867,CK3 00_landed_titles.txt
b_baaft,c_sirjan,d_kirman,k_persia,e_persia,false,,867,CK3 00_landed_titles.txt
b_baalbak,c_baalbek,d_damascus,k_syria,e_arabia,true,first_barony_in_county_block,867,CK3 00_landed_titles.txt
b_babrov,c_karatayak,d_voronezh,k_mordvinia,e_volga-ural,false,,867,CK3 00_landed_titles.txt
b_babruysk,c_babruysk,d_pinsk,k_white_rus,e_russia,true,first_barony_in_county_block,867,CK3 00_landed_titles.txt
b_babur,c_garoua,d_wandala,k_sao,e_kanem_bornu,false,,867,CK3 00_landed_titles.txt
b_bacau,c_stoenesti,d_moldova,k_moldavia,e_carpathia,false,,867,CK3 00_landed_titles.txt
b_bachhraon,c_sambhal,d_vodamayutja,k_delhi,e_rajastan,false,,867,CK3 00_landed_titles.txt
b_bacs,c_bacs,d_bacs,k_hungary,e_carpathia,true,first_barony_in_county_block,867,CK3 00_landed_titles.txt
b_bad,c_gojjam,d_gojjam,k_abyssinia,e_abyssinia,false,,867,CK3 00_landed_titles.txt
b_bada,c_wajh,d_medina,k_arabia,e_arabia,false,,867,CK3 00_landed_titles.txt
b_badagry,c_ifonyin,d_ibadan,k_yorubaland,e_guinea,false,,867,CK3 00_landed_titles.txt
b_badah,c_rajanpur,d_bhakkar,k_sindh,e_rajastan,false,,867,CK3 00_landed_titles.txt
b_badajoz,c_badajoz,d_badajoz,k_badajoz,e_spain,true,first_barony_in_county_block,867,CK3 00_landed_titles.txt
b_badakhshan,c_badakhshan,d_badakhshan,k_transoxiana,e_turan,true,first_barony_in_county_block,867,CK3 00_landed_titles.txt
b_badakhshan_TARIM,c_shughnan,d_badakhshan,k_transoxiana,e_turan,false,,867,CK3 00_landed_titles.txt
b_badaraya,c_badaraya,d_baghdad,k_mesopotamia,e_persia,true,first_barony_in_county_block,867,CK3 00_landed_titles.txt
b_baden,c_baden,d_swabia,k_east_francia,e_germany,true,first_barony_in_county_block,867,CK3 00_landed_titles.txt
b_badenoch,c_inverness,d_moray,k_scotland,e_britannia,false,,867,CK3 00_landed_titles.txt
b_badi,c_badi,d_bazin,k_blemmyia,e_abyssinia,true,first_barony_in_county_block,867,CK3 00_landed_titles.txt
b_badibu,c_niomi,d_wuli,k_kaabu,e_mali,false,,867,CK3 00_landed_titles.txt
b_badin,c_sonda,d_sauvira,k_sindh,e_rajastan,false,,867,CK3 00_landed_titles.txt
b_badis,c_biskra,d_zab,k_tahert,e_maghreb,false,,867,CK3 00_landed_titles.txt
b_badumbe,c_gangaran,d_bambuk,k_mali,e_mali,true,first_barony_in_county_block,867,CK3 00_landed_titles.txt
b_baeberdon,c_trebizond,d_chaldia,k_pontus,e_byzantium,false,,867,CK3 00_landed_titles.txt
b_bafinko,c_mau,d_toro,k_guinea,e_guinea,false,,867,CK3 00_landed_titles.txt
b_bafulabe,c_gangaran,d_bambuk,k_mali,e_mali,false,,867,CK3 00_landed_titles.txt
b_bag,c_lika,d_croatia,k_croatia,e_byzantium,false,,867,CK3 00_landed_titles.txt
b_bagahus,c_raniriki,d_viken,k_norway,e_scandinavia,true,first_barony_in_county_block,867,CK3 00_landed_titles.txt
b_bagan,c_sartlan,d_baraba_steppe,k_ob,e_siberia,false,,867,CK3 00_landed_titles.txt
b_bagaran,c_hayk,d_greater_armenia,k_armenia,e_byzantium,false,,867,CK3 00_landed_titles.txt
b_bagavan,c_bagrewand,d_greater_armenia,k_armenia,e_byzantium,false,,867,CK3 00_landed_titles.txt
b_bagavi,c_sagar,d_kalyani,k_karnata,e_deccan,false,,867,CK3 00_landed_titles.txt
b_bagerhat,c_candradvipa,d_vanga,k_bengal,e_bengal,false,,867,CK3 00_landed_titles.txt
b_baghaya,c_bilizma,d_zab,k_tahert,e_maghreb,false,,867,CK3 00_landed_titles.txt
b_baghdad,c_baghdad,d_baghdad,k_mesopotamia,e_persia,true,first_barony_in_county_block,867,CK3 00_landed_titles.txt
b_baghlan,c_east-tokharestan,d_balkh,k_khorasan,e_persia,false,,867,CK3 00_landed_titles.txt
b_baghmundi,c_mallabhum,d_suhma,k_bengal,e_bengal,false,,867,CK3 00_landed_titles.txt
b_baghras,c_alexandretta,d_antioch,k_syria,e_arabia,false,,867,CK3 00_landed_titles.txt
b_baghshur,c_marvarrud,d_merv,k_khorasan,e_persia,false,,867,CK3 00_landed_titles.txt
b_bagis,c_lydia,d_thracesia,k_nikaea,e_byzantium,false,,867,CK3 00_landed_titles.txt
b_bagish,c_cherik,d_talas_alatau,k_syr_darya,e_turan,false,,867,CK3 00_landed_titles.txt
b_bagnin,c_zamindawar,d_zabulistan,k_kabulistan,e_persia,false,,867,CK3 00_landed_titles.txt
b_baguirmi,c_baguirmi,d_baguirmi,k_sao,e_kanem_bornu,false,,867,CK3 00_landed_titles.txt
b_baguirmi-west,c_baguirmi,d_baguirmi,k_sao,e_kanem_bornu,false,,867,CK3 00_landed_titles.txt
b_bahalda,c_khijjingakota,d_tosali,k_orissa,e_bengal,false,,867,CK3 00_landed_titles.txt
b_bahasna,c_samosata,d_edessa,k_syria,e_arabia,false,,867,CK3 00_landed_titles.txt
b_bahir_giyorgis,c_gojjam,d_gojjam,k_abyssinia,e_abyssinia,false,,867,CK3 00_landed_titles.txt
b_bahla,c_nizwa,d_oman,k_arabia,e_arabia,false,,867,CK3 00_landed_titles.txt
b_bahoriband,c_bandhugadha,d_ratanpur,k_gondwana,e_bengal,false,,867,CK3 00_landed_titles.txt
b_bahr_el-ghazzal_route,c_bodele,d_tibesti,k_sahara,e_maghreb,false,,867,CK3 00_landed_titles.txt
b_bahraich,c_naimisa,d_saryupara,k_kosala,e_rajastan,false,,867,CK3 00_landed_titles.txt
b_baht,c_meknes,d_fes,k_maghreb,e_maghreb,false,,867,CK3 00_landed_titles.txt
b_baia,c_suceava,d_bukovina,k_moldavia,e_carpathia,false,,867,CK3 00_landed_titles.txt
b_baia_de_arama,c_targu_jiu,d_oltenia,k_dacia,e_carpathia,false,,867,CK3 00_landed_titles.txt
b_baibalik,c_baibalik,d_selenga_valley,k_otuken,e_mongolia,true,first_barony_in_county_block,867,CK3 00_landed_titles.txt
b_baidha-petra,c_negev,d_oultrejourdain,k_jerusalem,e_arabia,false,,867,CK3 00_landed_titles.txt
b_baigalan_chaya,c_baigaluuls,d_baigaluuls,k_buryatia,e_mongolia,false,,867,CK3 00_landed_titles.txt
b_bailaqan,c_bailaqan,d_azerbaijan,k_daylam,e_persia,true,first_barony_in_county_block,867,CK3 00_landed_titles.txt
b_bailjar,c_qyzylustyurt,d_transcaspiana,k_oghuz_il,e_turan,true,first_barony_in_county_block,867,CK3 00_landed_titles.txt
b_bainuk,c_jame,d_kasa,k_kaabu,e_mali,false,,867,CK3 00_landed_titles.txt
b_bairab,c_memar,d_rutog,k_maryul,e_tibet,false,,867,CK3 00_landed_titles.txt
b_baisary,c_baisary,d_atyrau,k_caspian_steppe,e_caspian-pontic_steppe,true,first_barony_in_county_block,867,CK3 00_landed_titles.txt
b_baitadi,c_doti,d_kurmanchal,k_himalaya,e_rajastan,false,,867,CK3 00_landed_titles.txt
b_baiyang,c_karamay,d_tarbagatai,k_zhetysu,e_tartaria,false,,867,CK3 00_landed_titles.txt
b_baja_medjerda,c_medjerda,d_tunis,k_africa,e_maghreb,true,first_barony_in_county_block,867,CK3 00_landed_titles.txt
b_bajar,c_kaabu,d_kaabu,k_kaabu,e_mali,false,,867,CK3 00_landed_titles.txt
b_bajarwan,c_raqqa,d_diyarmudar,k_jazira,e_persia,false,,867,CK3 00_landed_titles.txt
b_bajlan,c_basra,d_basra,k_mesopotamia,e_persia,true,first_barony_in_county_block,867,CK3 00_landed_titles.txt
b_bajmoc,c_nyitra,d_nyitra,k_hungary,e_carpathia,false,,867,CK3 00_landed_titles.txt
b_bajrakot,c_kodalaka_mandala,d_tosali,k_orissa,e_bengal,false,,867,CK3 00_landed_titles.txt
b_bajura,c_bajura,d_khasa,k_himalaya,e_rajastan,true,first_barony_in_county_block,867,CK3 00_landed_titles.txt
b_bakanas,c_kulan_uynak,d_kentarlau,k_kipchak,e_tartaria,true,first_barony_in_county_block,867,CK3 00_landed_titles.txt
b_bakash-aul,c_atyrau,d_atyrau,k_caspian_steppe,e_caspian-pontic_steppe,false,,867,CK3 00_landed_titles.txt
b_bake,c_nalu,d_sapi,k_guinea,e_guinea,false,,867,CK3 00_landed_titles.txt
b_bakel,c_galam,d_silla,k_takrur,e_mali,true,first_barony_in_county_block,867,CK3 00_landed_titles.txt
b_bakhmut,c_bakhmut,d_levedia,k_pontic_steppe,e_caspian-pontic_steppe,true,first_barony_in_county_block,867,CK3 00_landed_titles.txt
b_baklanska,c_chadrinsk,d_vogulia,k_bashkiria,e_volga-ural,false,,867,CK3 00_landed_titles.txt
b_baklansky,c_kurgan,d_kurgan,k_qara_dala,e_tartaria,false,,867,CK3 00_landed_titles.txt
b_bakrabad,c_gurgan,d_gurgan,k_daylam,e_persia,false,,867,CK3 00_landed_titles.txt
b_bakrawath,c_rukhaj,d_zabulistan,k_kabulistan,e_persia,false,,867,CK3 00_landed_titles.txt
b_baksa,c_ubins,d_baraba_steppe,k_ob,e_siberia,false,,867,CK3 00_landed_titles.txt
b_baku,c_shirvan,d_shirvan,k_daylam,e_persia,true,first_barony_in_county_block,867,CK3 00_landed_titles.txt
b_bakunu,c_kaniaga,d_kaniaga,k_ghana,e_mali,false,,867,CK3 00_landed_titles.txt
b_bakusaya,c_badaraya,d_baghdad,k_mesopotamia,e_persia,false,,867,CK3 00_landed_titles.txt
b_bala_iskem,c_kurtysh,d_uzboy,k_transoxiana,e_turan,false,,867,CK3 00_landed_titles.txt
b_balachev,c_balachev,d_khopyor,k_mordvinia,e_volga-ural,true,first_barony_in_county_block,867,CK3 00_landed_titles.txt
b_balad,c_samarra,d_samarra,k_mesopotamia,e_persia,false,,867,CK3 00_landed_titles.txt
b_balad-mosul,c_mosul,d_diyarrabia,k_jazira,e_persia,false,,867,CK3 00_landed_titles.txt
b_balaguer,c_urgell,d_barcelona,k_aragon,e_spain,false,,867,CK3 00_landed_titles.txt
b_balanjar,c_derbent,d_ciscaucasia,k_caucasus,e_caspian-pontic_steppe,false,,867,CK3 00_landed_titles.txt
b_balasaghun,c_balashagun,d_talas_alatau,k_syr_darya,e_turan,true,first_barony_in_county_block,867,CK3 00_landed_titles.txt
b_balassagyarmat,c_hont,d_nyitra,k_hungary,e_carpathia,false,,867,CK3 00_landed_titles.txt
b_balato,c_bure,d_manding,k_mali,e_mali,false,,867,CK3 00_landed_titles.txt
b_balbelec,c_garumele,d_bornu,k_kanem,e_kanem_bornu,false,,867,CK3 00_landed_titles.txt
b_baldanas,c_halsingland,d_norrland,k_sweden,e_scandinavia,false,,867,CK3 00_landed_titles.txt
b_baldyrgannyg,c_songuu_aallar,d_kargassia,k_khakassia,e_mongolia,false,,867,CK3 00_landed_titles.txt
b_baleshvara,c_viraja,d_tosali,k_orissa,e_bengal,false,,867,CK3 00_landed_titles.txt
b_balgun,c_balgun,d_naiman_gobi,k_dzungaria,e_tartaria,true,first_barony_in_county_block,867,CK3 00_landed_titles.txt
b_balhaf,c_mahra,d_mahra,k_yemen,e_arabia,false,,867,CK3 00_landed_titles.txt
b_bali,c_bali,d_bali,k_bale,e_azania,false,,867,CK3 00_landed_titles.txt
b_bali-east,c_bali,d_bali,k_bale,e_azania,false,,867,CK3 00_landed_titles.txt
b_bali-west,c_bali,d_bali,k_bale,e_azania,false,,867,CK3 00_landed_titles.txt
b_balkh,c_balkh,d_balkh,k_khorasan,e_persia,true,first_barony_in_county_block,867,CK3 00_landed_titles.txt
b_balkonda,c_balkonda,d_warangal,k_telingana,e_deccan,false,,867,CK3 00_landed_titles.txt
b_balla,c_baingoin,d_nagchu,k_u,e_tibet,false,,867,CK3 00_landed_titles.txt
b_ballater,c_mearns,d_albany,k_scotland,e_britannia,false,,867,CK3 00_landed_titles.txt
b_balti,c_soroca,d_moldova,k_moldavia,e_carpathia,false,,867,CK3 00_landed_titles.txt
b_baltimore,c_desmond,d_munster,k_ireland,e_britannia,false,,867,CK3 00_landed_titles.txt
b_baltit,c_gilgit,d_pamir,k_kashmir,e_rajastan,false,,867,CK3 00_landed_titles.txt
b_balu,c_mesopotamia,d_mesopotamia,k_armenia,e_byzantium,false,,867,CK3 00_landed_titles.txt
b_balung,c_deqen,d_batang,k_kham,e_tibet,false,,867,CK3 00_landed_titles.txt
b_balung_dulan,c_tuulain,d_tuyuhun,k_amdo,e_tibet,false,,867,CK3 00_landed_titles.txt
b_balvanyos,c_barcasag,d_transylvania,k_hungary,e_carpathia,false,,867,CK3 00_landed_titles.txt
b_bama,c_wandala,d_wandala,k_sao,e_kanem_bornu,false,,867,CK3 00_landed_titles.txt
b_bamain,c_badghis,d_herat,k_khorasan,e_persia,false,,867,CK3 00_landed_titles.txt
b_bamardani,c_kurdistan,d_kurdistan,k_jazira,e_persia,false,,867,CK3 00_landed_titles.txt
b_bambaya,c_kokoli,d_futa_jalon,k_mali,e_mali,false,,867,CK3 00_landed_titles.txt
b_bamberg,c_bamberg,d_east_franconia,k_east_francia,e_germany,true,first_barony_in_county_block,867,CK3 00_landed_titles.txt
b_bamburgh,c_northumberland,d_northumberland,k_england,e_britannia,true,first_barony_in_county_block,867,CK3 00_landed_titles.txt
b_bamian,c_bamian,d_kabul,k_kabulistan,e_persia,true,first_barony_in_county_block,867,CK3 00_landed_titles.txt
b_bamm,c_bam,d_kirman,k_persia,e_persia,true,first_barony_in_county_block,867,CK3 00_landed_titles.txt
b_bampur,c_bampur,d_jabal_kufs,k_makran,e_persia,false,,867,CK3 00_landed_titles.txt
b_banam,c_xigaze,d_xigaze,k_tsang,e_tibet,false,,867,CK3 00_landed_titles.txt
b_banamba,c_soso,d_kaniaga,k_ghana,e_mali,true,first_barony_in_county_block,867,CK3 00_landed_titles.txt
b_banbar,c_banbar,d_qamdo,k_kham,e_tibet,true,first_barony_in_county_block,867,CK3 00_landed_titles.txt
b_banbury,c_oxfordshire,d_gloucester,k_england,e_britannia,false,,867,CK3 00_landed_titles.txt
b_banda,c_begho,d_brong,k_akan,e_guinea,false,,867,CK3 00_landed_titles.txt
b_bandama,c_nzi,d_kong,k_kong,e_guinea,false,,867,CK3 00_landed_titles.txt
b_bandama-west,c_boubo,d_kru,k_guinea,e_guinea,false,,867,CK3 00_landed_titles.txt
b_bandama_springs,c_nyene,d_worodugu,k_kong,e_guinea,false,,867,CK3 00_landed_titles.txt
b_bandan,c_nih,d_sistan,k_makran,e_persia,false,,867,CK3 00_landed_titles.txt
b_bandanijan,c_hulwan,d_samarra,k_mesopotamia,e_persia,false,,867,CK3 00_landed_titles.txt
b_bandava,c_grobin,d_courland,k_lithuania,e_wendish_empire,false,,867,CK3 00_landed_titles.txt
b_bandhugadha,c_bandhugadha,d_ratanpur,k_gondwana,e_bengal,true,first_barony_in_county_block,867,CK3 00_landed_titles.txt
b_bandiagara,c_bandiagara,d_yatenga,k_gurma,e_mali,true,first_barony_in_county_block,867,CK3 00_landed_titles.txt
b_banff,c_buchan,d_moray,k_scotland,e_britannia,true,first_barony_in_county_block,867,CK3 00_landed_titles.txt
b_banffyhunyad,c_torda,d_transylvania,k_hungary,e_carpathia,false,,867,CK3 00_landed_titles.txt
b_bangaon,c_bangaon,d_tirabhukti,k_bihar,e_bengal,true,first_barony_in_county_block,867,CK3 00_landed_titles.txt
b_bangasi,c_kita,d_kaniaga,k_ghana,e_mali,false,,867,CK3 00_landed_titles.txt
b_bangdag,c_memar,d_rutog,k_maryul,e_tibet,false,,867,CK3 00_landed_titles.txt
b_bangor,c_ulster,d_ulster,k_ireland,e_britannia,false,,867,CK3 00_landed_titles.txt
b_bangu,c_kurmina,d_jenne,k_jenne,e_mali,false,,867,CK3 00_landed_titles.txt
b_banifing,c_tyendugu,d_worodugu,k_kong,e_guinea,true,first_barony_in_county_block,867,CK3 00_landed_titles.txt
b_baninko,c_sikasso,d_bobo,k_jenne,e_mali,false,,867,CK3 00_landed_titles.txt
b_baniyas,c_tiberias,d_urdunn,k_jerusalem,e_arabia,false,,867,CK3 00_landed_titles.txt
b_banja,c_ashli,d_volga_bulgaria,k_volga_bulgaria,e_volga-ural,false,,867,CK3 00_landed_titles.txt
b_banjaluka,c_vrbas,d_lower_bosna,k_croatia,e_byzantium,true,first_barony_in_county_block,867,CK3 00_landed_titles.txt
b_banjar,c_tripuri,d_dahala,k_gondwana,e_bengal,false,,867,CK3 00_landed_titles.txt
b_bankass,c_seno,d_yatenga,k_gurma,e_mali,true,first_barony_in_county_block,867,CK3 00_landed_titles.txt
b_bannajbur,c_panjgur,d_makran,k_makran,e_persia,true,first_barony_in_county_block,867,CK3 00_landed_titles.txt
b_bannu,c_bannu,d_gandhara,k_punjab,e_rajastan,true,first_barony_in_county_block,867,CK3 00_landed_titles.txt
b_banre,c_banre,d_baguirmi,k_sao,e_kanem_bornu,true,first_barony_in_county_block,867,CK3 00_landed_titles.txt
b_banzart,c_satfura,d_tunis,k_africa,e_maghreb,true,first_barony_in_county_block,867,CK3 00_landed_titles.txt
b_baoule,c_tyendugu,d_worodugu,k_kong,e_guinea,false,,867,CK3 00_landed_titles.txt
b_baqen,c_baqen,d_qamdo,k_kham,e_tibet,true,first_barony_in_county_block,867,CK3 00_landed_titles.txt
b_baqirda,c_hakkari,d_diyarbakr,k_jazira,e_persia,false,,867,CK3 00_landed_titles.txt
b_baqlin-east,c_baqlin,d_baqlin,k_blemmyia,e_abyssinia,false,,867,CK3 00_landed_titles.txt
b_baqlin-north,c_baqlin,d_baqlin,k_blemmyia,e_abyssinia,false,,867,CK3 00_landed_titles.txt
b_baqlin-west,c_baqlin,d_baqlin,k_blemmyia,e_abyssinia,false,,867,CK3 00_landed_titles.txt
b_baquba,c_baghdad,d_baghdad,k_mesopotamia,e_persia,false,,867,CK3 00_landed_titles.txt
b_bar,c_bar,d_bar,k_lotharingia,e_germany,true,first_barony_in_county_block,867,CK3 00_landed_titles.txt
b_bar_sur_aube,c_troyes,d_champagne,k_france,e_france,false,,867,CK3 00_landed_titles.txt
b_bar_sur_seine,c_sens,d_champagne,k_france,e_france,false,,867,CK3 00_landed_titles.txt
b_baraawe,c_jilib,d_west_ajuraan,k_ajuraan,e_azania,false,,867,CK3 00_landed_titles.txt
b_barala,c_konyan,d_toro,k_guinea,e_guinea,false,,867,CK3 00_landed_titles.txt
b_barandud,c_qain,d_kohestan,k_khorasan,e_persia,false,,867,CK3 00_landed_titles.txt
b_baranovichi,c_kletsk,d_pinsk,k_white_rus,e_russia,false,,867,CK3 00_landed_titles.txt
b_baranow,c_tarnowska,d_lesser_poland,k_poland,e_west_slavia,false,,867,CK3 00_landed_titles.txt
b_baranyavar,c_baranya,d_somogy,k_hungary,e_carpathia,true,first_barony_in_county_block,867,CK3 00_landed_titles.txt
b_baraqish,c_jawf-al-yamani,d_jawf-al-yamani,k_yemen,e_arabia,false,,867,CK3 00_landed_titles.txt
b_barasuru,c_barasuru,d_dandakaranya,k_orissa,e_bengal,true,first_barony_in_county_block,867,CK3 00_landed_titles.txt
b_barata,c_isauria,d_anatolia,k_anatolia,e_byzantium,false,,867,CK3 00_landed_titles.txt
b_baratigin,c_kurdar,d_khorezm,k_transoxiana,e_turan,false,,867,CK3 00_landed_titles.txt
b_barbacadle,c_barbacadle,d_hafun,k_ajuraan,e_azania,true,first_barony_in_county_block,867,CK3 00_landed_titles.txt
b_barbastau,c_ilek,d_aqtobe,k_caspian_steppe,e_caspian-pontic_steppe,false,,867,CK3 00_landed_titles.txt
b_barbastro,c_huesca,d_aragon,k_aragon,e_spain,false,,867,CK3 00_landed_titles.txt
b_barcelona,c_barcelona,d_barcelona,k_aragon,e_spain,true,first_barony_in_county_block,867,CK3 00_landed_titles.txt
b_barcelonnette,c_nice,d_provence,k_burgundy,e_france,false,,867,CK3 00_landed_titles.txt
b_barchuk,c_aksu,d_kashgar,k_khotan,e_turan,false,,867,CK3 00_landed_titles.txt
b_barda,c_aran,d_shirvan,k_daylam,e_persia,false,,867,CK3 00_landed_titles.txt
b_bardai,c_tibesti,d_tibesti,k_sahara,e_maghreb,false,,867,CK3 00_landed_titles.txt
b_bardak,c_bardak,d_sibir,k_sibir,e_siberia,true,first_barony_in_county_block,867,CK3 00_landed_titles.txt
b_bardhere,c_jubba,d_west_ajuraan,k_ajuraan,e_azania,true,first_barony_in_county_block,867,CK3 00_landed_titles.txt
b_bardo,c_breslau,d_lower_silesia,k_poland,e_west_slavia,false,,867,CK3 00_landed_titles.txt
b_bareily,c_vodamayutja,d_vodamayutja,k_delhi,e_rajastan,false,,867,CK3 00_landed_titles.txt
b_barfta,c_saris,d_ungvar,k_hungary,e_carpathia,false,,867,CK3 00_landed_titles.txt
b_bargajan,c_bargajan,d_dauria,k_buryatia,e_mongolia,true,first_barony_in_county_block,867,CK3 00_landed_titles.txt
b_barhut,c_hadramawt,d_hadramawt,k_yemen,e_arabia,false,,867,CK3 00_landed_titles.txt
b_bari,c_bari,d_apulia,k_sicily,e_byzantium,true,first_barony_in_county_block,867,CK3 00_landed_titles.txt
b_barimma,c_takrit,d_samarra,k_mesopotamia,e_persia,false,,867,CK3 00_landed_titles.txt
b_baris,c_kharga,d_al-wahat,k_egypt,e_arabia,false,,867,CK3 00_landed_titles.txt
b_barkam,c_barkam,d_gyalrong,k_gyalrong,e_tibet,true,first_barony_in_county_block,867,CK3 00_landed_titles.txt
b_barkat,c_zarafshan,d_osrushana,k_transoxiana,e_turan,false,,867,CK3 00_landed_titles.txt
b_barkdiz,c_marvarrud,d_merv,k_khorasan,e_persia,false,,867,CK3 00_landed_titles.txt
b_barkul,c_barkul,d_kara_khoja,k_dzungaria,e_tartaria,true,first_barony_in_county_block,867,CK3 00_landed_titles.txt
b_barlad,c_barlad,d_moldova,k_moldavia,e_carpathia,true,first_barony_in_county_block,867,CK3 00_landed_titles.txt
b_barma,c_lunggar,d_purang,k_guge,e_tibet,false,,867,CK3 00_landed_titles.txt
b_barma2,c_barma,d_baguirmi,k_sao,e_kanem_bornu,true,first_barony_in_county_block,867,CK3 00_landed_titles.txt
b_barman,c_chauragarh,d_dahala,k_gondwana,e_bengal,false,,867,CK3 00_landed_titles.txt
b_barnaii,c_barnaul,d_kulyndy_steppe,k_ob,e_siberia,false,,867,CK3 00_landed_titles.txt
b_barnaul,c_barnaul,d_kulyndy_steppe,k_ob,e_siberia,true,first_barony_in_county_block,867,CK3 00_landed_titles.txt
b_barnstaple,c_devon,d_cornwall,k_england,e_britannia,false,,867,CK3 00_landed_titles.txt
b_barohiya,c_simaramapura,d_tirabhukti,k_bihar,e_bengal,false,,867,CK3 00_landed_titles.txt
b_baroli,c_chitrakut,d_medapata,k_rajputana,e_rajastan,false,,867,CK3 00_landed_titles.txt
b_barqa-al-marj,c_barqa,d_cyrenaica,k_egypt,e_arabia,true,first_barony_in_county_block,867,CK3 00_landed_titles.txt
b_barqaid,c_nasibin,d_diyarrabia,k_jazira,e_persia,false,,867,CK3 00_landed_titles.txt
b_bars,c_bars,d_nyitra,k_hungary,e_carpathia,true,first_barony_in_county_block,867,CK3 00_landed_titles.txt
b_barskhan,c_balashagun,d_talas_alatau,k_syr_darya,e_turan,false,,867,CK3 00_landed_titles.txt
b_barsuki,c_barsuki,d_barsuki,k_oghuz_il,e_turan,true,first_barony_in_county_block,867,CK3 00_landed_titles.txt
b_bartenstein,c_bartenstein,d_prussia,k_lithuania,e_wendish_empire,false,,867,CK3 00_landed_titles.txt
b_bartulla,c_ninive,d_diyarrabia,k_jazira,e_persia,false,,867,CK3 00_landed_titles.txt
b_baryang,c_zhongba,d_purang,k_guge,e_tibet,false,,867,CK3 00_landed_titles.txt
b_barysaw,c_minsk,d_minsk,k_white_rus,e_russia,false,,867,CK3 00_landed_titles.txt
b_barza,c_bailaqan,d_azerbaijan,k_daylam,e_persia,false,,867,CK3 00_landed_titles.txt
b_barzam,c_firabr,d_soghd,k_transoxiana,e_turan,false,,867,CK3 00_landed_titles.txt
b_barzand,c_mugan,d_shirvan,k_daylam,e_persia,false,,867,CK3 00_landed_titles.txt
b_basa,c_naga,d_alwa,k_nubia,e_abyssinia,false,,867,CK3 00_landed_titles.txt
b_basagha,c_basagha,d_manatau,k_caspian_steppe,e_caspian-pontic_steppe,true,first_barony_in_county_block,867,CK3 00_landed_titles.txt
b_basand,c_chaghaniyan,d_khuttal,k_transoxiana,e_turan,false,,867,CK3 00_landed_titles.txt
b_basando,c_toro,d_toro,k_guinea,e_guinea,false,,867,CK3 00_landed_titles.txt
b_basavapattana,c_uchangidurga,d_nulambavadi,k_karnata,e_deccan,false,,867,CK3 00_landed_titles.txt
b_basawa,c_bailaqan,d_azerbaijan,k_daylam,e_persia,false,,867,CK3 00_landed_titles.txt
b_basel,c_zurich,d_currezia,k_east_francia,e_germany,false,,867,CK3 00_landed_titles.txt
b_basharga,c_eleila,d_alwa,k_nubia,e_abyssinia,false,,867,CK3 00_landed_titles.txt
b_bashazza,c_sinjar,d_diyarrabia,k_jazira,e_persia,false,,867,CK3 00_landed_titles.txt
b_bashila,c_angot,d_lasta,k_abyssinia,e_abyssinia,false,,867,CK3 00_landed_titles.txt
b_bashin,c_rivsharan,d_merv,k_khorasan,e_persia,false,,867,CK3 00_landed_titles.txt
b_bashkoyumal,c_charkliq,d_charkliq,k_khotan,e_turan,false,,867,CK3 00_landed_titles.txt
b_basingstoke,c_hampton,d_somerset,k_england,e_britannia,false,,867,CK3 00_landed_titles.txt
b_basinna,c_ahvaz,d_khuzestan,k_persia,e_persia,false,,867,CK3 00_landed_titles.txt
b_basiyan,c_abbadan,d_khuzestan,k_persia,e_persia,false,,867,CK3 00_landed_titles.txt
b_basra,c_basra,d_basra,k_mesopotamia,e_persia,false,,867,CK3 00_landed_titles.txt
b_bassa,c_bassa,d_bassa,k_guinea,e_guinea,true,first_barony_in_county_block,867,CK3 00_landed_titles.txt
b_bassa-afram,c_afram,d_eweland,k_akan,e_guinea,false,,867,CK3 00_landed_titles.txt
b_bastia,c_bastia,d_corsica,k_sardinia,e_italy,true,first_barony_in_county_block,867,CK3 00_landed_titles.txt
b_bastogne,c_luxembourg,d_luxembourg,k_lotharingia,e_germany,false,,867,CK3 00_landed_titles.txt
b_bata,c_zichia,d_alania,k_caucasus,e_caspian-pontic_steppe,true,first_barony_in_county_block,867,CK3 00_landed_titles.txt
b_batang,c_batang,d_batang,k_kham,e_tibet,true,first_barony_in_county_block,867,CK3 00_landed_titles.txt
b_bate,c_gabal,d_dawaro,k_adal,e_abyssinia,true,first_barony_in_county_block,867,CK3 00_landed_titles.txt
b_bath,c_somerset,d_somerset,k_england,e_britannia,true,first_barony_in_county_block,867,CK3 00_landed_titles.txt
b_batina-east,c_batina,d_oman,k_arabia,e_arabia,false,,867,CK3 00_landed_titles.txt
b_batkhaan,c_karakorum,d_orkhon,k_otuken,e_mongolia,false,,867,CK3 00_landed_titles.txt
b_batn_nakhl,c_medina,d_medina,k_arabia,e_arabia,false,,867,CK3 00_landed_titles.txt
b_batorkeszi,c_komarom,d_visegrad,k_hungary,e_carpathia,false,,867,CK3 00_landed_titles.txt
b_batticaloa,c_batticaloa,d_ruhunu,k_lanka,e_deccan,true,first_barony_in_county_block,867,CK3 00_landed_titles.txt
b_batu,c_mentawai,d_nias,k_malayadvipa,e_srivijaya,false,,867,CK3 00_landed_titles.txt
b_batumi,c_guria,d_abkhazia,k_georgia,e_byzantium,true,first_barony_in_county_block,867,CK3 00_landed_titles.txt
b_bauchi,c_bauchi,d_kwararafa,k_igbo-benue,e_guinea,true,first_barony_in_county_block,867,CK3 00_landed_titles.txt
b_bauska,c_zemigalians,d_courland,k_lithuania,e_wendish_empire,false,,867,CK3 00_landed_titles.txt
b_bautzen,c_gorlitz,d_meissen,k_sorbia,e_west_slavia,false,,867,CK3 00_landed_titles.txt
b_bawangaja,c_mandapika,d_anupa,k_malwa,e_rajastan,false,,867,CK3 00_landed_titles.txt
b_bawit,c_asyut,d_al-said,k_egypt,e_arabia,false,,867,CK3 00_landed_titles.txt
b_bawiti,c_bahriya,d_al-wahat,k_egypt,e_arabia,false,,867,CK3 00_landed_titles.txt
b_bawku,c_mamprusi,d_mamprusi,k_gur,e_guinea,true,first_barony_in_county_block,867,CK3 00_landed_titles.txt
b_baxoi,c_baxoi,d_boyul,k_kham,e_tibet,true,first_barony_in_county_block,867,CK3 00_landed_titles.txt
b_bayan,c_abbadan,d_khuzestan,k_persia,e_persia,false,,867,CK3 00_landed_titles.txt
b_bayan_UVS,c_tesiin_gol,d_ubsunur_hollow,k_naimania,e_mongolia,false,,867,CK3 00_landed_titles.txt
b_bayan_aulska,c_uliuty,d_karabas,k_saryarka,e_tartaria,false,,867,CK3 00_landed_titles.txt
b_bayan_nuur,c_karakorum,d_orkhon,k_otuken,e_mongolia,false,,867,CK3 00_landed_titles.txt
b_bayana,c_sripatha,d_mathura,k_delhi,e_rajastan,false,,867,CK3 00_landed_titles.txt
b_baydhabo,c_baydhabo,d_west_ajuraan,k_ajuraan,e_azania,true,first_barony_in_county_block,867,CK3 00_landed_titles.txt
b_bayeux,c_bayeux,d_normandy,k_france,e_france,true,first_barony_in_county_block,867,CK3 00_landed_titles.txt
b_bayhan,c_jawf-al-yamani,d_jawf-al-yamani,k_yemen,e_arabia,false,,867,CK3 00_landed_titles.txt
b_baykara,c_targyl,d_betpa,k_saryarka,e_tartaria,false,,867,CK3 00_landed_titles.txt
b_bayonne,c_labourd,d_gascogne,k_aquitaine,e_france,true,first_barony_in_county_block,867,CK3 00_landed_titles.txt
b_bayreuth,c_leuchtenburg,d_nordgau,k_bavaria,e_germany,false,,867,CK3 00_landed_titles.txt
b_baza,c_almeria,d_granada,k_andalusia,e_spain,false,,867,CK3 00_landed_titles.txt
b_bazadais,c_marsan,d_gascogne,k_aquitaine,e_france,false,,867,CK3 00_landed_titles.txt
b_bazarka,c_bazarka,d_alakol,k_zhetysu,e_tartaria,true,first_barony_in_county_block,867,CK3 00_landed_titles.txt
b_bazin,c_bazin,d_bazin,k_blemmyia,e_abyssinia,false,,867,CK3 00_landed_titles.txt
b_bazoh,c_tustar,d_khuzestan,k_persia,e_persia,false,,867,CK3 00_landed_titles.txt
b_beaugency,c_orleans,d_orleans,k_france,e_france,false,,867,CK3 00_landed_titles.txt
b_beaujeu,c_lyon,d_dauphine,k_burgundy,e_france,false,,867,CK3 00_landed_titles.txt
b_beaumont,c_beaumont,d_valois,k_france,e_france,true,first_barony_in_county_block,867,CK3 00_landed_titles.txt
b_beaumont_sur_leze,c_toulouse,d_toulouse,k_aquitaine,e_france,false,,867,CK3 00_landed_titles.txt
b_beaune,c_chalon,d_burgundy,k_france,e_france,false,,867,CK3 00_landed_titles.txt
b_beauvais,c_beaumont,d_valois,k_france,e_france,false,,867,CK3 00_landed_titles.txt
b_bechyne,c_doudleby,d_bohemia,k_bohemia,e_west_slavia,false,,867,CK3 00_landed_titles.txt
b_becse,c_keve,d_temes,k_hungary,e_carpathia,false,,867,CK3 00_landed_titles.txt
b_beda,c_trier,d_upper_lorraine,k_lotharingia,e_germany,false,,867,CK3 00_landed_titles.txt
b_bederkesa,c_stade,d_holstein,k_saxony,e_germany,false,,867,CK3 00_landed_titles.txt
b_bedford,c_bedford,d_bedford,k_england,e_britannia,true,first_barony_in_county_block,867,CK3 00_landed_titles.txt
b_begemdir,c_begemder,d_gondar,k_abyssinia,e_abyssinia,true,first_barony_in_county_block,867,CK3 00_landed_titles.txt
b_begho,c_begho,d_brong,k_akan,e_guinea,true,first_barony_in_county_block,867,CK3 00_landed_titles.txt
b_behabad,c_behabad,d_kirman,k_persia,e_persia,true,first_barony_in_county_block,867,CK3 00_landed_titles.txt
b_beichtinen,c_schmalkalden,d_thuringia,k_east_francia,e_germany,false,,867,CK3 00_landed_titles.txt
b_beilu,c_beshbalik,d_beshbalik,k_dzungaria,e_tartaria,false,,867,CK3 00_landed_titles.txt
b_beiram,c_sif-i-umara,d_hormuz,k_persia,e_persia,false,,867,CK3 00_landed_titles.txt
b_beirut,c_beirut,d_lebanon,k_syria,e_arabia,true,first_barony_in_county_block,867,CK3 00_landed_titles.txt
b_beja,c_beja,d_beja,k_badajoz,e_spain,false,,867,CK3 00_landed_titles.txt
b_bejaia,c_bejaia,d_bejaia,k_tahert,e_maghreb,true,first_barony_in_county_block,867,CK3 00_landed_titles.txt
b_bejar,c_salamanca,d_leon,k_leon,e_spain,true,first_barony_in_county_block,867,CK3 00_landed_titles.txt
b_bejestan,c_tun,d_kohestan,k_khorasan,e_persia,false,,867,CK3 00_landed_titles.txt
b_bekdas,c_bekdas,d_garabogazkol,k_oghuz_il,e_turan,true,first_barony_in_county_block,867,CK3 00_landed_titles.txt
b_bekes,c_bekes,d_bihar,k_hungary,e_carpathia,true,first_barony_in_county_block,867,CK3 00_landed_titles.txt
b_beksima,c_beksima,d_khazaria,k_caucasus,e_caspian-pontic_steppe,true,first_barony_in_county_block,867,CK3 00_landed_titles.txt
b_bekwai,c_kumasi,d_ashanti,k_akan,e_guinea,false,,867,CK3 00_landed_titles.txt
b_belapura,c_srirangapatna,d_gangavadi,k_karnata,e_deccan,false,,867,CK3 00_landed_titles.txt
b_belasa,c_begemder,d_gondar,k_abyssinia,e_abyssinia,false,,867,CK3 00_landed_titles.txt
b_belchite,c_albarracin,d_aragon,k_aragon,e_spain,false,,867,CK3 00_landed_titles.txt
b_belcoo,c_breifne,d_connacht,k_ireland,e_britannia,false,,867,CK3 00_landed_titles.txt
b_belebey,c_belebey,d_jalmat,k_volga_bulgaria,e_volga-ural,true,first_barony_in_county_block,867,CK3 00_landed_titles.txt
b_belenyes,c_bihar,d_bihar,k_hungary,e_carpathia,false,,867,CK3 00_landed_titles.txt
b_belesek,c_agairik,d_akaltay,k_dzungaria,e_tartaria,false,,867,CK3 00_landed_titles.txt
b_beletweyne,c_hiraab,d_mogadishu,k_ajuraan,e_azania,false,,867,CK3 00_landed_titles.txt
b_belev,c_kozelsk,d_karachev,k_ruthenia,e_russia,false,,867,CK3 00_landed_titles.txt
b_belgard,c_cammin,d_pommerania,k_pomerania,e_wendish_empire,false,,867,CK3 00_landed_titles.txt
b_belgaum,c_vatapi,d_raichur_doab,k_karnata,e_deccan,false,,867,CK3 00_landed_titles.txt
b_belizi,c_wittenberg,d_lausitz,k_sorbia,e_west_slavia,false,,867,CK3 00_landed_titles.txt
b_beljan,c_jend,d_syr_darya,k_syr_darya,e_turan,false,,867,CK3 00_landed_titles.txt
b_bellac,c_bellac,d_bourbon,k_aquitaine,e_france,true,first_barony_in_county_block,867,CK3 00_landed_titles.txt
b_belley,c_savoie,d_savoie,k_burgundy,e_france,false,,867,CK3 00_landed_titles.txt
b_bellinzona,c_como,d_lombardia,k_italy,e_italy,false,,867,CK3 00_landed_titles.txt
b_belogorye,c_sosva,d_kazym,k_yugra,e_siberia,false,,867,CK3 00_landed_titles.txt
b_belogradchik,c_vidin,d_vidin,k_bulgaria,e_byzantium,false,,867,CK3 00_landed_titles.txt
b_beloozero,c_beloozero,d_vepsia,k_novgorod,e_russia,true,first_barony_in_county_block,867,CK3 00_landed_titles.txt
b_belska,c_yenisei,d_ala_tau,k_ob,e_siberia,false,,867,CK3 00_landed_titles.txt
b_belvedere,c_cosenza,d_calabria,k_sicily,e_byzantium,false,,867,CK3 00_landed_titles.txt
b_belz,c_belz,d_cherven_cities,k_galicia-volhynia,e_west_slavia,true,first_barony_in_county_block,867,CK3 00_landed_titles.txt
b_bena,c_bena,d_bobo,k_jenne,e_mali,true,first_barony_in_county_block,867,CK3 00_landed_titles.txt
b_benavente,c_benavente,d_leon,k_leon,e_spain,true,first_barony_in_county_block,867,CK3 00_landed_titles.txt
b_bende,c_ibibo,d_igboland,k_igbo-benue,e_guinea,false,,867,CK3 00_landed_titles.txt
b_benevento,c_benevento,d_benevento,k_sicily,e_byzantium,true,first_barony_in_county_block,867,CK3 00_landed_titles.txt
b_benghazi,c_barqa,d_cyrenaica,k_egypt,e_arabia,false,,867,CK3 00_landed_titles.txt
b_benin,c_benin,d_benin,k_yorubaland,e_guinea,false,,867,CK3 00_landed_titles.txt
b_benin-city,c_benin,d_benin,k_yorubaland,e_guinea,true,first_barony_in_county_block,867,CK3 00_landed_titles.txt
b_benin_marshes,c_benin,d_benin,k_yorubaland,e_guinea,false,,867,CK3 00_landed_titles.txt
b_benna,c_temne,d_sapi,k_guinea,e_guinea,true,first_barony_in_county_block,867,CK3 00_landed_titles.txt
b_bentheim,c_tecklenburg,d_westfalen,k_saxony,e_germany,false,,867,CK3 00_landed_titles.txt
b_beny,c_esztergom,d_visegrad,k_hungary,e_carpathia,false,,867,CK3 00_landed_titles.txt
b_beodericsworth,c_suffolk,d_norfolk,k_england,e_britannia,false,,867,CK3 00_landed_titles.txt
b_beograd,c_beograd,d_macva,k_serbia,e_byzantium,true,first_barony_in_county_block,867,CK3 00_landed_titles.txt
b_beohari,c_jharkand,d_jharkand,k_bihar,e_bengal,false,,867,CK3 00_landed_titles.txt
b_berber,c_atbara,d_makuria,k_nubia,e_abyssinia,false,,867,CK3 00_landed_titles.txt
b_berbera,c_berbera,d_zaila,k_adal,e_abyssinia,true,first_barony_in_county_block,867,CK3 00_landed_titles.txt
b_berchtesgaden,c_berchtesgaden,d_salzburg,k_bavaria,e_germany,true,first_barony_in_county_block,867,CK3 00_landed_titles.txt
b_berd,c_ob,d_salair,k_ob,e_siberia,false,,867,CK3 00_landed_titles.txt
b_beregszasz,c_bereg,d_transcarpathia,k_hungary,e_carpathia,true,first_barony_in_county_block,867,CK3 00_landed_titles.txt
b_berent,c_berent,d_pomerelia,k_pomerania,e_wendish_empire,false,,867,CK3 00_landed_titles.txt
b_berestye,c_berestye,d_volhynia,k_galicia-volhynia,e_west_slavia,true,first_barony_in_county_block,867,CK3 00_landed_titles.txt
b_bereznik,c_shenkursk,d_ustyug,k_bjarmaland,e_russia,false,,867,CK3 00_landed_titles.txt
b_berga,c_barcelona,d_barcelona,k_aragon,e_spain,false,,867,CK3 00_landed_titles.txt
b_bergamo,c_brescia,d_lombardia,k_italy,e_italy,false,,867,CK3 00_landed_titles.txt
b_berge,c_grunningen,d_swabia,k_east_francia,e_germany,false,,867,CK3 00_landed_titles.txt
b_bergen_op_zoom,c_zeeland,d_holland,k_frisia,e_germany,false,,867,CK3 00_landed_titles.txt
b_bergerac,c_perigord,d_aquitaine,k_aquitaine,e_france,false,,867,CK3 00_landed_titles.txt
b_bergh,c_bergh,d_lower_lorraine,k_lotharingia,e_germany,true,first_barony_in_county_block,867,CK3 00_landed_titles.txt
b_berikul,c_ryty,d_tsagaanbaigal,k_buryatia,e_mongolia,false,,867,CK3 00_landed_titles.txt
b_berisiy,c_bardak,d_sibir,k_sibir,e_siberia,false,,867,CK3 00_landed_titles.txt
b_berkhamsted,c_hertfordshire,d_bedford,k_england,e_britannia,true,first_barony_in_county_block,867,CK3 00_landed_titles.txt
b_berkri,c_vaspurakan,d_vaspurakan,k_armenia,e_byzantium,false,,867,CK3 00_landed_titles.txt
b_berlin,c_berlin,d_ostmark,k_pomerania,e_wendish_empire,true,first_barony_in_county_block,867,CK3 00_landed_titles.txt
b_bern,c_bern,d_transjurania,k_burgundy,e_france,true,first_barony_in_county_block,867,CK3 00_landed_titles.txt
b_beroe,c_beroe,d_philippopolis,k_bulgaria,e_byzantium,true,first_barony_in_county_block,867,CK3 00_landed_titles.txt
b_beroun,c_praha,d_bohemia,k_bohemia,e_west_slavia,false,,867,CK3 00_landed_titles.txt
b_berta,c_berta,d_damot,k_damot,e_abyssinia,true,first_barony_in_county_block,867,CK3 00_landed_titles.txt
b_bertrand_de_comminges,c_comminges,d_armagnac,k_aquitaine,e_france,true,first_barony_in_county_block,867,CK3 00_landed_titles.txt
b_berwick,c_dunbar,d_lothian,k_scotland,e_britannia,false,,867,CK3 00_landed_titles.txt
b_beryslav,c_lower_dniepr,d_kizilyedisan,k_pontic_steppe,e_caspian-pontic_steppe,true,first_barony_in_county_block,867,CK3 00_landed_titles.txt
b_besancon,c_besancon,d_upper_burgundy,k_burgundy,e_france,true,first_barony_in_county_block,867,CK3 00_landed_titles.txt
b_besensheim,c_worms,d_west_franconia,k_east_francia,e_germany,false,,867,CK3 00_landed_titles.txt
b_beshbalik,c_beshbalik,d_beshbalik,k_dzungaria,e_tartaria,true,first_barony_in_county_block,867,CK3 00_landed_titles.txt
b_besinada,c_besinada,d_alania,k_caucasus,e_caspian-pontic_steppe,true,first_barony_in_county_block,867,CK3 00_landed_titles.txt
b_beszterce,c_beszterce,d_transylvania,k_hungary,e_carpathia,true,first_barony_in_county_block,867,CK3 00_landed_titles.txt
b_betanzos,c_santiago,d_galicia,k_spanish_galicia,e_spain,false,,867,CK3 00_landed_titles.txt
b_bethen,c_bethen,d_upper_silesia,k_poland,e_west_slavia,true,first_barony_in_county_block,867,CK3 00_landed_titles.txt
b_betla,c_rothas,d_jharkand,k_bihar,e_bengal,false,,867,CK3 00_landed_titles.txt
b_betma,c_dhara,d_dadhipadra,k_malwa,e_rajastan,false,,867,CK3 00_landed_titles.txt
b_betpa,c_betpa,d_betpa,k_saryarka,e_tartaria,true,first_barony_in_county_block,867,CK3 00_landed_titles.txt
b_betzini,c_maghas,d_alania,k_caucasus,e_caspian-pontic_steppe,false,,867,CK3 00_landed_titles.txt
b_beyin,c_wassa,d_ashanti,k_akan,e_guinea,false,,867,CK3 00_landed_titles.txt
b_beyneu,c_tengiz,d_jemba,k_oghuz_il,e_turan,false,,867,CK3 00_landed_titles.txt
b_beyta,c_konyan,d_toro,k_guinea,e_guinea,false,,867,CK3 00_landed_titles.txt
b_bezda,c_nakhshab,d_soghd,k_transoxiana,e_turan,false,,867,CK3 00_landed_titles.txt
b_bezdez,c_boleslav,d_bohemia,k_bohemia,e_west_slavia,false,,867,CK3 00_landed_titles.txt
b_bezeklik,c_toksun,d_karashar,k_khotan,e_turan,false,,867,CK3 00_landed_titles.txt
b_bezichi,c_bezichi,d_luki,k_novgorod,e_russia,true,first_barony_in_county_block,867,CK3 00_landed_titles.txt
b_beziers,c_beziers,d_languedoc,k_aquitaine,e_france,true,first_barony_in_county_block,867,CK3 00_landed_titles.txt
b_bhadohi,c_varanasi,d_kasi,k_bihar,e_bengal,false,,867,CK3 00_landed_titles.txt
b_bhadracala,c_katukuru,d_warangal,k_telingana,e_deccan,false,,867,CK3 00_landed_titles.txt
b_bhadrak,c_viraja,d_tosali,k_orissa,e_bengal,false,,867,CK3 00_landed_titles.txt
b_bhainsa,c_mulaka,d_devagiri,k_maharastra,e_deccan,false,,867,CK3 00_landed_titles.txt
b_bhainsrorgarh,c_chitrakut,d_medapata,k_rajputana,e_rajastan,false,,867,CK3 00_landed_titles.txt
b_bhairavunikonda,c_palakka,d_udayagiri,k_andhra,e_deccan,false,,867,CK3 00_landed_titles.txt
b_bhakkar,c_bhakkar,d_bhakkar,k_sindh,e_rajastan,true,first_barony_in_county_block,867,CK3 00_landed_titles.txt
b_bhaktapur,c_bhaktapur,d_nepal,k_himalaya,e_rajastan,true,first_barony_in_county_block,867,CK3 00_landed_titles.txt
b_bhamer,c_thalner,d_anupa,k_malwa,e_rajastan,false,,867,CK3 00_landed_titles.txt
b_bhandara,c_canda,d_vidharba,k_maharastra,e_deccan,false,,867,CK3 00_landed_titles.txt
b_bhanvad,c_dvaraka,d_anartta,k_gujarat,e_rajastan,false,,867,CK3 00_landed_titles.txt
b_bharatpur,c_kathmandu,d_nepal,k_himalaya,e_rajastan,false,,867,CK3 00_landed_titles.txt
b_bharuch,c_navasarika,d_lata,k_gujarat,e_rajastan,false,,867,CK3 00_landed_titles.txt
b_bhatiya,c_vijnot,d_bhakkar,k_sindh,e_rajastan,false,,867,CK3 00_landed_titles.txt
b_bhatnir,c_sarasvati,d_haritanaka,k_delhi,e_rajastan,false,,867,CK3 00_landed_titles.txt
b_bhatta,c_kalanjara,d_jejakabhukti,k_kosala,e_rajastan,false,,867,CK3 00_landed_titles.txt
b_bhera,c_bhera,d_lahore,k_punjab,e_rajastan,true,first_barony_in_county_block,867,CK3 00_landed_titles.txt
b_bhid,c_ashmaka,d_rattapadi,k_maharastra,e_deccan,false,,867,CK3 00_landed_titles.txt
b_bhillamala,c_godwad,d_maru,k_rajputana,e_rajastan,false,,867,CK3 00_landed_titles.txt
b_bhilwara,c_naddula,d_maru,k_rajputana,e_rajastan,false,,867,CK3 00_landed_titles.txt
b_bhimashankara,c_kondana,d_nasikya,k_maharastra,e_deccan,false,,867,CK3 00_landed_titles.txt
b_bhimtal,c_kali_kumaon,d_kurmanchal,k_himalaya,e_rajastan,false,,867,CK3 00_landed_titles.txt
b_bhirr,c_shorkot,d_lahore,k_punjab,e_rajastan,true,first_barony_in_county_block,867,CK3 00_landed_titles.txt
b_bhitagarh,c_kamatapur,d_kamarupanagara,k_kamarupa,e_bengal,false,,867,CK3 00_landed_titles.txt
b_bhojpur,c_vidisa,d_akara_dasarna,k_malwa,e_rajastan,false,,867,CK3 00_landed_titles.txt
b_bhojpur_tibet,c_yangwarok,d_limbuwan,k_himalaya,e_rajastan,false,,867,CK3 00_landed_titles.txt
b_bhubaneswar,c_kataka,d_tosali,k_orissa,e_bengal,false,,867,CK3 00_landed_titles.txt
b_bhuj,c_kutch,d_anartta,k_gujarat,e_rajastan,false,,867,CK3 00_landed_titles.txt
b_bhumilka,c_bhumilka,d_saurashtra,k_gujarat,e_rajastan,false,,867,CK3 00_landed_titles.txt
b_bhuttar,c_sakala,d_lahore,k_punjab,e_rajastan,false,,867,CK3 00_landed_titles.txt
b_bibemi,c_garoua,d_wandala,k_sao,e_kanem_bornu,false,,867,CK3 00_landed_titles.txt
b_bichvinta,c_abkhazia,d_abkhazia,k_georgia,e_byzantium,false,,867,CK3 00_landed_titles.txt
b_bida,c_nupe,d_nupe,k_igbo-benue,e_guinea,false,,867,CK3 00_landed_titles.txt
b_bidar,c_kalyani,d_kalyani,k_karnata,e_deccan,false,,867,CK3 00_landed_titles.txt
b_biddiri,c_baguirmi,d_baguirmi,k_sao,e_kanem_bornu,false,,867,CK3 00_landed_titles.txt
b_biel,c_aargau,d_transjurania,k_burgundy,e_france,true,first_barony_in_county_block,867,CK3 00_landed_titles.txt
b_bielastock,c_volkovysk,d_grodno,k_white_rus,e_russia,false,,867,CK3 00_landed_titles.txt
b_bielaya,c_prigoro_tabynsk,d_bashkiria,k_bashkiria,e_volga-ural,false,,867,CK3 00_landed_titles.txt
b_biella,c_novara,d_piedmonte,k_italy,e_italy,false,,867,CK3 00_landed_titles.txt
b_bielsk,c_berestye,d_volhynia,k_galicia-volhynia,e_west_slavia,false,,867,CK3 00_landed_titles.txt
b_bielsko,c_cieszyn,d_upper_silesia,k_poland,e_west_slavia,false,,867,CK3 00_landed_titles.txt
b_biescas,c_sobrarbe,d_aragon,k_aragon,e_spain,false,,867,CK3 00_landed_titles.txt
b_biggar,c_lanarkshire,d_lothian,k_scotland,e_britannia,false,,867,CK3 00_landed_titles.txt
b_bih,c_bampur,d_jabal_kufs,k_makran,e_persia,false,,867,CK3 00_landed_titles.txt
b_bihac,c_pset,d_bosna,k_croatia,e_byzantium,true,first_barony_in_county_block,867,CK3 00_landed_titles.txt
b_bihar_sharif,c_magadha,d_magadha,k_bihar,e_bengal,false,,867,CK3 00_landed_titles.txt
b_biia,c_biia,d_salair,k_ob,e_siberia,true,first_barony_in_county_block,867,CK3 00_landed_titles.txt
b_bijagos,c_kasa,d_kasa,k_kaabu,e_mali,false,,867,CK3 00_landed_titles.txt
b_bijeljina,c_soli,d_lower_bosna,k_croatia,e_byzantium,false,,867,CK3 00_landed_titles.txt
b_bijnor,c_katehar,d_vodamayutja,k_delhi,e_rajastan,false,,867,CK3 00_landed_titles.txt
b_bikramkhol,c_sambalpur,d_daksina_kosala,k_orissa,e_bengal,false,,867,CK3 00_landed_titles.txt
b_bikrampur,c_bikrampur,d_vanga,k_bengal,e_bengal,true,first_barony_in_county_block,867,CK3 00_landed_titles.txt
b_bilanga,c_gurma,d_lower_gurma,k_gurma,e_mali,true,first_barony_in_county_block,867,CK3 00_landed_titles.txt
b_bilbays,c_sharkiya,d_delta,k_egypt,e_arabia,true,first_barony_in_county_block,867,CK3 00_landed_titles.txt
b_bilbe,c_kyin,d_salair,k_ob,e_siberia,false,,867,CK3 00_landed_titles.txt
b_bilhorod,c_kiev,d_kiev,k_ruthenia,e_russia,false,,867,CK3 00_landed_titles.txt
b_bilibio,c_viscaya,d_viscaya,k_navarra,e_spain,true,first_barony_in_county_block,867,CK3 00_landed_titles.txt
b_bilima,c_tamiso,d_sapi,k_guinea,e_guinea,false,,867,CK3 00_landed_titles.txt
b_bilin,c_tapsa,d_togina,k_tuva,e_mongolia,false,,867,CK3 00_landed_titles.txt
b_bilina,c_litomerice,d_bohemia,k_bohemia,e_west_slavia,false,,867,CK3 00_landed_titles.txt
b_bilizma,c_bilizma,d_zab,k_tahert,e_maghreb,true,first_barony_in_county_block,867,CK3 00_landed_titles.txt
b_bilma,c_bilma,d_kawar,k_sahara,e_maghreb,true,first_barony_in_county_block,867,CK3 00_landed_titles.txt
b_bilstein,c_arnsberg,d_lower_lorraine,k_lotharingia,e_germany,false,,867,CK3 00_landed_titles.txt
b_bilyar,c_bolghar,d_volga_bulgaria,k_volga_bulgaria,e_volga-ural,false,,867,CK3 00_landed_titles.txt
b_bimand,c_sirjan,d_kirman,k_persia,e_persia,false,,867,CK3 00_landed_titles.txt
b_bindir,c_diamare,d_wandala,k_sao,e_kanem_bornu,false,,867,CK3 00_landed_titles.txt
b_bint,c_bampur,d_jabal_kufs,k_makran,e_persia,true,first_barony_in_county_block,867,CK3 00_landed_titles.txt
b_biograd,c_zadar,d_dalmatia,k_croatia,e_byzantium,false,,867,CK3 00_landed_titles.txt
b_bir_amir,c_bir_amir,d_jerid,k_africa,e_maghreb,true,first_barony_in_county_block,867,CK3 00_landed_titles.txt
b_bir_el-kai,c_wadi_el-milk,d_makuria,k_nubia,e_abyssinia,false,,867,CK3 00_landed_titles.txt
b_bir_um-ghrein,c_tiris,d_zammour,k_anbiya,e_maghreb,true,first_barony_in_county_block,867,CK3 00_landed_titles.txt
b_birasu,c_geba,d_kasa,k_kaabu,e_mali,false,,867,CK3 00_landed_titles.txt
b_birgo,c_kita,d_kaniaga,k_ghana,e_mali,false,,867,CK3 00_landed_titles.txt
b_biriku,c_kojuk,d_ala_tau,k_ob,e_siberia,false,,867,CK3 00_landed_titles.txt
b_biriusa,c_kansk,d_yenisei_kan,k_angara,e_mongolia,false,,867,CK3 00_landed_titles.txt
b_birjand,c_qain,d_kohestan,k_khorasan,e_persia,false,,867,CK3 00_landed_titles.txt
b_birkevik,c_sodermannaland,d_svealand,k_sweden,e_scandinavia,false,,867,CK3 00_landed_titles.txt
b_birmingham,c_warwickshire,d_hereford,k_england,e_britannia,false,,867,CK3 00_landed_titles.txt
b_birnin_lafiya,c_dendi,d_dendi,k_songhay,e_mali,true,first_barony_in_county_block,867,CK3 00_landed_titles.txt
b_birr,c_athlone,d_meath,k_ireland,e_britannia,false,,867,CK3 00_landed_titles.txt
b_birsk,c_birsk,d_bashkiria,k_bashkiria,e_volga-ural,true,first_barony_in_county_block,867,CK3 00_landed_titles.txt
b_biru,c_sog,d_qamdo,k_kham,e_tibet,false,,867,CK3 00_landed_titles.txt
b_biru_walata,c_walata,d_wagadu,k_ghana,e_mali,false,,867,CK3 00_landed_titles.txt
b_biryusa,c_chuna,d_chuna_valley,k_angara,e_mongolia,false,,867,CK3 00_landed_titles.txt
b_birzai,c_siauliai,d_samogitia,k_lithuania,e_wendish_empire,false,,867,CK3 00_landed_titles.txt
b_birzula,c_ladyzyn,d_yedisan,k_pontic_steppe,e_caspian-pontic_steppe,false,,867,CK3 00_landed_titles.txt
b_bisandugu,c_toro,d_toro,k_guinea,e_guinea,true,first_barony_in_county_block,867,CK3 00_landed_titles.txt
b_bischofswerda,c_dresden,d_meissen,k_sorbia,e_west_slavia,false,,867,CK3 00_landed_titles.txt
b_bisha,c_bisha,d_mecca,k_arabia,e_arabia,true,first_barony_in_county_block,867,CK3 00_landed_titles.txt
b_bisha_MON,c_okangara,d_angara,k_angara,e_mongolia,false,,867,CK3 00_landed_titles.txt
b_bishang,c_zamindawar,d_zabulistan,k_kabulistan,e_persia,false,,867,CK3 00_landed_titles.txt
b_bishnupur,c_mallabhum,d_suhma,k_bengal,e_bengal,true,first_barony_in_county_block,867,CK3 00_landed_titles.txt
b_bishops_castle,c_shropshire,d_hereford,k_england,e_britannia,false,,867,CK3 00_landed_titles.txt
b_biskra,c_biskra,d_zab,k_tahert,e_maghreb,true,first_barony_in_county_block,867,CK3 00_landed_titles.txt
b_bisserskaya,c_kumych,d_perm,k_permia,e_volga-ural,false,,867,CK3 00_landed_titles.txt
b_bistum,c_damghan,d_nishapur,k_khorasan,e_persia,false,,867,CK3 00_landed_titles.txt
b_bisutun,c_kermanshah,d_kermanshah,k_persia,e_persia,false,,867,CK3 00_landed_titles.txt
b_bitan,c_thalabiya,d_jawf,k_arabia,e_arabia,false,,867,CK3 00_landed_titles.txt
b_bitola,c_ohrid,d_bulgaria,k_bulgaria,e_byzantium,false,,867,CK3 00_landed_titles.txt
b_biton,c_biton,d_vuovdisamieana,k_sapmi,e_scandinavia,true,first_barony_in_county_block,867,CK3 00_landed_titles.txt
b_bitov,c_znojmo,d_moravia,k_bohemia,e_west_slavia,false,,867,CK3 00_landed_titles.txt
b_bitsch,c_saarbrucken,d_upper_lorraine,k_lotharingia,e_germany,false,,867,CK3 00_landed_titles.txt
b_biu,c_kagha,d_kagha,k_kanem,e_kanem_bornu,false,,867,CK3 00_landed_titles.txt
b_biun,c_biun,d_lower_gurma,k_gurma,e_mali,true,first_barony_in_county_block,867,CK3 00_landed_titles.txt
b_biyadaq,c_mafaza,d_yazd,k_persia,e_persia,false,,867,CK3 00_landed_titles.txt
b_biyar,c_damghan,d_nishapur,k_khorasan,e_persia,false,,867,CK3 00_landed_titles.txt
b_bizamo,c_damot,d_damot,k_damot,e_abyssinia,false,,867,CK3 00_landed_titles.txt
b_bizye,c_brysis,d_thrace,k_thessalonika,e_byzantium,false,,867,CK3 00_landed_titles.txt
b_bjarkoy,c_vastvag,d_halogaland,k_norway,e_scandinavia,false,,867,CK3 00_landed_titles.txt
b_bjorgvin,c_hordalandi,d_vestlandi,k_norway,e_scandinavia,true,first_barony_in_county_block,867,CK3 00_landed_titles.txt
b_blagaj,c_zachlumia,d_usora,k_croatia,e_byzantium,true,first_barony_in_county_block,867,CK3 00_landed_titles.txt
b_blankenberg,c_nancy,d_upper_lorraine,k_lotharingia,e_germany,false,,867,CK3 00_landed_titles.txt
b_blankenburg,c_blankenburg,d_anhalt,k_east_francia,e_germany,true,first_barony_in_county_block,867,CK3 00_landed_titles.txt
b_blaye,c_bordeaux,d_gascogne,k_aquitaine,e_france,false,,867,CK3 00_landed_titles.txt
b_blois,c_blois,d_berry,k_france,e_france,true,first_barony_in_county_block,867,CK3 00_landed_titles.txt
b_blotkowo,c_dorohychyn,d_volhynia,k_galicia-volhynia,e_west_slavia,false,,867,CK3 00_landed_titles.txt
b_blything,c_suffolk,d_norfolk,k_england,e_britannia,false,,867,CK3 00_landed_titles.txt
b_boa,c_dar_rashid,d_salamat,k_sao,e_kanem_bornu,false,,867,CK3 00_landed_titles.txt
b_bobo_dyulasso,c_dyulaso,d_lobi,k_kong,e_guinea,true,first_barony_in_county_block,867,CK3 00_landed_titles.txt
b_boborossa,c_choklema,d_vologda,k_bjarmaland,e_russia,false,,867,CK3 00_landed_titles.txt
b_bobovac,c_rama,d_bosna,k_croatia,e_byzantium,false,,867,CK3 00_landed_titles.txt
b_bochnia,c_sacz,d_lesser_poland,k_poland,e_west_slavia,false,,867,CK3 00_landed_titles.txt
b_bodh_gaya,c_gaya,d_magadha,k_bihar,e_bengal,false,,867,CK3 00_landed_titles.txt
b_bodrog,c_bodrog,d_bacs,k_hungary,e_carpathia,true,first_barony_in_county_block,867,CK3 00_landed_titles.txt
b_bogo,c_diamare,d_wandala,k_sao,e_kanem_bornu,true,first_barony_in_county_block,867,CK3 00_landed_titles.txt
b_boguchar,c_kazanskaya,d_don_valley,k_pontic_steppe,e_caspian-pontic_steppe,false,,867,CK3 00_landed_titles.txt
b_bohani,c_tripuri,d_dahala,k_gondwana,e_bengal,false,,867,CK3 00_landed_titles.txt
b_bohi,c_bonduku,d_gyaman,k_akan,e_guinea,false,,867,CK3 00_landed_titles.txt
b_bohodukhiv,c_samar,d_levedia,k_pontic_steppe,e_caspian-pontic_steppe,false,,867,CK3 00_landed_titles.txt
b_bokainagar,c_suvarnagram,d_varendra,k_bengal,e_bengal,false,,867,CK3 00_landed_titles.txt
b_bokalik,c_mangnai,d_nagormo,k_amdo,e_tibet,false,,867,CK3 00_landed_titles.txt
b_boke,c_arusi,d_dawaro,k_adal,e_abyssinia,false,,867,CK3 00_landed_titles.txt
b_boksanbanya,c_temes,d_temes,k_hungary,e_carpathia,false,,867,CK3 00_landed_titles.txt
b_bokthang,c_pemako,d_lhoyul,k_lhomon,e_tibet,false,,867,CK3 00_landed_titles.txt
b_bol_agach,c_uch_katyn,d_karkaraly,k_saryarka,e_tartaria,false,,867,CK3 00_landed_titles.txt
b_bol_uran,c_bugurslan,d_bugurslan,k_volga_bulgaria,e_volga-ural,false,,867,CK3 00_landed_titles.txt
b_bole,c_lepsink,d_alakol,k_zhetysu,e_tartaria,false,,867,CK3 00_landed_titles.txt
b_bole2,c_gonja,d_dagomba,k_gur,e_guinea,false,,867,CK3 00_landed_titles.txt
b_boleslav,c_boleslav,d_bohemia,k_bohemia,e_west_slavia,true,first_barony_in_county_block,867,CK3 00_landed_titles.txt
b_bolghar,c_bolghar,d_volga_bulgaria,k_volga_bulgaria,e_volga-ural,true,first_barony_in_county_block,867,CK3 00_landed_titles.txt
b_boli,c_honorias,d_bucellaria,k_nikaea,e_byzantium,false,,867,CK3 00_landed_titles.txt
b_bolingsbroke,c_lincolnshire,d_york,k_england,e_britannia,false,,867,CK3 00_landed_titles.txt
b_bolm,c_sherbro,d_kono,k_guinea,e_guinea,true,first_barony_in_county_block,867,CK3 00_landed_titles.txt
b_bolnisi,c_lori,d_georgia,k_georgia,e_byzantium,false,,867,CK3 00_landed_titles.txt
b_bolo,c_gonjo,d_lhatok,k_kham,e_tibet,true,first_barony_in_county_block,867,CK3 00_landed_titles.txt
b_bologna,c_bologna,d_romagna,k_romagna,e_italy,true,first_barony_in_county_block,867,CK3 00_landed_titles.txt
b_bolsho_kyzylkul,c_kyzylkul,d_blue_khakassia,k_khakassia,e_mongolia,true,first_barony_in_county_block,867,CK3 00_landed_titles.txt
b_bolton,c_west_riding,d_york,k_england,e_britannia,false,,867,CK3 00_landed_titles.txt
b_bolzano,c_trent,d_lombardia,k_italy,e_italy,false,,867,CK3 00_landed_titles.txt
b_bombali,c_sanda,d_sapi,k_guinea,e_guinea,false,,867,CK3 00_landed_titles.txt
b_bombogor,c_bombogor,d_ovorkhangai,k_naimania,e_mongolia,true,first_barony_in_county_block,867,CK3 00_landed_titles.txt
b_bome,c_bome,d_boyul,k_kham,e_tibet,true,first_barony_in_county_block,867,CK3 00_landed_titles.txt
b_bonduku,c_bonduku,d_gyaman,k_akan,e_guinea,true,first_barony_in_county_block,867,CK3 00_landed_titles.txt
b_bonga,c_kaffa,d_kaffa,k_damot,e_abyssinia,true,first_barony_in_county_block,867,CK3 00_landed_titles.txt
b_bonifacio,c_vecchio,d_corsica,k_sardinia,e_italy,true,first_barony_in_county_block,867,CK3 00_landed_titles.txt
b_bonn,c_cologne,d_lower_lorraine,k_lotharingia,e_germany,false,,867,CK3 00_landed_titles.txt
b_bonny,c_ijaw,d_igboland,k_igbo-benue,e_guinea,true,first_barony_in_county_block,867,CK3 00_landed_titles.txt
b_bono_manso,c_bono,d_brong,k_akan,e_guinea,true,first_barony_in_county_block,867,CK3 00_landed_titles.txt
b_boon_tsagaan,c_bombogor,d_ovorkhangai,k_naimania,e_mongolia,false,,867,CK3 00_landed_titles.txt
b_boppard,c_mainz,d_west_franconia,k_east_francia,e_germany,false,,867,CK3 00_landed_titles.txt
b_borama,c_dara,d_sharka,k_damot,e_abyssinia,false,,867,CK3 00_landed_titles.txt
b_borculo,c_zutphen,d_gelre,k_frisia,e_germany,false,,867,CK3 00_landed_titles.txt
b_bordeaux,c_bordeaux,d_gascogne,k_aquitaine,e_france,true,first_barony_in_county_block,867,CK3 00_landed_titles.txt
b_borgarh,c_mandapika,d_anupa,k_malwa,e_rajastan,false,,867,CK3 00_landed_titles.txt
b_borgarsyslar,c_vingulmork,d_viken,k_norway,e_scandinavia,false,,867,CK3 00_landed_titles.txt
b_borgholm,c_oland,d_smaland,k_sweden,e_scandinavia,true,first_barony_in_county_block,867,CK3 00_landed_titles.txt
b_borgu,c_nikki,d_borgu,k_borgu,e_guinea,false,,867,CK3 00_landed_titles.txt
b_borkou,c_bodele,d_tibesti,k_sahara,e_maghreb,true,first_barony_in_county_block,867,CK3 00_landed_titles.txt
b_boro_burgasu,c_boro_burgasu,d_naiman_gobi,k_dzungaria,e_tartaria,true,first_barony_in_county_block,867,CK3 00_landed_titles.txt
b_boromo,c_lobi,d_lobi,k_kong,e_guinea,true,first_barony_in_county_block,867,CK3 00_landed_titles.txt
b_boron,c_boron,d_kong,k_kong,e_guinea,true,first_barony_in_county_block,867,CK3 00_landed_titles.txt
b_boron-north,c_boron,d_kong,k_kong,e_guinea,false,,867,CK3 00_landed_titles.txt
b_borovichi,c_tikhvin,d_vepsia,k_novgorod,e_russia,false,,867,CK3 00_landed_titles.txt
b_borsa,c_marmaros,d_transcarpathia,k_hungary,e_carpathia,false,,867,CK3 00_landed_titles.txt
b_borsod,c_borsod,d_ungvar,k_hungary,e_carpathia,true,first_barony_in_county_block,867,CK3 00_landed_titles.txt
b_borsova,c_bereg,d_transcarpathia,k_hungary,e_carpathia,false,,867,CK3 00_landed_titles.txt
b_borultokay,c_tengerge,d_altay,k_dzungaria,e_tartaria,false,,867,CK3 00_landed_titles.txt
b_borus,c_kyzylkul,d_blue_khakassia,k_khakassia,e_mongolia,false,,867,CK3 00_landed_titles.txt
b_boryspil,c_pereyaslavl,d_pereyaslavl,k_ruthenia,e_russia,false,,867,CK3 00_landed_titles.txt
b_borzna,c_novgorod_seversky,d_chernigov,k_ruthenia,e_russia,false,,867,CK3 00_landed_titles.txt
b_bos-tau,c_betpa,d_betpa,k_saryarka,e_tartaria,false,,867,CK3 00_landed_titles.txt
b_bosha,c_damot,d_damot,k_damot,e_abyssinia,false,,867,CK3 00_landed_titles.txt
b_bosilegrad,c_velbazhd,d_bulgaria,k_bulgaria,e_byzantium,false,,867,CK3 00_landed_titles.txt
b_bost,c_bost,d_sistan,k_makran,e_persia,true,first_barony_in_county_block,867,CK3 00_landed_titles.txt
b_bostal,c_agairik,d_akaltay,k_dzungaria,e_tartaria,false,,867,CK3 00_landed_titles.txt
b_bosten,c_karashar,d_karashar,k_khotan,e_turan,false,,867,CK3 00_landed_titles.txt
b_boston,c_lincolnshire,d_york,k_england,e_britannia,false,,867,CK3 00_landed_titles.txt
b_bosworth,c_leicestershire,d_hereford,k_england,e_britannia,false,,867,CK3 00_landed_titles.txt
b_bothin,c_bothin,d_halogaland,k_norway,e_scandinavia,true,first_barony_in_county_block,867,CK3 00_landed_titles.txt
b_bottaman,c_oshrusana,d_osrushana,k_transoxiana,e_turan,false,,867,CK3 00_landed_titles.txt
b_botzow,c_berlin,d_ostmark,k_pomerania,e_wendish_empire,false,,867,CK3 00_landed_titles.txt
b_bou,c_worodugu,d_worodugu,k_kong,e_guinea,false,,867,CK3 00_landed_titles.txt
b_bou_khzama,c_awkar,d_wagadu,k_ghana,e_mali,false,,867,CK3 00_landed_titles.txt
b_bouake,c_nzi,d_kong,k_kong,e_guinea,true,first_barony_in_county_block,867,CK3 00_landed_titles.txt
b_boubo,c_boubo,d_kru,k_guinea,e_guinea,true,first_barony_in_county_block,867,CK3 00_landed_titles.txt
b_bouda,c_touat,d_touat,k_anbiya,e_maghreb,false,,867,CK3 00_landed_titles.txt
b_boudounitsa,c_boeotia,d_athens,k_hellas,e_byzantium,false,,867,CK3 00_landed_titles.txt
b_bouillon,c_bouillon,d_luxembourg,k_lotharingia,e_germany,true,first_barony_in_county_block,867,CK3 00_landed_titles.txt
b_boulawan,c_marrakesh,d_marrakesh,k_maghreb,e_maghreb,false,,867,CK3 00_landed_titles.txt
b_boulel,c_mema,d_mema,k_ghana,e_mali,false,,867,CK3 00_landed_titles.txt
b_boulogne,c_boulogne,d_flanders,k_france,e_france,true,first_barony_in_county_block,867,CK3 00_landed_titles.txt
b_boulom,c_sherbro,d_kono,k_guinea,e_guinea,false,,867,CK3 00_landed_titles.txt
b_bouna,c_wa,d_lobi,k_kong,e_guinea,false,,867,CK3 00_landed_titles.txt
b_bourbon,c_bourbon,d_bourbon,k_aquitaine,e_france,true,first_barony_in_county_block,867,CK3 00_landed_titles.txt
b_bourem,c_gao,d_kawkaw,k_songhay,e_mali,false,,867,CK3 00_landed_titles.txt
b_bourg,c_bresse,d_upper_burgundy,k_burgundy,e_france,true,first_barony_in_county_block,867,CK3 00_landed_titles.txt
b_bourges,c_issoudun,d_berry,k_france,e_france,false,,867,CK3 00_landed_titles.txt
b_bousaada,c_ashir,d_tahert,k_tahert,e_maghreb,false,,867,CK3 00_landed_titles.txt
b_boussac,c_bourbon,d_bourbon,k_aquitaine,e_france,false,,867,CK3 00_landed_titles.txt
b_bousso,c_kuku,d_baguirmi,k_sao,e_kanem_bornu,false,,867,CK3 00_landed_titles.txt
b_bozen,c_innsbruck,d_tyrol,k_bavaria,e_germany,false,,867,CK3 00_landed_titles.txt
b_braga,c_porto,d_porto,k_portugal,e_spain,false,,867,CK3 00_landed_titles.txt
b_braganza,c_braganza,d_porto,k_portugal,e_spain,true,first_barony_in_county_block,867,CK3 00_landed_titles.txt
b_brahmapura,c_kangra,d_lahore,k_punjab,e_rajastan,false,,867,CK3 00_landed_titles.txt
b_braila,c_braila,d_muntenia,k_dacia,e_carpathia,true,first_barony_in_county_block,867,CK3 00_landed_titles.txt
b_brakel,c_paderborn,d_westfalen,k_saxony,e_germany,false,,867,CK3 00_landed_titles.txt
b_brandenburg,c_brandenburg,d_ostmark,k_pomerania,e_wendish_empire,true,first_barony_in_county_block,867,CK3 00_landed_titles.txt
b_branicevo,c_branicevo,d_vidin,k_bulgaria,e_byzantium,true,first_barony_in_county_block,867,CK3 00_landed_titles.txt
b_braslau,c_braslau,d_lithuanians,k_lithuania,e_wendish_empire,true,first_barony_in_county_block,867,CK3 00_landed_titles.txt
b_brasso,c_barcasag,d_transylvania,k_hungary,e_carpathia,true,first_barony_in_county_block,867,CK3 00_landed_titles.txt
b_bratsk,c_bratsk,d_chuna_valley,k_angara,e_mongolia,true,first_barony_in_county_block,867,CK3 00_landed_titles.txt
b_braunau,c_salzburg,d_salzburg,k_bavaria,e_germany,false,,867,CK3 00_landed_titles.txt
b_braunsberg,c_wormditt,d_prussia,k_lithuania,e_wendish_empire,false,,867,CK3 00_landed_titles.txt
b_bray,c_brie_francaise,d_valois,k_france,e_france,false,,867,CK3 00_landed_titles.txt
b_breclav,c_znojmo,d_moravia,k_bohemia,e_west_slavia,false,,867,CK3 00_landed_titles.txt
b_brecon,c_brecknockshire,d_deheubarth,k_wales,e_britannia,true,first_barony_in_county_block,867,CK3 00_landed_titles.txt
b_breda,c_antwerpen,d_brabant,k_lotharingia,e_germany,false,,867,CK3 00_landed_titles.txt
b_bredevoort,c_zutphen,d_gelre,k_frisia,e_germany,false,,867,CK3 00_landed_titles.txt
b_bregenz,c_ravensburg,d_augsburg,k_bavaria,e_germany,false,,867,CK3 00_landed_titles.txt
b_bregne,c_blekinge,d_skane,k_denmark,e_scandinavia,true,first_barony_in_county_block,867,CK3 00_landed_titles.txt
b_bremanger,c_sogn,d_vestlandi,k_norway,e_scandinavia,false,,867,CK3 00_landed_titles.txt
b_bremen,c_bremen,d_angria,k_saxony,e_germany,true,first_barony_in_county_block,867,CK3 00_landed_titles.txt
b_brene,c_brene,d_lausitz,k_sorbia,e_west_slavia,false,,867,CK3 00_landed_titles.txt
b_brentford,c_middlesex,d_bedford,k_england,e_britannia,false,,867,CK3 00_landed_titles.txt
b_brescello,c_mantua,d_emilia,k_italy,e_italy,false,,867,CK3 00_landed_titles.txt
b_brescia,c_brescia,d_lombardia,k_italy,e_italy,true,first_barony_in_county_block,867,CK3 00_landed_titles.txt
b_breslau,c_breslau,d_lower_silesia,k_poland,e_west_slavia,true,first_barony_in_county_block,867,CK3 00_landed_titles.txt
b_bressuire,c_thouars,d_poitou,k_aquitaine,e_france,false,,867,CK3 00_landed_titles.txt
b_brest,c_french_leon,d_brittany,k_brittany,e_france,true,first_barony_in_county_block,867,CK3 00_landed_titles.txt
b_breznica,c_podrinje,d_rashka,k_serbia,e_byzantium,false,,867,CK3 00_landed_titles.txt
b_breznik,c_naissus,d_bulgaria,k_bulgaria,e_byzantium,false,,867,CK3 00_landed_titles.txt
b_breznobanya,c_zolyom,d_nyitra,k_hungary,e_carpathia,false,,867,CK3 00_landed_titles.txt
b_briancon,c_forcalquier,d_provence,k_burgundy,e_france,false,,867,CK3 00_landed_titles.txt
b_bribir,c_knin,d_dalmatia,k_croatia,e_byzantium,false,,867,CK3 00_landed_titles.txt
b_bridlington,c_east_riding,d_york,k_england,e_britannia,false,,867,CK3 00_landed_titles.txt
b_brielle,c_zeeland,d_holland,k_frisia,e_germany,false,,867,CK3 00_landed_titles.txt
b_briesen,c_torun,d_masuria,k_lithuania,e_wendish_empire,false,,867,CK3 00_landed_titles.txt
b_briey,c_briey,d_bar,k_lotharingia,e_germany,true,first_barony_in_county_block,867,CK3 00_landed_titles.txt
b_brin_navolok,c_kholmogory,d_biarmia,k_bjarmaland,e_russia,false,,867,CK3 00_landed_titles.txt
b_brindisi,c_lecce,d_apulia,k_sicily,e_byzantium,false,,867,CK3 00_landed_titles.txt
b_brinje,c_gacka,d_croatia,k_croatia,e_byzantium,false,,867,CK3 00_landed_titles.txt
b_bristol,c_gloucestershire,d_gloucester,k_england,e_britannia,false,,867,CK3 00_landed_titles.txt
b_brixen,c_brixen,d_tyrol,k_bavaria,e_germany,true,first_barony_in_county_block,867,CK3 00_landed_titles.txt
b_brno,c_brno,d_moravia,k_bohemia,e_west_slavia,true,first_barony_in_county_block,867,CK3 00_landed_titles.txt
b_brod,c_pozega,d_slavonia,k_croatia,e_byzantium,false,,867,CK3 00_landed_titles.txt
b_brodnica,c_osterode,d_masuria,k_lithuania,e_wendish_empire,false,,867,CK3 00_landed_titles.txt
b_brodno,c_czerska,d_mazovia,k_poland,e_west_slavia,false,,867,CK3 00_landed_titles.txt
b_brskovo,c_podrinje,d_rashka,k_serbia,e_byzantium,false,,867,CK3 00_landed_titles.txt
b_bruchhausen,c_minden,d_angria,k_saxony,e_germany,false,,867,CK3 00_landed_titles.txt
b_bruck,c_vienna,d_osterreich,k_bavaria,e_germany,false,,867,CK3 00_landed_titles.txt
b_bruges,c_brugge,d_flanders,k_france,e_france,true,first_barony_in_county_block,867,CK3 00_landed_titles.txt
b_bruneck,c_brixen,d_tyrol,k_bavaria,e_germany,false,,867,CK3 00_landed_titles.txt
b_brunswick,c_brunswick,d_ostfalen,k_saxony,e_germany,true,first_barony_in_county_block,867,CK3 00_landed_titles.txt
b_brussels,c_brabant,d_brabant,k_lotharingia,e_germany,false,,867,CK3 00_landed_titles.txt
b_brysis,c_brysis,d_thrace,k_thessalonika,e_byzantium,true,first_barony_in_county_block,867,CK3 00_landed_titles.txt
b_brzeg,c_brzeg,d_upper_silesia,k_poland,e_west_slavia,true,first_barony_in_county_block,867,CK3 00_landed_titles.txt
b_buchach,c_lviv,d_halych,k_galicia-volhynia,e_west_slavia,false,,867,CK3 00_landed_titles.txt
b_buckingham,c_buckinghamshire,d_bedford,k_england,e_britannia,true,first_barony_in_county_block,867,CK3 00_landed_titles.txt
b_bucuresti,c_bucuresti,d_muntenia,k_dacia,e_carpathia,true,first_barony_in_county_block,867,CK3 00_landed_titles.txt
b_budin,c_turan,d_makran,k_makran,e_persia,false,,867,CK3 00_landed_titles.txt
b_budingen,c_marburg,d_hesse,k_east_francia,e_germany,false,,867,CK3 00_landed_titles.txt
b_budlimlje,c_rashka,d_rashka,k_serbia,e_byzantium,false,,867,CK3 00_landed_titles.txt
b_bug,c_baydhabo,d_west_ajuraan,k_ajuraan,e_azania,false,,867,CK3 00_landed_titles.txt
b_bugaiwilik,c_khotan,d_khotan,k_khotan,e_turan,false,,867,CK3 00_landed_titles.txt
b_bugaly,c_arkalyk,d_tokumbay,k_saryarka,e_tartaria,false,,867,CK3 00_landed_titles.txt
b_bughrara,c_djerba,d_tripolitania,k_africa,e_maghreb,false,,867,CK3 00_landed_titles.txt
b_bugulde,c_olkhon,d_tsagaanbaigal,k_buryatia,e_mongolia,false,,867,CK3 00_landed_titles.txt
b_bugulma,c_jalmat,d_jalmat,k_volga_bulgaria,e_volga-ural,false,,867,CK3 00_landed_titles.txt
b_bugur,c_bugur,d_beshbalik,k_dzungaria,e_tartaria,true,first_barony_in_county_block,867,CK3 00_landed_titles.txt
b_bugur_TARIM,c_luntai,d_karashar,k_khotan,e_turan,false,,867,CK3 00_landed_titles.txt
b_buguriba,c_dyulaso,d_lobi,k_kong,e_guinea,false,,867,CK3 00_landed_titles.txt
b_bugurslan,c_bugurslan,d_bugurslan,k_volga_bulgaria,e_volga-ural,true,first_barony_in_county_block,867,CK3 00_landed_titles.txt
b_bugyntalbar,c_bratsk,d_chuna_valley,k_angara,e_mongolia,false,,867,CK3 00_landed_titles.txt
b_buipe,c_gonja,d_dagomba,k_gur,e_guinea,true,first_barony_in_county_block,867,CK3 00_landed_titles.txt
b_bukhara,c_bukhara,d_soghd,k_transoxiana,e_turan,true,first_barony_in_county_block,867,CK3 00_landed_titles.txt
b_bukhtarma,c_koksemey,d_semey,k_kipchak,e_tartaria,false,,867,CK3 00_landed_titles.txt
b_bukuruwa,c_kwahu-akyem,d_ashanti,k_akan,e_guinea,false,,867,CK3 00_landed_titles.txt
b_buky,c_uman,d_yedisan,k_pontic_steppe,e_caspian-pontic_steppe,false,,867,CK3 00_landed_titles.txt
b_bulandy,c_astrakhanka,d_kazakh,k_cuman,e_tartaria,false,,867,CK3 00_landed_titles.txt
b_bulat,c_bulat,d_betpa,k_saryarka,e_tartaria,true,first_barony_in_county_block,867,CK3 00_landed_titles.txt
b_bulgan_uul,c_karabalgasun,d_orkhon,k_otuken,e_mongolia,false,,867,CK3 00_landed_titles.txt
b_bulun-tok,c_ulan_chuzir,d_gurbantunggut,k_dzungaria,e_tartaria,false,,867,CK3 00_landed_titles.txt
b_bumbag_hayrhan_uul,c_sharga,d_gobi_altai,k_naimania,e_mongolia,false,,867,CK3 00_landed_titles.txt
b_bumgye,c_gonjo,d_lhatok,k_kham,e_tibet,false,,867,CK3 00_landed_titles.txt
b_bumthang,c_bumthang,d_bumthang,k_lhomon,e_tibet,true,first_barony_in_county_block,867,CK3 00_landed_titles.txt
b_bundi,c_kota,d_medapata,k_rajputana,e_rajastan,false,,867,CK3 00_landed_titles.txt
b_bundu,c_bundu,d_bambuk,k_mali,e_mali,true,first_barony_in_county_block,867,CK3 00_landed_titles.txt
b_bunjiket,c_oshrusana,d_osrushana,k_transoxiana,e_turan,true,first_barony_in_county_block,867,CK3 00_landed_titles.txt
b_bur,c_bur,d_dahlaks,k_abyssinia,e_abyssinia,false,,867,CK3 00_landed_titles.txt
b_bura,c_bura,d_lower_gurma,k_gurma,e_mali,true,first_barony_in_county_block,867,CK3 00_landed_titles.txt
b_buren,c_waldeck,d_westfalen,k_saxony,e_germany,false,,867,CK3 00_landed_titles.txt
b_burgas,c_burgas,d_philippopolis,k_bulgaria,e_byzantium,true,first_barony_in_county_block,867,CK3 00_landed_titles.txt
b_burgasutai,c_burgasutai,d_kara_khoja,k_dzungaria,e_tartaria,true,first_barony_in_county_block,867,CK3 00_landed_titles.txt
b_burgau,c_burgau,d_augsburg,k_bavaria,e_germany,true,first_barony_in_county_block,867,CK3 00_landed_titles.txt
b_burghausen,c_frontenhausen,d_bavaria,k_bavaria,e_germany,false,,867,CK3 00_landed_titles.txt
b_burgos,c_burgos,d_castilla,k_castille,e_spain,true,first_barony_in_county_block,867,CK3 00_landed_titles.txt
b_burgun,c_uzboy,d_uzboy,k_transoxiana,e_turan,true,first_barony_in_county_block,867,CK3 00_landed_titles.txt
b_burhanpur,c_burhanpur,d_anupa,k_malwa,e_rajastan,true,first_barony_in_county_block,867,CK3 00_landed_titles.txt
b_burhi_gandak,c_bangaon,d_tirabhukti,k_bihar,e_bengal,false,,867,CK3 00_landed_titles.txt
b_buri,c_bur,d_dahlaks,k_abyssinia,e_abyssinia,true,first_barony_in_county_block,867,CK3 00_landed_titles.txt
b_burji,c_burji,d_sharka,k_damot,e_abyssinia,true,first_barony_in_county_block,867,CK3 00_landed_titles.txt
b_burkal,c_khentii,d_ogrash,k_otuken,e_mongolia,false,,867,CK3 00_landed_titles.txt
b_burluk,c_jangyztau,d_atbasar,k_qara_dala,e_tartaria,false,,867,CK3 00_landed_titles.txt
b_burogco,c_gomoco,d_ngari,k_guge,e_tibet,false,,867,CK3 00_landed_titles.txt
b_burqin,c_burqin,d_altay,k_dzungaria,e_tartaria,true,first_barony_in_county_block,867,CK3 00_landed_titles.txt
b_burqug,c_nyingchi,d_nyingchi,k_kham,e_tibet,false,,867,CK3 00_landed_titles.txt
b_burss,c_gutland,d_gotland,k_sweden,e_scandinavia,false,,867,CK3 00_landed_titles.txt
b_burullus,c_al-gharbiya,d_delta,k_egypt,e_arabia,false,,867,CK3 00_landed_titles.txt
b_burunfongo,c_say,d_lower_gurma,k_gurma,e_mali,false,,867,CK3 00_landed_titles.txt
b_burzanga,c_kurumba,d_upper_gurma,k_gurma,e_mali,false,,867,CK3 00_landed_titles.txt
b_busa,c_bussa,d_borgu,k_borgu,e_guinea,true,first_barony_in_county_block,867,CK3 00_landed_titles.txt
b_busaga,c_qaraustyurt,d_transcaspiana,k_oghuz_il,e_turan,false,,867,CK3 00_landed_titles.txt
b_busaso,c_busaso,d_sanaag,k_adal,e_abyssinia,true,first_barony_in_county_block,867,CK3 00_landed_titles.txt
b_bushkanat,c_mandestan,d_fars,k_persia,e_persia,false,,867,CK3 00_landed_titles.txt
b_busin,c_tsaparang,d_ngari,k_guge,e_tibet,false,,867,CK3 00_landed_titles.txt
b_busir,c_giza,d_cairo,k_egypt,e_arabia,false,,867,CK3 00_landed_titles.txt
b_busk,c_lviv,d_halych,k_galicia-volhynia,e_west_slavia,false,,867,CK3 00_landed_titles.txt
b_busra,c_hauran,d_damascus,k_syria,e_arabia,true,first_barony_in_county_block,867,CK3 00_landed_titles.txt
b_busura,c_bundu,d_bambuk,k_mali,e_mali,false,,867,CK3 00_landed_titles.txt
b_buteeliin_nuruu,c_selenga,d_selenga_valley,k_otuken,e_mongolia,false,,867,CK3 00_landed_titles.txt
b_buthrotum,c_buthrotum,d_cephalonia,k_epirus,e_byzantium,true,first_barony_in_county_block,867,CK3 00_landed_titles.txt
b_buur_heybe,c_baydhabo,d_west_ajuraan,k_ajuraan,e_azania,false,,867,CK3 00_landed_titles.txt
b_buxtehude,c_hamburg,d_ostfalen,k_saxony,e_germany,false,,867,CK3 00_landed_titles.txt
b_buzaa,c_aleppo,d_aleppo,k_syria,e_arabia,false,,867,CK3 00_landed_titles.txt
b_buzai,c_yangikent,d_aral_il,k_oghuz_il,e_turan,false,,867,CK3 00_landed_titles.txt
b_buzau,c_buzau,d_muntenia,k_dacia,e_carpathia,true,first_barony_in_county_block,867,CK3 00_landed_titles.txt
b_buzjan,c_bakharz,d_herat,k_khorasan,e_persia,true,first_barony_in_county_block,867,CK3 00_landed_titles.txt
b_buzuluk,c_samar_VB,d_volga_bulgaria,k_volga_bulgaria,e_volga-ural,false,,867,CK3 00_landed_titles.txt
b_buzye,c_toma,d_toro,k_guinea,e_guinea,false,,867,CK3 00_landed_titles.txt
b_byalgrad,c_zherkovo,d_philippopolis,k_bulgaria,e_byzantium,false,,867,CK3 00_landed_titles.txt
b_bychok,c_khopyor,d_khopyor,k_mordvinia,e_volga-ural,false,,867,CK3 00_landed_titles.txt
b_bydgoszcz,c_kujawy,d_kuyavia,k_poland,e_west_slavia,false,,867,CK3 00_landed_titles.txt
b_bytom,c_schweibus,d_lower_silesia,k_poland,e_west_slavia,false,,867,CK3 00_landed_titles.txt
b_bytow,c_slupsk,d_pomerelia,k_pomerania,e_wendish_empire,false,,867,CK3 00_landed_titles.txt
b_cabaneros,c_malagon,d_toledo,k_andalusia,e_spain,false,,867,CK3 00_landed_titles.txt
b_cabarda,c_cabardinia,d_alania,k_caucasus,e_caspian-pontic_steppe,true,first_barony_in_county_block,867,CK3 00_landed_titles.txt
b_cabartei,c_samiran,d_ciscaucasia,k_caucasus,e_caspian-pontic_steppe,false,,867,CK3 00_landed_titles.txt
b_cabra,c_cabra,d_granada,k_andalusia,e_spain,true,first_barony_in_county_block,867,CK3 00_landed_titles.txt
b_caceres,c_caceres,d_badajoz,k_badajoz,e_spain,true,first_barony_in_county_block,867,CK3 00_landed_titles.txt
b_cadi,c_hadrianeia,d_thracesia,k_nikaea,e_byzantium,false,,867,CK3 00_landed_titles.txt
b_cadiz,c_cadiz,d_sevilla,k_andalusia,e_spain,true,first_barony_in_county_block,867,CK3 00_landed_titles.txt
b_cadyou,c_lanarkshire,d_lothian,k_scotland,e_britannia,false,,867,CK3 00_landed_titles.txt
b_caen,c_bayeux,d_normandy,k_france,e_france,false,,867,CK3 00_landed_titles.txt
b_caernarfon,c_caernarfonshire,d_gwynedd,k_wales,e_britannia,true,first_barony_in_county_block,867,CK3 00_landed_titles.txt
b_caerphilly,c_glamorgan,d_deheubarth,k_wales,e_britannia,false,,867,CK3 00_landed_titles.txt
b_cagli,c_ancona,d_ancona,k_romagna,e_italy,false,,867,CK3 00_landed_titles.txt
b_cagliari,c_cagliari,d_sardinia,k_sardinia,e_italy,true,first_barony_in_county_block,867,CK3 00_landed_titles.txt
b_cahors,c_quercy,d_toulouse,k_aquitaine,e_france,false,,867,CK3 00_landed_titles.txt
b_cahul,c_tigheci,d_bugeac,k_moldavia,e_carpathia,false,,867,CK3 00_landed_titles.txt
b_cairo,c_cairo,d_cairo,k_egypt,e_arabia,true,first_barony_in_county_block,867,CK3 00_landed_titles.txt
b_cakha,c_ulam,d_tuyuhun,k_amdo,e_tibet,false,,867,CK3 00_landed_titles.txt
b_cakrakuta,c_cakrakuta,d_dandakaranya,k_orissa,e_bengal,true,first_barony_in_county_block,867,CK3 00_landed_titles.txt
b_calabar,c_ibibo,d_igboland,k_igbo-benue,e_guinea,true,first_barony_in_county_block,867,CK3 00_landed_titles.txt
b_calaceite,c_alcaniz,d_aragon,k_aragon,e_spain,false,,867,CK3 00_landed_titles.txt
b_calafat,c_calafat,d_oltenia,k_dacia,e_carpathia,true,first_barony_in_county_block,867,CK3 00_landed_titles.txt
b_calais,c_guines,d_flanders,k_france,e_france,true,first_barony_in_county_block,867,CK3 00_landed_titles.txt
b_calarasi,c_calarasi,d_muntenia,k_dacia,e_carpathia,true,first_barony_in_county_block,867,CK3 00_landed_titles.txt
b_calatafimi,c_palermo,d_sicily,k_sicily,e_byzantium,false,,867,CK3 00_landed_titles.txt
b_calatayud,c_calatayud,d_aragon,k_aragon,e_spain,true,first_barony_in_county_block,867,CK3 00_landed_titles.txt
b_calatrava,c_calatrava,d_cordoba,k_andalusia,e_spain,true,first_barony_in_county_block,867,CK3 00_landed_titles.txt
b_calicut,c_eranad,d_chera_nadu,k_tamilakam,e_deccan,true,first_barony_in_county_block,867,CK3 00_landed_titles.txt
b_callander,c_strathearn,d_albany,k_scotland,e_britannia,false,,867,CK3 00_landed_titles.txt
b_caltagirone,c_siracusa,d_sicily,k_sicily,e_byzantium,false,,867,CK3 00_landed_titles.txt
b_caltanisetta,c_agrigento,d_sicily,k_sicily,e_byzantium,false,,867,CK3 00_landed_titles.txt
b_calvi,c_ajaccio,d_corsica,k_sardinia,e_italy,false,,867,CK3 00_landed_titles.txt
b_calw,c_baden,d_swabia,k_east_francia,e_germany,false,,867,CK3 00_landed_titles.txt
b_camacha,c_mesopotamia,d_mesopotamia,k_armenia,e_byzantium,false,,867,CK3 00_landed_titles.txt
b_camaldoli,c_casentino,d_romagna,k_romagna,e_italy,false,,867,CK3 00_landed_titles.txt
b_camarda,c_camarda,d_salerno,k_sicily,e_byzantium,true,first_barony_in_county_block,867,CK3 00_landed_titles.txt
b_cambrai,c_cambray,d_brabant,k_lotharingia,e_germany,true,first_barony_in_county_block,867,CK3 00_landed_titles.txt
b_cambridge,c_cambridgeshire,d_norfolk,k_england,e_britannia,true,first_barony_in_county_block,867,CK3 00_landed_titles.txt
b_camerino,c_ancona,d_ancona,k_romagna,e_italy,false,,867,CK3 00_landed_titles.txt
b_cammin,c_cammin,d_pommerania,k_pomerania,e_wendish_empire,true,first_barony_in_county_block,867,CK3 00_landed_titles.txt
b_campa,c_mudgagiri,d_magadha,k_bihar,e_bengal,false,,867,CK3 00_landed_titles.txt
b_campa2,c_kangra,d_lahore,k_punjab,e_rajastan,false,,867,CK3 00_landed_titles.txt
b_camparanya,c_rayapura,d_daksina_kosala,k_orissa,e_bengal,false,,867,CK3 00_landed_titles.txt
b_campulung,c_campulung,d_transylvanian_alps,k_dacia,e_carpathia,false,,867,CK3 00_landed_titles.txt
b_campulung_moldovenesc,c_suceava,d_bukovina,k_moldavia,e_carpathia,false,,867,CK3 00_landed_titles.txt
b_canavese,c_canavese,d_savoie,k_burgundy,e_france,false,,867,CK3 00_landed_titles.txt
b_canda,c_canda,d_vidharba,k_maharastra,e_deccan,true,first_barony_in_county_block,867,CK3 00_landed_titles.txt
b_candhoba,c_candhoba,d_akara_dasarna,k_malwa,e_rajastan,true,first_barony_in_county_block,867,CK3 00_landed_titles.txt
b_candradvipa,c_candradvipa,d_vanga,k_bengal,e_bengal,true,first_barony_in_county_block,867,CK3 00_landed_titles.txt
b_candranatha,c_samatata,d_vanga,k_bengal,e_bengal,false,,867,CK3 00_landed_titles.txt
b_candravati,c_godwad,d_maru,k_rajputana,e_rajastan,true,first_barony_in_county_block,867,CK3 00_landed_titles.txt
b_canossa,c_modena,d_emilia,k_italy,e_italy,false,,867,CK3 00_landed_titles.txt
b_canterbury,c_kent,d_canterbury,k_england,e_britannia,false,,867,CK3 00_landed_titles.txt
b_cantillana,c_cordoba,d_cordoba,k_andalusia,e_spain,false,,867,CK3 00_landed_titles.txt
b_caorle,c_friuli,d_friuli,k_italy,e_italy,true,first_barony_in_county_block,867,CK3 00_landed_titles.txt
b_capua,c_capua,d_capua,k_sicily,e_byzantium,true,first_barony_in_county_block,867,CK3 00_landed_titles.txt
b_caravacadelacruz,c_murcia,d_murcia,k_valencia,e_spain,false,,867,CK3 00_landed_titles.txt
b_carballido,c_pravia,d_asturias,k_leon,e_spain,false,,867,CK3 00_landed_titles.txt
b_carbonara,c_tortoli,d_sardinia,k_sardinia,e_italy,false,,867,CK3 00_landed_titles.txt
b_carcassonne,c_carcassonne,d_languedoc,k_aquitaine,e_france,true,first_barony_in_county_block,867,CK3 00_landed_titles.txt
b_cardiff,c_glamorgan,d_deheubarth,k_wales,e_britannia,true,first_barony_in_county_block,867,CK3 00_landed_titles.txt
b_cardigan,c_cardiganshire,d_gwynedd,k_wales,e_britannia,true,first_barony_in_county_block,867,CK3 00_landed_titles.txt
b_carguya,c_charaideo,d_sutiya,k_kamarupa,e_bengal,false,,867,CK3 00_landed_titles.txt
b_carisbrooke,c_isle_of_wight,d_somerset,k_england,e_britannia,true,first_barony_in_county_block,867,CK3 00_landed_titles.txt
b_carissa,c_helenopontus,d_armeniac,k_pontus,e_byzantium,false,,867,CK3 00_landed_titles.txt
b_carlat,c_auvergne,d_auvergne,k_aquitaine,e_france,false,,867,CK3 00_landed_titles.txt
b_carlisle,c_cumberland,d_northumberland,k_england,e_britannia,true,first_barony_in_county_block,867,CK3 00_landed_titles.txt
b_carlow,c_leinster,d_leinster,k_ireland,e_britannia,false,,867,CK3 00_landed_titles.txt
b_carmarthen,c_carmarthenshire,d_deheubarth,k_wales,e_britannia,true,first_barony_in_county_block,867,CK3 00_landed_titles.txt
b_carmona,c_sevilla,d_sevilla,k_andalusia,e_spain,false,,867,CK3 00_landed_titles.txt
b_carrick,c_ossory,d_leinster,k_ireland,e_britannia,false,,867,CK3 00_landed_titles.txt
b_carrickfergus,c_ulster,d_ulster,k_ireland,e_britannia,false,,867,CK3 00_landed_titles.txt
b_cartagena,c_murcia,d_murcia,k_valencia,e_spain,false,,867,CK3 00_landed_titles.txt
b_cascarena,c_kintus,d_guoldat,k_sapmi,e_scandinavia,false,,867,CK3 00_landed_titles.txt
b_casel,c_bamberg,d_east_franconia,k_east_francia,e_germany,false,,867,CK3 00_landed_titles.txt
b_casentino,c_casentino,d_romagna,k_romagna,e_italy,true,first_barony_in_county_block,867,CK3 00_landed_titles.txt
b_caslav,c_caslav,d_bohemia,k_bohemia,e_west_slavia,true,first_barony_in_county_block,867,CK3 00_landed_titles.txt
b_casnewydd,c_monmouthshire,d_deheubarth,k_wales,e_britannia,true,first_barony_in_county_block,867,CK3 00_landed_titles.txt
b_caspe,c_alcaniz,d_aragon,k_aragon,e_spain,false,,867,CK3 00_landed_titles.txt
b_cassino,c_capua,d_capua,k_sicily,e_byzantium,false,,867,CK3 00_landed_titles.txt
b_castamon,c_pompeiopolis,d_paphlagonia,k_pontus,e_byzantium,false,,867,CK3 00_landed_titles.txt
b_castellane,c_provence,d_provence,k_burgundy,e_france,false,,867,CK3 00_landed_titles.txt
b_castellon,c_castellon,d_valencia,k_valencia,e_spain,true,first_barony_in_county_block,867,CK3 00_landed_titles.txt
b_castelnaudary,c_albi,d_languedoc,k_aquitaine,e_france,false,,867,CK3 00_landed_titles.txt
b_castelo_branco,c_castelo_branco,d_coimbra,k_portugal,e_spain,true,first_barony_in_county_block,867,CK3 00_landed_titles.txt
b_castelsarrasin,c_toulouse,d_toulouse,k_aquitaine,e_france,false,,867,CK3 00_landed_titles.txt
b_castilblanco,c_merida,d_badajoz,k_badajoz,e_spain,false,,867,CK3 00_landed_titles.txt
b_castlebar,c_mayo,d_connacht,k_ireland,e_britannia,false,,867,CK3 00_landed_titles.txt
b_castleton,c_derby,d_lancaster,k_england,e_britannia,false,,867,CK3 00_landed_titles.txt
b_castletown,c_isle_of_man,d_the_isles,k_scotland,e_britannia,true,first_barony_in_county_block,867,CK3 00_landed_titles.txt
b_castrogiovanni,c_agrigento,d_sicily,k_sicily,e_byzantium,true,first_barony_in_county_block,867,CK3 00_landed_titles.txt
b_castrovillari,c_cosenza,d_calabria,k_sicily,e_byzantium,false,,867,CK3 00_landed_titles.txt
b_catania,c_messina,d_sicily,k_sicily,e_byzantium,false,,867,CK3 00_landed_titles.txt
b_catanzaro,c_rossano,d_calabria,k_sicily,e_byzantium,false,,867,CK3 00_landed_titles.txt
b_cattaro,c_pomorje,d_duklja,k_serbia,e_byzantium,false,,867,CK3 00_landed_titles.txt
b_catyaeum,c_prusa,d_opsikion,k_nikaea,e_byzantium,false,,867,CK3 00_landed_titles.txt
b_cavan,c_breifne,d_connacht,k_ireland,e_britannia,false,,867,CK3 00_landed_titles.txt
b_cawarong,c_golag,d_dzayul,k_lhomon,e_tibet,false,,867,CK3 00_landed_titles.txt
b_caze,c_caze,d_ngamring,k_tsang,e_tibet,true,first_barony_in_county_block,867,CK3 00_landed_titles.txt
b_cazma,c_zagreb,d_slavonia,k_croatia,e_byzantium,false,,867,CK3 00_landed_titles.txt
b_cefalu,c_messina,d_sicily,k_sicily,e_byzantium,false,,867,CK3 00_landed_titles.txt
b_cegled,c_visegrad,d_visegrad,k_hungary,e_carpathia,false,,867,CK3 00_landed_titles.txt
b_ceklis,c_grobin,d_courland,k_lithuania,e_wendish_empire,false,,867,CK3 00_landed_titles.txt
b_celle,c_luneburg,d_ostfalen,k_saxony,e_germany,false,,867,CK3 00_landed_titles.txt
b_ceneta,c_treviso,d_verona,k_italy,e_italy,false,,867,CK3 00_landed_titles.txt
b_cento,c_modena,d_emilia,k_italy,e_italy,false,,867,CK3 00_landed_titles.txt
b_central_jbl_quzlum,c_jabal_quzlum,d_eastern_desert,k_egypt,e_arabia,false,,867,CK3 00_landed_titles.txt
b_central_kordofan,c_south_kordofan,d_kordofan,k_darfur,e_kanem_bornu,false,,867,CK3 00_landed_titles.txt
b_cephalonia,c_cephalonia,d_cephalonia,k_epirus,e_byzantium,true,first_barony_in_county_block,867,CK3 00_landed_titles.txt
b_cerasus,c_cerasus,d_chaldia,k_pontus,e_byzantium,true,first_barony_in_county_block,867,CK3 00_landed_titles.txt
b_cernauti,c_hotin,d_bukovina,k_moldavia,e_carpathia,false,,867,CK3 00_landed_titles.txt
b_cerynia,c_famagusta,d_cyprus,k_cyprus,e_byzantium,false,,867,CK3 00_landed_titles.txt
b_cesarea,c_jaffa,d_palestine,k_jerusalem,e_arabia,false,,867,CK3 00_landed_titles.txt
b_cesvaine,c_kokenois,d_latgalians,k_lithuania,e_wendish_empire,false,,867,CK3 00_landed_titles.txt
b_cetatea_alba,c_cetatea_alba,d_bugeac,k_moldavia,e_carpathia,true,first_barony_in_county_block,867,CK3 00_landed_titles.txt
b_cevennes,c_montpellier,d_languedoc,k_aquitaine,e_france,false,,867,CK3 00_landed_titles.txt
b_chablis,c_auxerre,d_burgundy,k_france,e_france,false,,867,CK3 00_landed_titles.txt
b_chachran,c_uch,d_multan,k_punjab,e_rajastan,false,,867,CK3 00_landed_titles.txt
b_chadrinsk,c_chadrinsk,d_vogulia,k_bashkiria,e_volga-ural,true,first_barony_in_county_block,867,CK3 00_landed_titles.txt
b_chagai,c_panjgur,d_makran,k_makran,e_persia,false,,867,CK3 00_landed_titles.txt
b_chagboco,c_gerze,d_ngari,k_guge,e_tibet,false,,867,CK3 00_landed_titles.txt
b_chaghaniyan,c_chaghaniyan,d_khuttal,k_transoxiana,e_turan,true,first_barony_in_county_block,867,CK3 00_landed_titles.txt
b_chagne,c_gyirong,d_sagya,k_tsang,e_tibet,false,,867,CK3 00_landed_titles.txt
b_chah,c_chah,d_chah,k_syr_darya,e_turan,true,first_barony_in_county_block,867,CK3 00_landed_titles.txt
b_chaka,c_gegyai,d_ngari,k_guge,e_tibet,false,,867,CK3 00_landed_titles.txt
b_chaklym,c_torangy_kul,d_akaltay,k_dzungaria,e_tartaria,false,,867,CK3 00_landed_titles.txt
b_chakpak,c_otrar,d_chah,k_syr_darya,e_turan,false,,867,CK3 00_landed_titles.txt
b_chalamtum,c_chamil,d_kara_khoja,k_dzungaria,e_tartaria,false,,867,CK3 00_landed_titles.txt
b_chalap_kerman,c_aqtobe,d_aqtobe,k_caspian_steppe,e_caspian-pontic_steppe,false,,867,CK3 00_landed_titles.txt
b_chalbych,c_koshuki,d_pelym,k_yugra,e_siberia,false,,867,CK3 00_landed_titles.txt
b_chalcedon,c_bithynia,d_optimatoi,k_nikaea,e_byzantium,true,first_barony_in_county_block,867,CK3 00_landed_titles.txt
b_chalkar,c_chalkar,d_aral_karakum,k_oghuz_il,e_turan,true,first_barony_in_county_block,867,CK3 00_landed_titles.txt
b_chalkis,c_euboea,d_athens,k_hellas,e_byzantium,true,first_barony_in_county_block,867,CK3 00_landed_titles.txt
b_chally-kala,c_oskol,d_voronezh,k_mordvinia,e_volga-ural,false,,867,CK3 00_landed_titles.txt
b_chalon,c_chalon,d_burgundy,k_france,e_france,true,first_barony_in_county_block,867,CK3 00_landed_titles.txt
b_chalons,c_chalons,d_champagne,k_france,e_france,true,first_barony_in_county_block,867,CK3 00_landed_titles.txt
b_chalus,c_limousin,d_aquitaine,k_aquitaine,e_france,false,,867,CK3 00_landed_titles.txt
b_cham,c_hohenburg,d_nordgau,k_bavaria,e_germany,false,,867,CK3 00_landed_titles.txt
b_chambery,c_savoie,d_savoie,k_burgundy,e_france,false,,867,CK3 00_landed_titles.txt
b_chamchev,c_azov,d_azov,k_caucasus,e_caspian-pontic_steppe,false,,867,CK3 00_landed_titles.txt
b_champagnole,c_bresse,d_upper_burgundy,k_burgundy,e_france,false,,867,CK3 00_landed_titles.txt
b_champaner,c_dadhipadra,d_dadhipadra,k_malwa,e_rajastan,false,,867,CK3 00_landed_titles.txt
b_champawat,c_kali_kumaon,d_kurmanchal,k_himalaya,e_rajastan,true,first_barony_in_county_block,867,CK3 00_landed_titles.txt
b_champs,c_langres,d_burgundy,k_france,e_france,false,,867,CK3 00_landed_titles.txt
b_chanderi,c_chanderi,d_akara_dasarna,k_malwa,e_rajastan,true,first_barony_in_county_block,867,CK3 00_landed_titles.txt
b_chandpur,c_bikrampur,d_vanga,k_bengal,e_bengal,false,,867,CK3 00_landed_titles.txt
b_chandraketugarh,c_tamralipti,d_suhma,k_bengal,e_bengal,false,,867,CK3 00_landed_titles.txt
b_chandrehi,c_gurgi,d_jejakabhukti,k_kosala,e_rajastan,false,,867,CK3 00_landed_titles.txt
b_changco,c_yenshipin,d_amdo,k_amdo,e_tibet,false,,867,CK3 00_landed_titles.txt
b_changdev,c_burhanpur,d_anupa,k_malwa,e_rajastan,false,,867,CK3 00_landed_titles.txt
b_changgo,c_kyakyaru,d_sagya,k_tsang,e_tibet,false,,867,CK3 00_landed_titles.txt
b_changmar,c_rutog,d_rutog,k_maryul,e_tibet,false,,867,CK3 00_landed_titles.txt
b_changzhi,c_gerqen,d_tuyuhun,k_amdo,e_tibet,false,,867,CK3 00_landed_titles.txt
b_chania,c_chania,d_krete,k_krete,e_byzantium,true,first_barony_in_county_block,867,CK3 00_landed_titles.txt
b_chany,c_kainsk,d_lanikaz,k_sibir,e_siberia,false,,867,CK3 00_landed_titles.txt
b_chapra,c_kusinagara,d_tirabhukti,k_bihar,e_bengal,false,,867,CK3 00_landed_titles.txt
b_charaideo,c_charaideo,d_sutiya,k_kamarupa,e_bengal,true,first_barony_in_county_block,867,CK3 00_landed_titles.txt
b_chargaldzin,c_atbasar,d_atbasar,k_qara_dala,e_tartaria,false,,867,CK3 00_landed_titles.txt
b_chariopolis,c_kalliopolis,d_thrace,k_thessalonika,e_byzantium,false,,867,CK3 00_landed_titles.txt
b_charkliq,c_charkliq,d_charkliq,k_khotan,e_turan,true,first_barony_in_county_block,867,CK3 00_landed_titles.txt
b_charleroi,c_namur,d_luxembourg,k_lotharingia,e_germany,false,,867,CK3 00_landed_titles.txt
b_charmanjan,c_chaghaniyan,d_khuttal,k_transoxiana,e_turan,false,,867,CK3 00_landed_titles.txt
b_charsianon,c_charsianon,d_charsianon,k_anatolia,e_byzantium,true,first_barony_in_county_block,867,CK3 00_landed_titles.txt
b_chartres,c_chartres,d_orleans,k_france,e_france,false,,867,CK3 00_landed_titles.txt
b_chartreuse,c_viennois,d_dauphine,k_burgundy,e_france,false,,867,CK3 00_landed_titles.txt
b_charych,c_aley,d_aley,k_ob,e_siberia,false,,867,CK3 00_landed_titles.txt
b_chateau_renard,c_montargis,d_orleans,k_france,e_france,false,,867,CK3 00_landed_titles.txt
b_chateau_thierry,c_reims,d_champagne,k_france,e_france,false,,867,CK3 00_landed_titles.txt
b_chateaubriant,c_nantes,d_brittany,k_brittany,e_france,false,,867,CK3 00_landed_titles.txt
b_chateaudun,c_vendome,d_orleans,k_france,e_france,false,,867,CK3 00_landed_titles.txt
b_chateauroux,c_berry,d_berry,k_france,e_france,false,,867,CK3 00_landed_titles.txt
b_chatellerault,c_poitiers,d_poitou,k_aquitaine,e_france,false,,867,CK3 00_landed_titles.txt
b_chatigama,c_samatata,d_vanga,k_bengal,e_bengal,false,,867,CK3 00_landed_titles.txt
b_chatillon,c_reims,d_champagne,k_france,e_france,false,,867,CK3 00_landed_titles.txt
b_chatrabhog,c_tamralipti,d_suhma,k_bengal,e_bengal,false,,867,CK3 00_landed_titles.txt
b_chatzk,c_rakcha,d_mordvinia,k_mordvinia,e_volga-ural,false,,867,CK3 00_landed_titles.txt
b_chaul,c_surparaka,d_konkana,k_maharastra,e_deccan,false,,867,CK3 00_landed_titles.txt
b_chaumont,c_dijon,d_burgundy,k_france,e_france,false,,867,CK3 00_landed_titles.txt
b_chauragarh,c_chauragarh,d_dahala,k_gondwana,e_bengal,true,first_barony_in_county_block,867,CK3 00_landed_titles.txt
b_chavez,c_porto,d_porto,k_portugal,e_spain,false,,867,CK3 00_landed_titles.txt
b_cheb,c_vogtland,d_meissen,k_sorbia,e_west_slavia,false,,867,CK3 00_landed_titles.txt
b_cheboksary,c_cheboksary,d_mordvinia,k_mordvinia,e_volga-ural,true,first_barony_in_county_block,867,CK3 00_landed_titles.txt
b_chechkeiev,c_penza,d_chuvashia,k_mordvinia,e_volga-ural,false,,867,CK3 00_landed_titles.txt
b_checiny,c_sandomierska,d_lesser_poland,k_poland,e_west_slavia,false,,867,CK3 00_landed_titles.txt
b_chegarka,c_igaran,d_baraba_steppe,k_ob,e_siberia,false,,867,CK3 00_landed_titles.txt
b_cheko,c_jie_DZU,d_gurbantunggut,k_dzungaria,e_tartaria,false,,867,CK3 00_landed_titles.txt
b_chelabinsk,c_chelabinsk,d_vogulia,k_bashkiria,e_volga-ural,true,first_barony_in_county_block,867,CK3 00_landed_titles.txt
b_chelai,c_bithynia,d_optimatoi,k_nikaea,e_byzantium,false,,867,CK3 00_landed_titles.txt
b_chelbaska,c_khumar,d_azov,k_caucasus,e_caspian-pontic_steppe,false,,867,CK3 00_landed_titles.txt
b_cheleken,c_nebit_dag,d_uzboy,k_transoxiana,e_turan,false,,867,CK3 00_landed_titles.txt
b_chelik,c_loulan,d_loulan,k_khotan,e_turan,false,,867,CK3 00_landed_titles.txt
b_chelmsford,c_essex,d_bedford,k_england,e_britannia,false,,867,CK3 00_landed_titles.txt
b_chelykla,c_uzen,d_itil,k_caspian_steppe,e_caspian-pontic_steppe,false,,867,CK3 00_landed_titles.txt
b_cherbourg,c_avranches,d_normandy,k_france,e_france,false,,867,CK3 00_landed_titles.txt
b_cherchen,c_cherchen,d_khotan,k_khotan,e_turan,true,first_barony_in_county_block,867,CK3 00_landed_titles.txt
b_cherepovets,c_beloozero,d_vepsia,k_novgorod,e_russia,false,,867,CK3 00_landed_titles.txt
b_cherga,c_chuguchak,d_alakol,k_zhetysu,e_tartaria,false,,867,CK3 00_landed_titles.txt
b_chergana,c_umiai,d_vasyugan_mire,k_ob,e_siberia,false,,867,CK3 00_landed_titles.txt
b_cherik,c_cherik,d_talas_alatau,k_syr_darya,e_turan,true,first_barony_in_county_block,867,CK3 00_landed_titles.txt
b_cherkassy,c_cherkassy,d_yedisan,k_pontic_steppe,e_caspian-pontic_steppe,true,first_barony_in_county_block,867,CK3 00_landed_titles.txt
b_chernigov,c_chernigov,d_chernigov,k_ruthenia,e_russia,true,first_barony_in_county_block,867,CK3 00_landed_titles.txt
b_cherskogo,c_baigaluuls,d_baigaluuls,k_buryatia,e_mongolia,false,,867,CK3 00_landed_titles.txt
b_chersonesus,c_kerch,d_crimea,k_pontic_steppe,e_caspian-pontic_steppe,false,,867,CK3 00_landed_titles.txt
b_chertsey,c_surrey,d_canterbury,k_england,e_britannia,true,first_barony_in_county_block,867,CK3 00_landed_titles.txt
b_cherven,c_turnovo,d_turnovo,k_bulgaria,e_byzantium,false,,867,CK3 00_landed_titles.txt
b_cherven_VOL,c_cherven,d_cherven_cities,k_galicia-volhynia,e_west_slavia,true,first_barony_in_county_block,867,CK3 00_landed_titles.txt
b_cherykaw,c_roslavl,d_smolensk,k_white_rus,e_russia,false,,867,CK3 00_landed_titles.txt
b_cheshi,c_beshbalik,d_beshbalik,k_dzungaria,e_tartaria,false,,867,CK3 00_landed_titles.txt
b_chester,c_cheshire,d_lancaster,k_england,e_britannia,true,first_barony_in_county_block,867,CK3 00_landed_titles.txt
b_chesterfield,c_derby,d_lancaster,k_england,e_britannia,false,,867,CK3 00_landed_titles.txt
b_chet,c_chulym,d_ala_tau,k_ob,e_siberia,false,,867,CK3 00_landed_titles.txt
b_chiari,c_brescia,d_lombardia,k_italy,e_italy,false,,867,CK3 00_landed_titles.txt
b_chiavari,c_luni,d_genoa,k_italy,e_italy,false,,867,CK3 00_landed_titles.txt
b_chich,c_chich,d_vasyugan_mire,k_ob,e_siberia,true,first_barony_in_county_block,867,CK3 00_landed_titles.txt
b_chichester,c_sussex,d_canterbury,k_england,e_britannia,false,,867,CK3 00_landed_titles.txt
b_chieri,c_turin,d_piedmonte,k_italy,e_italy,false,,867,CK3 00_landed_titles.txt
b_chik,c_kolyvan,d_baraba_steppe,k_ob,e_siberia,false,,867,CK3 00_landed_titles.txt
b_chikan,c_ryty,d_tsagaanbaigal,k_buryatia,e_mongolia,false,,867,CK3 00_landed_titles.txt
b_chikdril,c_qumarleb,d_qumarleb,k_amdo,e_tibet,false,,867,CK3 00_landed_titles.txt
b_chikoy,c_chikoy,d_uda_valley,k_buryatia,e_mongolia,true,first_barony_in_county_block,867,CK3 00_landed_titles.txt
b_chikoy_OGR,c_naushki,d_ogrash,k_otuken,e_mongolia,false,,867,CK3 00_landed_titles.txt
b_chilas,c_allai,d_kasmira,k_kashmir,e_rajastan,false,,867,CK3 00_landed_titles.txt
b_chilia,c_chilia,d_bugeac,k_moldavia,e_carpathia,true,first_barony_in_county_block,867,CK3 00_landed_titles.txt
b_chimkent,c_chah,d_chah,k_syr_darya,e_turan,false,,867,CK3 00_landed_titles.txt
b_chiny,c_bouillon,d_luxembourg,k_lotharingia,e_germany,false,,867,CK3 00_landed_titles.txt
b_chioggia,c_veneto,d_venice,k_venice,e_byzantium,false,,867,CK3 00_landed_titles.txt
b_chios,c_chios,d_aegean_islands,k_thessalonika,e_byzantium,true,first_barony_in_county_block,867,CK3 00_landed_titles.txt
b_chiplun,c_panaji,d_konkana,k_maharastra,e_deccan,false,,867,CK3 00_landed_titles.txt
b_chir_kala,c_mugodzhar_hills,d_mugodzhar_hills,k_caspian_steppe,e_caspian-pontic_steppe,false,,867,CK3 00_landed_titles.txt
b_chisinau,c_lapusna,d_bugeac,k_moldavia,e_carpathia,false,,867,CK3 00_landed_titles.txt
b_chitrakut,c_chitrakut,d_medapata,k_rajputana,e_rajastan,true,first_barony_in_county_block,867,CK3 00_landed_titles.txt
b_chitrakuta,c_mahoba,d_jejakabhukti,k_kosala,e_rajastan,false,,867,CK3 00_landed_titles.txt
b_chitral,c_chitral,d_kabul,k_kabulistan,e_persia,true,first_barony_in_county_block,867,CK3 00_landed_titles.txt
b_chiusi,c_siena,d_toscana,k_italy,e_italy,false,,867,CK3 00_landed_titles.txt
b_choklema,c_choklema,d_vologda,k_bjarmaland,e_russia,true,first_barony_in_county_block,867,CK3 00_landed_titles.txt
b_chonae,c_chonae,d_thracesia,k_nikaea,e_byzantium,true,first_barony_in_county_block,867,CK3 00_landed_titles.txt
b_chonoshud,c_karabaigal,d_bargujin_tukum,k_buryatia,e_mongolia,false,,867,CK3 00_landed_titles.txt
b_choqu,c_sungqu,d_gyalrong,k_gyalrong,e_tibet,false,,867,CK3 00_landed_titles.txt
b_chornobyl,c_chornobyl,d_kiev,k_ruthenia,e_russia,true,first_barony_in_county_block,867,CK3 00_landed_titles.txt
b_chortkiv,c_terebovl,d_halych,k_galicia-volhynia,e_west_slavia,false,,867,CK3 00_landed_titles.txt
b_chortolisy,c_zvyahel,d_kiev,k_ruthenia,e_russia,false,,867,CK3 00_landed_titles.txt
b_christchurch,c_hampton,d_somerset,k_england,e_britannia,false,,867,CK3 00_landed_titles.txt
b_chrudim,c_caslav,d_bohemia,k_bohemia,e_west_slavia,false,,867,CK3 00_landed_titles.txt
b_chrysopolis,c_serres,d_strymon,k_thessalonika,e_byzantium,false,,867,CK3 00_landed_titles.txt
b_chu,c_kaskelen,d_zhetysu,k_zhetysu,e_tartaria,false,,867,CK3 00_landed_titles.txt
b_chubar,c_chalkar,d_aral_karakum,k_oghuz_il,e_turan,false,,867,CK3 00_landed_titles.txt
b_chubar_KAZ,c_aqtobe,d_aqtobe,k_caspian_steppe,e_caspian-pontic_steppe,false,,867,CK3 00_landed_titles.txt
b_chubar_kul,c_qyzylteniz,d_saryarka,k_cuman,e_tartaria,true,first_barony_in_county_block,867,CK3 00_landed_titles.txt
b_chuguchak,c_chuguchak,d_alakol,k_zhetysu,e_tartaria,true,first_barony_in_county_block,867,CK3 00_landed_titles.txt
b_chukas_vosh,c_tselym_dalyn,d_konda,k_yugra,e_siberia,false,,867,CK3 00_landed_titles.txt
b_chukhloma,c_manturovo,d_nizhny_novgorod,k_opolye,e_russia,false,,867,CK3 00_landed_titles.txt
b_chukwu,c_ibibo,d_igboland,k_igbo-benue,e_guinea,false,,867,CK3 00_landed_titles.txt
b_chulak-terek,c_tekar,d_jinghiz,k_kipchak,e_tartaria,false,,867,CK3 00_landed_titles.txt
b_chulym,c_sartlan,d_baraba_steppe,k_ob,e_siberia,false,,867,CK3 00_landed_titles.txt
b_chulym_bis,c_chulym,d_ala_tau,k_ob,e_siberia,true,first_barony_in_county_block,867,CK3 00_landed_titles.txt
b_chumarho,c_chumarho,d_amdo,k_amdo,e_tibet,true,first_barony_in_county_block,867,CK3 00_landed_titles.txt
b_chumishtikul,c_kos-buwak,d_jemba,k_oghuz_il,e_turan,false,,867,CK3 00_landed_titles.txt
b_chumkar_kia,c_chumkar_kia,d_turgay,k_cuman,e_tartaria,true,first_barony_in_county_block,867,CK3 00_landed_titles.txt
b_chumy-su,c_balgun,d_naiman_gobi,k_dzungaria,e_tartaria,false,,867,CK3 00_landed_titles.txt
b_chumych,c_biia,d_salair,k_ob,e_siberia,false,,867,CK3 00_landed_titles.txt
b_chuna,c_chuna,d_chuna_valley,k_angara,e_mongolia,true,first_barony_in_county_block,867,CK3 00_landed_titles.txt
b_chunar,c_chunar,d_kasi,k_bihar,e_bengal,true,first_barony_in_county_block,867,CK3 00_landed_titles.txt
b_chungtash,c_sumdo,d_aksai_chin,k_maryul,e_tibet,false,,867,CK3 00_landed_titles.txt
b_chungthang,c_chungthang,d_paro,k_lhomon,e_tibet,true,first_barony_in_county_block,867,CK3 00_landed_titles.txt
b_chungul,c_qinggil,d_altay,k_dzungaria,e_tartaria,false,,867,CK3 00_landed_titles.txt
b_chunian,c_lahur,d_lahore,k_punjab,e_rajastan,false,,867,CK3 00_landed_titles.txt
b_chur,c_grisons,d_currezia,k_east_francia,e_germany,true,first_barony_in_county_block,867,CK3 00_landed_titles.txt
b_churuk,c_churuk,d_jemba,k_oghuz_il,e_turan,true,first_barony_in_county_block,867,CK3 00_landed_titles.txt
b_chushka-kol,c_barsuki,d_barsuki,k_oghuz_il,e_turan,false,,867,CK3 00_landed_titles.txt
b_chusul,c_demchok,d_ladakh,k_maryul,e_tibet,false,,867,CK3 00_landed_titles.txt
b_chutia,c_munda,d_jharkand,k_bihar,e_bengal,true,first_barony_in_county_block,867,CK3 00_landed_titles.txt
b_chutur,c_barasuru,d_dandakaranya,k_orissa,e_bengal,false,,867,CK3 00_landed_titles.txt
b_chuulunuruu,c_karabaigal,d_bargujin_tukum,k_buryatia,e_mongolia,true,first_barony_in_county_block,867,CK3 00_landed_titles.txt
b_chuya,c_chuya,d_bargujin_tukum,k_buryatia,e_mongolia,true,first_barony_in_county_block,867,CK3 00_landed_titles.txt
b_chynov,c_doudleby,d_bohemia,k_bohemia,e_west_slavia,false,,867,CK3 00_landed_titles.txt
b_chyorny_yar,c_itil,d_itil,k_caspian_steppe,e_caspian-pontic_steppe,false,,867,CK3 00_landed_titles.txt
b_cibyra,c_caria,d_cibyrrhaeot,k_anatolia,e_byzantium,false,,867,CK3 00_landed_titles.txt
b_ciduadrodrigo,c_salamanca,d_leon,k_leon,e_spain,false,,867,CK3 00_landed_titles.txt
b_ciechanow,c_plocka,d_mazovia,k_poland,e_west_slavia,false,,867,CK3 00_landed_titles.txt
b_cieszyn,c_cieszyn,d_upper_silesia,k_poland,e_west_slavia,true,first_barony_in_county_block,867,CK3 00_landed_titles.txt
b_cieza,c_murcia,d_murcia,k_valencia,e_spain,false,,867,CK3 00_landed_titles.txt
b_cipasir,c_simenas,d_menas,k_aynumosir,e_amur,false,,867,CK3 00_landed_titles.txt
b_cirlxj_dongting,c_lxj_huanzhou,d_yanyun_yuyi,k_raole,e_andong,false,,867,CK3 00_landed_titles.txt
b_cirlxj_huanzhou,c_lxj_huanzhou,d_yanyun_yuyi,k_raole,e_andong,true,first_barony_in_county_block,867,CK3 00_landed_titles.txt
b_cirlxj_lilingtaiyi,c_lxj_yangchengzhou,d_yanyun_yuyi,k_raole,e_andong,false,,867,CK3 00_landed_titles.txt
b_cirlxj_nanpo,c_lxj_huanzhou,d_yanyun_yuyi,k_raole,e_andong,false,,867,CK3 00_landed_titles.txt
b_cirlxj_yangcheng,c_lxj_yangchengzhou,d_yanyun_yuyi,k_raole,e_andong,true,first_barony_in_county_block,867,CK3 00_landed_titles.txt
b_cirlxj_yunyudi,c_lxj_yangchengzhou,d_yanyun_yuyi,k_raole,e_andong,false,,867,CK3 00_landed_titles.txt
b_cirlzj_beian,c_lzj_chengdexi,d_LIAO_zhongjing,k_raole,e_andong,false,,867,CK3 00_landed_titles.txt
b_cirlzj_caodangzhen,c_lxj_yuyidong,d_LIAO_zhongjing,k_raole,e_andong,true,first_barony_in_county_block,867,CK3 00_landed_titles.txt
b_cirlzj_chaolijiang,c_lzj_chengdexi,d_LIAO_zhongjing,k_raole,e_andong,false,,867,CK3 00_landed_titles.txt
b_cirlzj_chengde,c_lzj_chengde,d_LIAO_zhongjing,k_raole,e_andong,false,,867,CK3 00_landed_titles.txt
b_cirlzj_fusu,c_lnj_liaoxibei,d_liaoxi,k_raole,e_andong,false,,867,CK3 00_landed_titles.txt
b_cirlzj_jianting,c_LIAO_dading,d_LIAO_zhongjing,k_raole,e_andong,false,,867,CK3 00_landed_titles.txt
b_cirlzj_liuheting,c_lzj_chengdexi,d_LIAO_zhongjing,k_raole,e_andong,true,first_barony_in_county_block,867,CK3 00_landed_titles.txt
b_cirlzj_longtan,c_lnj_liaoxi,d_liaoxi,k_raole,e_andong,false,,867,CK3 00_landed_titles.txt
b_cirlzj_luexiating,c_lzj_chengde,d_LIAO_zhongjing,k_raole,e_andong,true,first_barony_in_county_block,867,CK3 00_landed_titles.txt
b_cirlzj_qinglonghe,c_lzj_chengde,d_LIAO_zhongjing,k_raole,e_andong,false,,867,CK3 00_landed_titles.txt
b_cirlzj_qinhuangdao,c_lnj_liaoxi,d_liaoxi,k_raole,e_andong,true,first_barony_in_county_block,867,CK3 00_landed_titles.txt
b_cirlzj_xinghua,c_lzj_chengde,d_LIAO_zhongjing,k_raole,e_andong,false,,867,CK3 00_landed_titles.txt
b_cirlzj_xuefang,c_lzj_chengdexi,d_LIAO_zhongjing,k_raole,e_andong,false,,867,CK3 00_landed_titles.txt
b_cirlzj_yudaokou,c_lxj_yuyidong,d_LIAO_zhongjing,k_raole,e_andong,false,,867,CK3 00_landed_titles.txt
b_cirlzj_yuhejing,c_lnj_liaoxibei,d_liaoxi,k_raole,e_andong,true,first_barony_in_county_block,867,CK3 00_landed_titles.txt
b_cisterki,c_anket,d_ciscaucasia,k_caucasus,e_caspian-pontic_steppe,false,,867,CK3 00_landed_titles.txt
b_citeaux,c_chalon,d_burgundy,k_france,e_france,false,,867,CK3 00_landed_titles.txt
b_civitas_castelli,c_urbino,d_ancona,k_romagna,e_italy,false,,867,CK3 00_landed_titles.txt
b_civitavecchia,c_viterbo,d_latium,k_romagna,e_italy,false,,867,CK3 00_landed_titles.txt
b_clackmannan,c_strathearn,d_albany,k_scotland,e_britannia,false,,867,CK3 00_landed_titles.txt
b_clairvaux,c_troyes,d_champagne,k_france,e_france,false,,867,CK3 00_landed_titles.txt
b_claudiopolis,c_honorias,d_bucellaria,k_nikaea,e_byzantium,false,,867,CK3 00_landed_titles.txt
b_claudiopolis_SELEUCIA,c_seleucia,d_cilicia,k_anatolia,e_byzantium,false,,867,CK3 00_landed_titles.txt
b_clermont,c_clermont,d_valois,k_france,e_france,true,first_barony_in_county_block,867,CK3 00_landed_titles.txt
b_clermont_sur_ailler,c_clermont_sur_allier,d_auvergne,k_aquitaine,e_france,true,first_barony_in_county_block,867,CK3 00_landed_titles.txt
b_clervaux,c_luxembourg,d_luxembourg,k_lotharingia,e_germany,false,,867,CK3 00_landed_titles.txt
b_clettgau,c_furstenberg,d_swabia,k_east_francia,e_germany,false,,867,CK3 00_landed_titles.txt
b_clifford,c_hereford,d_powys,k_wales,e_britannia,false,,867,CK3 00_landed_titles.txt
b_clogher,c_oriel,d_ulster,k_ireland,e_britannia,false,,867,CK3 00_landed_titles.txt
b_clonmel,c_ormond,d_munster,k_ireland,e_britannia,false,,867,CK3 00_landed_titles.txt
b_cloppenburg,c_osnabruck,d_westfalen,k_saxony,e_germany,false,,867,CK3 00_landed_titles.txt
b_cluieli,c_lanciano,d_spoleto,k_romagna,e_italy,false,,867,CK3 00_landed_titles.txt
b_cluny,c_macon,d_burgundy,k_france,e_france,false,,867,CK3 00_landed_titles.txt
b_coburg,c_coburg,d_east_franconia,k_east_francia,e_germany,true,first_barony_in_county_block,867,CK3 00_landed_titles.txt
b_cochem,c_koblenz,d_lower_lorraine,k_lotharingia,e_germany,false,,867,CK3 00_landed_titles.txt
b_cocussus,c_lycandus,d_cilicia,k_anatolia,e_byzantium,false,,867,CK3 00_landed_titles.txt
b_codoi,c_lhari,d_nagchu,k_u,e_tibet,false,,867,CK3 00_landed_titles.txt
b_coevorden,c_oversticht,d_utrecht,k_frisia,e_germany,false,,867,CK3 00_landed_titles.txt
b_cognac,c_angouleme,d_aquitaine,k_aquitaine,e_france,false,,867,CK3 00_landed_titles.txt
b_coimbra,c_coimbra,d_coimbra,k_portugal,e_spain,true,first_barony_in_county_block,867,CK3 00_landed_titles.txt
b_coira,c_plasencia,d_badajoz,k_badajoz,e_spain,false,,867,CK3 00_landed_titles.txt
b_colchester,c_essex,d_bedford,k_england,e_britannia,true,first_barony_in_county_block,867,CK3 00_landed_titles.txt
b_colditz,c_osterland,d_meissen,k_sorbia,e_west_slavia,false,,867,CK3 00_landed_titles.txt
b_colmar,c_colmar,d_alsace,k_east_francia,e_germany,true,first_barony_in_county_block,867,CK3 00_landed_titles.txt
b_cologne,c_cologne,d_lower_lorraine,k_lotharingia,e_germany,true,first_barony_in_county_block,867,CK3 00_landed_titles.txt
b_colonea,c_colonea,d_chaldia,k_pontus,e_byzantium,true,first_barony_in_county_block,867,CK3 00_landed_titles.txt
b_comacchio,c_ferrara,d_romagna,k_romagna,e_italy,false,,867,CK3 00_landed_titles.txt
b_comai,c_comai,d_yarlung,k_u,e_tibet,true,first_barony_in_county_block,867,CK3 00_landed_titles.txt
b_comana,c_giurgiu,d_muntenia,k_dacia,e_carpathia,false,,867,CK3 00_landed_titles.txt
b_comana_LYK,c_lycandus,d_cilicia,k_anatolia,e_byzantium,false,,867,CK3 00_landed_titles.txt
b_comana_pontica,c_zela,d_armeniac,k_pontus,e_byzantium,true,first_barony_in_county_block,867,CK3 00_landed_titles.txt
b_combourg,c_rennes,d_brittany,k_brittany,e_france,false,,867,CK3 00_landed_titles.txt
b_comitanassus,c_cappadocia,d_cappadocia,k_anatolia,e_byzantium,false,,867,CK3 00_landed_titles.txt
b_como,c_como,d_lombardia,k_italy,e_italy,true,first_barony_in_county_block,867,CK3 00_landed_titles.txt
b_cona,c_bologna,d_romagna,k_romagna,e_italy,false,,867,CK3 00_landed_titles.txt
b_cona_tibet,c_cona,d_monyul,k_lhomon,e_tibet,true,first_barony_in_county_block,867,CK3 00_landed_titles.txt
b_conak,c_derlenka,d_tuyuhun,k_amdo,e_tibet,false,,867,CK3 00_landed_titles.txt
b_constanta,c_constanta,d_dobrudja,k_bulgaria,e_byzantium,true,first_barony_in_county_block,867,CK3 00_landed_titles.txt
b_constantine,c_constantine,d_kroumerie,k_africa,e_maghreb,true,first_barony_in_county_block,867,CK3 00_landed_titles.txt
b_constantinople,c_byzantion,d_thrace,k_thessalonika,e_byzantium,true,first_barony_in_county_block,867,CK3 00_landed_titles.txt
b_contres,c_blois,d_berry,k_france,e_france,false,,867,CK3 00_landed_titles.txt
b_coqen,c_coqen,d_purang,k_guge,e_tibet,true,first_barony_in_county_block,867,CK3 00_landed_titles.txt
b_corabia,c_craiova,d_oltenia,k_dacia,e_carpathia,false,,867,CK3 00_landed_titles.txt
b_coracera,c_olmedo,d_castilla,k_castille,e_spain,false,,867,CK3 00_landed_titles.txt
b_corbie,c_amiens,d_valois,k_france,e_france,false,,867,CK3 00_landed_titles.txt
b_cordoba,c_cordoba,d_cordoba,k_andalusia,e_spain,true,first_barony_in_county_block,867,CK3 00_landed_titles.txt
b_corfu,c_buthrotum,d_cephalonia,k_epirus,e_byzantium,false,,867,CK3 00_landed_titles.txt
b_corinth,c_korinthos,d_achaia,k_hellas,e_byzantium,true,first_barony_in_county_block,867,CK3 00_landed_titles.txt
b_cork,c_desmond,d_munster,k_ireland,e_britannia,false,,867,CK3 00_landed_titles.txt
b_cornouailles,c_cornouaille,d_brittany,k_brittany,e_france,false,,867,CK3 00_landed_titles.txt
b_corte,c_bastia,d_corsica,k_sardinia,e_italy,false,,867,CK3 00_landed_titles.txt
b_cortona,c_arezzo,d_toscana,k_italy,e_italy,false,,867,CK3 00_landed_titles.txt
b_corunna,c_coruna,d_galicia,k_spanish_galicia,e_spain,true,first_barony_in_county_block,867,CK3 00_landed_titles.txt
b_corwen,c_merioneth,d_gwynedd,k_wales,e_britannia,false,,867,CK3 00_landed_titles.txt
b_corycus,c_seleucia,d_cilicia,k_anatolia,e_byzantium,false,,867,CK3 00_landed_titles.txt
b_cosenza,c_cosenza,d_calabria,k_sicily,e_byzantium,true,first_barony_in_county_block,867,CK3 00_landed_titles.txt
b_costesti,c_giurgiu,d_muntenia,k_dacia,e_carpathia,false,,867,CK3 00_landed_titles.txt
b_cotrone,c_rossano,d_calabria,k_sicily,e_byzantium,false,,867,CK3 00_landed_titles.txt
b_cottbus,c_cottbus,d_meissen,k_sorbia,e_west_slavia,true,first_barony_in_county_block,867,CK3 00_landed_titles.txt
b_cottingham,c_east_riding,d_york,k_england,e_britannia,false,,867,CK3 00_landed_titles.txt
b_coucy,c_valois,d_valois,k_france,e_france,false,,867,CK3 00_landed_titles.txt
b_coulommiers,c_coulommiers,d_champagne,k_france,e_france,false,,867,CK3 00_landed_titles.txt
b_coupar_angus,c_gowrie,d_albany,k_scotland,e_britannia,false,,867,CK3 00_landed_titles.txt
b_courcillon,c_maine,d_anjou,k_france,e_france,false,,867,CK3 00_landed_titles.txt
b_courtrai,c_lille,d_flanders,k_france,e_france,false,,867,CK3 00_landed_titles.txt
b_coutances,c_avranches,d_normandy,k_france,e_france,false,,867,CK3 00_landed_titles.txt
b_coutenay,c_montargis,d_orleans,k_france,e_france,false,,867,CK3 00_landed_titles.txt
b_couvin,c_namur,d_luxembourg,k_lotharingia,e_germany,false,,867,CK3 00_landed_titles.txt
b_coventry,c_warwickshire,d_hereford,k_england,e_britannia,false,,867,CK3 00_landed_titles.txt
b_cozhedangma,c_cozhelhoma,d_conyi,k_u,e_tibet,false,,867,CK3 00_landed_titles.txt
b_cozhelhoma,c_cozhelhoma,d_conyi,k_u,e_tibet,true,first_barony_in_county_block,867,CK3 00_landed_titles.txt
b_crailsheim,c_nordlingen,d_east_franconia,k_east_francia,e_germany,false,,867,CK3 00_landed_titles.txt
b_craiova,c_craiova,d_oltenia,k_dacia,e_carpathia,true,first_barony_in_county_block,867,CK3 00_landed_titles.txt
b_craon,c_anjou,d_anjou,k_france,e_france,false,,867,CK3 00_landed_titles.txt
b_cratea,c_honorias,d_bucellaria,k_nikaea,e_byzantium,false,,867,CK3 00_landed_titles.txt
b_crato,c_elvas,d_beja,k_badajoz,e_spain,false,,867,CK3 00_landed_titles.txt
b_crecy,c_meaux,d_champagne,k_france,e_france,false,,867,CK3 00_landed_titles.txt
b_crema,c_cremona,d_lombardia,k_italy,e_italy,false,,867,CK3 00_landed_titles.txt
b_cremna,c_lycia,d_cibyrrhaeot,k_anatolia,e_byzantium,true,first_barony_in_county_block,867,CK3 00_landed_titles.txt
b_cremona,c_cremona,d_lombardia,k_italy,e_italy,true,first_barony_in_county_block,867,CK3 00_landed_titles.txt
b_crepy,c_valois,d_valois,k_france,e_france,false,,867,CK3 00_landed_titles.txt
b_cres,c_cherso,d_croatia,k_croatia,e_byzantium,true,first_barony_in_county_block,867,CK3 00_landed_titles.txt
b_cridus,c_caria,d_cibyrrhaeot,k_anatolia,e_byzantium,false,,867,CK3 00_landed_titles.txt
b_crieff,c_gowrie,d_albany,k_scotland,e_britannia,false,,867,CK3 00_landed_titles.txt
b_crius,c_bithynia,d_optimatoi,k_nikaea,e_byzantium,false,,867,CK3 00_landed_titles.txt
b_crossen,c_grunberg,d_lower_silesia,k_poland,e_west_slavia,false,,867,CK3 00_landed_titles.txt
b_cruachu,c_mayo,d_connacht,k_ireland,e_britannia,true,first_barony_in_county_block,867,CK3 00_landed_titles.txt
b_csakvar,c_szekesfehervar,d_visegrad,k_hungary,e_carpathia,false,,867,CK3 00_landed_titles.txt
b_csanad,c_csanad,d_temes,k_hungary,e_carpathia,true,first_barony_in_county_block,867,CK3 00_landed_titles.txt
b_csikszereda,c_szekelyfold,d_transylvania,k_hungary,e_carpathia,false,,867,CK3 00_landed_titles.txt
b_csongrad,c_csongrad,d_bacs,k_hungary,e_carpathia,true,first_barony_in_county_block,867,CK3 00_landed_titles.txt
b_csurgo,c_somogy,d_somogy,k_hungary,e_carpathia,false,,867,CK3 00_landed_titles.txt
b_cubalel,c_silla,d_silla,k_takrur,e_mali,false,,867,CK3 00_landed_titles.txt
b_cuellar,c_cuellar,d_castilla,k_castille,e_spain,false,,867,CK3 00_landed_titles.txt
b_cuenca,c_cuenca,d_toledo,k_andalusia,e_spain,true,first_barony_in_county_block,867,CK3 00_landed_titles.txt
b_cujmir,c_calafat,d_oltenia,k_dacia,e_carpathia,false,,867,CK3 00_landed_titles.txt
b_cukataw,c_bolghar,d_volga_bulgaria,k_volga_bulgaria,e_volga-ural,false,,867,CK3 00_landed_titles.txt
b_cukksual,c_akkel,d_giemajohka,k_sapmi,e_scandinavia,false,,867,CK3 00_landed_titles.txt
b_cuneo,c_cuneo,d_piedmonte,k_italy,e_italy,true,first_barony_in_county_block,867,CK3 00_landed_titles.txt
b_cunningham,c_ayrshire,d_galloway,k_scotland,e_britannia,false,,867,CK3 00_landed_titles.txt
b_cuonaco,c_cuonaco,d_purang,k_guge,e_tibet,true,first_barony_in_county_block,867,CK3 00_landed_titles.txt
b_cup_pet,c_iskar,d_sum,k_aynumosir,e_amur,false,,867,CK3 00_landed_titles.txt
b_cuxhaven,c_stade,d_holstein,k_saxony,e_germany,false,,867,CK3 00_landed_titles.txt
b_cybele,c_hadrianeia,d_thracesia,k_nikaea,e_byzantium,false,,867,CK3 00_landed_titles.txt
b_cybistra,c_cappadocia,d_cappadocia,k_anatolia,e_byzantium,false,,867,CK3 00_landed_titles.txt
b_cykma,c_cykma,d_martyuba,k_volga_bulgaria,e_volga-ural,true,first_barony_in_county_block,867,CK3 00_landed_titles.txt
b_czarnkow,c_poznanska,d_wielkopolska,k_poland,e_west_slavia,false,,867,CK3 00_landed_titles.txt
b_czersk,c_czerska,d_mazovia,k_poland,e_west_slavia,true,first_barony_in_county_block,867,CK3 00_landed_titles.txt
b_czestochowa,c_krakowska,d_lesser_poland,k_poland,e_west_slavia,false,,867,CK3 00_landed_titles.txt
b_da,c_man,d_bassa,k_guinea,e_guinea,false,,867,CK3 00_landed_titles.txt
b_da_chainoc,c_connacht,d_connacht,k_ireland,e_britannia,false,,867,CK3 00_landed_titles.txt
b_dabahu,c_hayq,d_lasta,k_abyssinia,e_abyssinia,false,,867,CK3 00_landed_titles.txt
b_dabakala,c_kong,d_kong,k_kong,e_guinea,false,,867,CK3 00_landed_titles.txt
b_dabba,c_julfar,d_oman,k_arabia,e_arabia,false,,867,CK3 00_landed_titles.txt
b_dabba_tibet,c_lenggu,d_litang,k_kham,e_tibet,false,,867,CK3 00_landed_titles.txt
b_dabhol,c_panaji,d_konkana,k_maharastra,e_deccan,false,,867,CK3 00_landed_titles.txt
b_dabla,c_prusa,d_opsikion,k_nikaea,e_byzantium,false,,867,CK3 00_landed_titles.txt
b_dabou,c_dabou,d_adiukru,k_akan,e_guinea,true,first_barony_in_county_block,867,CK3 00_landed_titles.txt
b_daboya,c_daboya,d_dagomba,k_gur,e_guinea,true,first_barony_in_county_block,867,CK3 00_landed_titles.txt
b_dabra,c_gwalior,d_ajmer,k_rajputana,e_rajastan,false,,867,CK3 00_landed_titles.txt
b_dabrowa_gorn,c_krakowska,d_lesser_poland,k_poland,e_west_slavia,false,,867,CK3 00_landed_titles.txt
b_dabusiya,c_dabusiya,d_soghd,k_transoxiana,e_turan,true,first_barony_in_county_block,867,CK3 00_landed_titles.txt
b_dachi_gama,c_tunka,d_selenga_valley,k_otuken,e_mongolia,false,,867,CK3 00_landed_titles.txt
b_dadhipadra,c_dadhipadra,d_dadhipadra,k_malwa,e_rajastan,true,first_barony_in_county_block,867,CK3 00_landed_titles.txt
b_dadrewa,c_reni,d_jangladesh,k_rajputana,e_rajastan,false,,867,CK3 00_landed_titles.txt
b_dafang,c_dafang,d_loulan,k_khotan,e_turan,true,first_barony_in_county_block,867,CK3 00_landed_titles.txt
b_dafariid,c_bam,d_kirman,k_persia,e_persia,false,,867,CK3 00_landed_titles.txt
b_daga,c_paro,d_paro,k_lhomon,e_tibet,false,,867,CK3 00_landed_titles.txt
b_dagana,c_podor,d_takrur,k_takrur,e_mali,false,,867,CK3 00_landed_titles.txt
b_dagelhe,c_nagormo,d_nagormo,k_amdo,e_tibet,false,,867,CK3 00_landed_titles.txt
b_dagwamba,c_wandala,d_wandala,k_sao,e_kanem_bornu,false,,867,CK3 00_landed_titles.txt
b_dahab,c_firaun,d_sinai,k_egypt,e_arabia,false,,867,CK3 00_landed_titles.txt
b_dahaleteng,c_haltang,d_aksay,k_amdo,e_tibet,true,first_barony_in_county_block,867,CK3 00_landed_titles.txt
b_dahlak_kebir,c_dahlak,d_dahlaks,k_abyssinia,e_abyssinia,true,first_barony_in_county_block,867,CK3 00_landed_titles.txt
b_dahme,c_juterbog,d_lausitz,k_sorbia,e_west_slavia,false,,867,CK3 00_landed_titles.txt
b_dahyansi,c_ebi-nor,d_tarbagatai,k_zhetysu,e_tartaria,false,,867,CK3 00_landed_titles.txt
b_dai,c_tadla,d_marrakesh,k_maghreb,e_maghreb,false,,867,CK3 00_landed_titles.txt
b_dair_ar-ruman,c_sukhna,d_palmyra,k_syria,e_arabia,false,,867,CK3 00_landed_titles.txt
b_dajal,c_rajanpur,d_bhakkar,k_sindh,e_rajastan,false,,867,CK3 00_landed_titles.txt
b_dakajalan,c_dakajalan,d_manding,k_mali,e_mali,true,first_barony_in_county_block,867,CK3 00_landed_titles.txt
b_dakkar,c_dakkar,d_adal,k_adal,e_abyssinia,true,first_barony_in_county_block,867,CK3 00_landed_titles.txt
b_daklha_gampo,c_gyaca,d_yarlung,k_u,e_tibet,false,,867,CK3 00_landed_titles.txt
b_dalaborg,c_dal,d_vastergotland,k_sweden,e_scandinavia,true,first_barony_in_county_block,867,CK3 00_landed_titles.txt
b_dalanda,c_ablastha,d_sebasteia,k_pontus,e_byzantium,false,,867,CK3 00_landed_titles.txt
b_dale,c_sogn,d_vestlandi,k_norway,e_scandinavia,false,,867,CK3 00_landed_titles.txt
b_dam,c_aqiq,d_asir,k_arabia,e_arabia,false,,867,CK3 00_landed_titles.txt
b_dam_barma,c_barma,d_baguirmi,k_sao,e_kanem_bornu,false,,867,CK3 00_landed_titles.txt
b_damala,c_korinthos,d_achaia,k_hellas,e_byzantium,false,,867,CK3 00_landed_titles.txt
b_daman,c_daman,d_lata,k_gujarat,e_rajastan,true,first_barony_in_county_block,867,CK3 00_landed_titles.txt
b_damanhur,c_al-buhaira,d_delta,k_egypt,e_arabia,false,,867,CK3 00_landed_titles.txt
b_damantan,c_bundu,d_bambuk,k_mali,e_mali,false,,867,CK3 00_landed_titles.txt
b_damascus,c_damascus,d_damascus,k_syria,e_arabia,true,first_barony_in_county_block,867,CK3 00_landed_titles.txt
b_dambadeniya,c_dakhina_desa,d_dakhina_desa,k_lanka,e_deccan,false,,867,CK3 00_landed_titles.txt
b_damda,c_chindu,d_qumarleb,k_amdo,e_tibet,false,,867,CK3 00_landed_titles.txt
b_damdoi,c_dengqen,d_qamdo,k_kham,e_tibet,false,,867,CK3 00_landed_titles.txt
b_damghan,c_damghan,d_nishapur,k_khorasan,e_persia,true,first_barony_in_county_block,867,CK3 00_landed_titles.txt
b_damoh,c_damoh,d_jejakabhukti,k_kosala,e_rajastan,true,first_barony_in_county_block,867,CK3 00_landed_titles.txt
b_damot-west,c_damot,d_damot,k_damot,e_abyssinia,false,,867,CK3 00_landed_titles.txt
b_damquka,c_damxung,d_lhasa,k_u,e_tibet,true,first_barony_in_county_block,867,CK3 00_landed_titles.txt
b_damzhung,c_trandam,d_zadoi,k_amdo,e_tibet,false,,867,CK3 00_landed_titles.txt
b_dandanqan,c_sarakhs,d_merv,k_khorasan,e_persia,false,,867,CK3 00_landed_titles.txt
b_dang,c_dang,d_khasa,k_himalaya,e_rajastan,true,first_barony_in_county_block,867,CK3 00_landed_titles.txt
b_dangla,c_dangla,d_amdo,k_amdo,e_tibet,true,first_barony_in_county_block,867,CK3 00_landed_titles.txt
b_danilov,c_vologda,d_vologda,k_bjarmaland,e_russia,false,,867,CK3 00_landed_titles.txt
b_danj,c_duklja,d_duklja,k_serbia,e_byzantium,false,,867,CK3 00_landed_titles.txt
b_danki,c_jolof,d_djolof,k_takrur,e_mali,false,,867,CK3 00_landed_titles.txt
b_dannenberg,c_dannenberg,d_ostfalen,k_saxony,e_germany,true,first_barony_in_county_block,867,CK3 00_landed_titles.txt
b_dantan,c_midnapore,d_suhma,k_bengal,e_bengal,false,,867,CK3 00_landed_titles.txt
b_dantenkul,c_jitikul,d_mugodzhar_hills,k_caspian_steppe,e_caspian-pontic_steppe,false,,867,CK3 00_landed_titles.txt
b_daoroouul,c_uulynkhol,d_baigaluuls,k_buryatia,e_mongolia,false,,867,CK3 00_landed_titles.txt
b_daporijo,c_itanagar,d_lhoyul,k_lhomon,e_tibet,false,,867,CK3 00_landed_titles.txt
b_daqahla,c_damietta,d_delta,k_egypt,e_arabia,false,,867,CK3 00_landed_titles.txt
b_daquqa,c_kirkuk,d_samarra,k_mesopotamia,e_persia,false,,867,CK3 00_landed_titles.txt
b_dar-i-tubbat,c_wakhan,d_badakhshan,k_transoxiana,e_turan,false,,867,CK3 00_landed_titles.txt
b_dar_rashid,c_dar_rashid,d_salamat,k_sao,e_kanem_bornu,true,first_barony_in_county_block,867,CK3 00_landed_titles.txt
b_dar_sila,c_dar_sila,d_wadai,k_darfur,e_kanem_bornu,false,,867,CK3 00_landed_titles.txt
b_dar_wona,c_dar_al-said,d_darfur,k_darfur,e_kanem_bornu,true,first_barony_in_county_block,867,CK3 00_landed_titles.txt
b_dara,c_nasibin,d_diyarrabia,k_jazira,e_persia,false,,867,CK3 00_landed_titles.txt
b_dara-sharka,c_dara,d_sharka,k_damot,e_abyssinia,true,first_barony_in_county_block,867,CK3 00_landed_titles.txt
b_daraban,c_kafirkot,d_multan,k_punjab,e_rajastan,false,,867,CK3 00_landed_titles.txt
b_darabjerd,c_darabjerd,d_fars,k_persia,e_persia,true,first_barony_in_county_block,867,CK3 00_landed_titles.txt
b_daradj,c_ghadames,d_jerid,k_africa,e_maghreb,false,,867,CK3 00_landed_titles.txt
b_daramdin,c_daramdin,d_paro,k_lhomon,e_tibet,true,first_barony_in_county_block,867,CK3 00_landed_titles.txt
b_darayya,c_damascus,d_damascus,k_syria,e_arabia,false,,867,CK3 00_landed_titles.txt
b_darband-qarabuli,c_bailaqan,d_azerbaijan,k_daylam,e_persia,false,,867,CK3 00_landed_titles.txt
b_darbhanga,c_mithila,d_tirabhukti,k_bihar,e_bengal,false,,867,CK3 00_landed_titles.txt
b_darbhavati,c_vadodara,d_lata,k_gujarat,e_rajastan,false,,867,CK3 00_landed_titles.txt
b_darcha,c_darcha,d_zanskar,k_maryul,e_tibet,true,first_barony_in_county_block,867,CK3 00_landed_titles.txt
b_dardjiin,c_bam,d_kirman,k_persia,e_persia,false,,867,CK3 00_landed_titles.txt
b_darghan,c_darghan,d_khorezm,k_transoxiana,e_turan,true,first_barony_in_county_block,867,CK3 00_landed_titles.txt
b_darhafan,c_jabal_kufs,d_jabal_kufs,k_makran,e_persia,false,,867,CK3 00_landed_titles.txt
b_dariya,c_sharaf,d_najd,k_arabia,e_arabia,true,first_barony_in_county_block,867,CK3 00_landed_titles.txt
b_dariyan,c_ramhurmuz,d_khuzestan,k_persia,e_persia,false,,867,CK3 00_landed_titles.txt
b_darjeeling,c_daramdin,d_paro,k_lhomon,e_tibet,false,,867,CK3 00_landed_titles.txt
b_darkhad,c_darkhad_valley,d_khovsgol,k_naimania,e_mongolia,true,first_barony_in_county_block,867,CK3 00_landed_titles.txt
b_darlington,c_durham,d_northumberland,k_england,e_britannia,false,,867,CK3 00_landed_titles.txt
b_darmashan,c_darmashan,d_ghur,k_khorasan,e_persia,false,,867,CK3 00_landed_titles.txt
b_daroca,c_calatayud,d_aragon,k_aragon,e_spain,false,,867,CK3 00_landed_titles.txt
b_darur,c_ashmaka,d_rattapadi,k_maharastra,e_deccan,false,,867,CK3 00_landed_titles.txt
b_darzanji,c_chaghaniyan,d_khuttal,k_transoxiana,e_turan,false,,867,CK3 00_landed_titles.txt
b_darzedo,c_chakla,d_chakla,k_gyalrong,e_tibet,true,first_barony_in_county_block,867,CK3 00_landed_titles.txt
b_dasapura,c_dasapura,d_dadhipadra,k_malwa,e_rajastan,true,first_barony_in_county_block,867,CK3 00_landed_titles.txt
b_daskara,c_hulwan,d_samarra,k_mesopotamia,e_persia,false,,867,CK3 00_landed_titles.txt
b_dasmenda,c_azysia,d_sebasteia,k_pontus,e_byzantium,false,,867,CK3 00_landed_titles.txt
b_dassel,c_hildesheim,d_angria,k_saxony,e_germany,false,,867,CK3 00_landed_titles.txt
b_datong,c_datong,d_xining,k_amdo,e_tibet,true,first_barony_in_county_block,867,CK3 00_landed_titles.txt
b_daugavpils,c_jersika,d_latgalians,k_lithuania,e_wendish_empire,false,,867,CK3 00_landed_titles.txt
b_daura,c_daura,d_kano,k_hausaland,e_kanem_bornu,true,first_barony_in_county_block,867,CK3 00_landed_titles.txt
b_dausar,c_dausar,d_diyarmudar,k_jazira,e_persia,true,first_barony_in_county_block,867,CK3 00_landed_titles.txt
b_davlet-girei,c_aralkizil,d_aral_il,k_oghuz_il,e_turan,false,,867,CK3 00_landed_titles.txt
b_davo,c_boubo,d_kru,k_guinea,e_guinea,false,,867,CK3 00_landed_titles.txt
b_dawa_south,c_el_waak,d_samalo,k_bale,e_azania,false,,867,CK3 00_landed_titles.txt
b_dawaro,c_dawaro,d_dawaro,k_adal,e_abyssinia,false,,867,CK3 00_landed_titles.txt
b_dawaro-west,c_dawaro,d_dawaro,k_adal,e_abyssinia,false,,867,CK3 00_landed_titles.txt
b_dawin,c_samaiqan,d_nishapur,k_khorasan,e_persia,false,,867,CK3 00_landed_titles.txt
b_dawraq,c_dawraq,d_khuzestan,k_persia,e_persia,true,first_barony_in_county_block,867,CK3 00_landed_titles.txt
b_dawu,c_dawu,d_chakla,k_gyalrong,e_tibet,true,first_barony_in_county_block,867,CK3 00_landed_titles.txt
b_dax,c_labourd,d_gascogne,k_aquitaine,e_france,false,,867,CK3 00_landed_titles.txt
b_dayan,c_tavan_bogd,d_altaishan,k_ob,e_siberia,false,,867,CK3 00_landed_titles.txt
b_dayan_deerkhiin,c_khokhoo,d_selenga_valley,k_otuken,e_mongolia,false,,867,CK3 00_landed_titles.txt
b_daylam,c_gilan,d_daylam,k_daylam,e_persia,true,first_barony_in_county_block,867,CK3 00_landed_titles.txt
b_dazuk,c_sif-i-umara,d_hormuz,k_persia,e_persia,false,,867,CK3 00_landed_titles.txt
b_dbilin,c_kran,d_philippopolis,k_bulgaria,e_byzantium,false,,867,CK3 00_landed_titles.txt
b_debar,c_debar,d_dyrrachion,k_epirus,e_byzantium,true,first_barony_in_county_block,867,CK3 00_landed_titles.txt
b_debba,c_dongola,d_makuria,k_nubia,e_abyssinia,false,,867,CK3 00_landed_titles.txt
b_debdou,c_wajda,d_tlemcen,k_tahert,e_maghreb,false,,867,CK3 00_landed_titles.txt
b_debrc,c_macva,d_macva,k_serbia,e_byzantium,false,,867,CK3 00_landed_titles.txt
b_debre_libanos,c_showa,d_showa,k_abyssinia,e_abyssinia,false,,867,CK3 00_landed_titles.txt
b_debrecen,c_bihar,d_bihar,k_hungary,e_carpathia,false,,867,CK3 00_landed_titles.txt
b_debryansk,c_starodub,d_chernigov,k_ruthenia,e_russia,false,,867,CK3 00_landed_titles.txt
b_debul,c_debul,d_sauvira,k_sindh,e_rajastan,true,first_barony_in_county_block,867,CK3 00_landed_titles.txt
b_decin,c_litomerice,d_bohemia,k_bohemia,e_west_slavia,false,,867,CK3 00_landed_titles.txt
b_dedoplitskhara,c_hereti,d_georgia,k_georgia,e_byzantium,false,,867,CK3 00_landed_titles.txt
b_dedovichi,c_rusa,d_novgorod,k_novgorod,e_russia,false,,867,CK3 00_landed_titles.txt
b_dege,c_dege,d_dege,k_kham,e_tibet,true,first_barony_in_county_block,867,CK3 00_landed_titles.txt
b_degelen,c_degelen,d_degelen,k_kipchak,e_tartaria,true,first_barony_in_county_block,867,CK3 00_landed_titles.txt
b_deggendorf,c_passau,d_bavaria,k_bavaria,e_germany,false,,867,CK3 00_landed_titles.txt
b_degou,c_tyendugu,d_worodugu,k_kong,e_guinea,false,,867,CK3 00_landed_titles.txt
b_dehono,c_massawa,d_dahlaks,k_abyssinia,e_abyssinia,false,,867,CK3 00_landed_titles.txt
b_dehradun,c_garwhal,d_kurmanchal,k_himalaya,e_rajastan,false,,867,CK3 00_landed_titles.txt
b_dekcha,c_uzboy,d_uzboy,k_transoxiana,e_turan,false,,867,CK3 00_landed_titles.txt
b_delaram,c_bost,d_sistan,k_makran,e_persia,false,,867,CK3 00_landed_titles.txt
b_delft,c_holland,d_holland,k_frisia,e_germany,false,,867,CK3 00_landed_titles.txt
b_delfzijl,c_dokkum,d_frisia,k_frisia,e_germany,false,,867,CK3 00_landed_titles.txt
b_delgo,c_sai,d_makuria,k_nubia,e_abyssinia,false,,867,CK3 00_landed_titles.txt
b_delvada,c_somnath,d_saurashtra,k_gujarat,e_rajastan,false,,867,CK3 00_landed_titles.txt
b_dembiya,c_dembiya,d_gondar,k_abyssinia,e_abyssinia,false,,867,CK3 00_landed_titles.txt
b_demchok,c_demchok,d_ladakh,k_maryul,e_tibet,true,first_barony_in_county_block,867,CK3 00_landed_titles.txt
b_demetrias,c_demetrias,d_thessaly,k_thessalonika,e_byzantium,true,first_barony_in_county_block,867,CK3 00_landed_titles.txt
b_demiianka,c_belogorje,d_sibir,k_sibir,e_siberia,true,first_barony_in_county_block,867,CK3 00_landed_titles.txt
b_denbigh,c_denbighshire,d_gwynedd,k_wales,e_britannia,true,first_barony_in_county_block,867,CK3 00_landed_titles.txt
b_dengqen,c_dengqen,d_qamdo,k_kham,e_tibet,true,first_barony_in_county_block,867,CK3 00_landed_titles.txt
b_denia,c_denia,d_valencia,k_valencia,e_spain,true,first_barony_in_county_block,867,CK3 00_landed_titles.txt
b_deogarh,c_kodalaka_mandala,d_tosali,k_orissa,e_bengal,false,,867,CK3 00_landed_titles.txt
b_deogarh2,c_damin_i_koh,d_jharkand,k_bihar,e_bengal,true,first_barony_in_county_block,867,CK3 00_landed_titles.txt
b_deols,c_berry,d_berry,k_france,e_france,true,first_barony_in_county_block,867,CK3 00_landed_titles.txt
b_depalpur,c_dhara,d_dadhipadra,k_malwa,e_rajastan,false,,867,CK3 00_landed_titles.txt
b_depenau,c_wolpe,d_angria,k_saxony,e_germany,false,,867,CK3 00_landed_titles.txt
b_deqen,c_deqen,d_batang,k_kham,e_tibet,true,first_barony_in_county_block,867,CK3 00_landed_titles.txt
b_dera_ghazi_khan,c_kafirkot,d_multan,k_punjab,e_rajastan,false,,867,CK3 00_landed_titles.txt
b_derahib,c_allaqi,d_naqis,k_blemmyia,e_abyssinia,false,,867,CK3 00_landed_titles.txt
b_derawar,c_uch,d_multan,k_punjab,e_rajastan,false,,867,CK3 00_landed_titles.txt
b_derbe,c_isauria,d_anatolia,k_anatolia,e_byzantium,false,,867,CK3 00_landed_titles.txt
b_derbent,c_derbent,d_ciscaucasia,k_caucasus,e_caspian-pontic_steppe,true,first_barony_in_county_block,867,CK3 00_landed_titles.txt
b_derby,c_derby,d_lancaster,k_england,e_britannia,true,first_barony_in_county_block,867,CK3 00_landed_titles.txt
b_derdoin,c_lhatok,d_lhatok,k_kham,e_tibet,false,,867,CK3 00_landed_titles.txt
b_deriabinskoye,c_laia,d_ostyaki,k_yugra,e_siberia,false,,867,CK3 00_landed_titles.txt
b_derlenka,c_derlenka,d_tuyuhun,k_amdo,e_tibet,true,first_barony_in_county_block,867,CK3 00_landed_titles.txt
b_derna,c_derna,d_cyrenaica,k_egypt,e_arabia,true,first_barony_in_county_block,867,CK3 00_landed_titles.txt
b_derong,c_gyaitang,d_batang,k_kham,e_tibet,false,,867,CK3 00_landed_titles.txt
b_derry,c_ailech,d_ulster,k_ireland,e_britannia,false,,867,CK3 00_landed_titles.txt
b_des,c_beszterce,d_transylvania,k_hungary,e_carpathia,false,,867,CK3 00_landed_titles.txt
b_despen,c_eastern_tannu,d_tannu_ola,k_tuva,e_mongolia,false,,867,CK3 00_landed_titles.txt
b_dessau,c_dessau,d_anhalt,k_east_francia,e_germany,true,first_barony_in_county_block,867,CK3 00_landed_titles.txt
b_deva,c_hunyad,d_transylvania,k_hungary,e_carpathia,false,,867,CK3 00_landed_titles.txt
b_devagiri,c_devagiri,d_devagiri,k_maharastra,e_deccan,true,first_barony_in_county_block,867,CK3 00_landed_titles.txt
b_devalgarh,c_garwhal,d_kurmanchal,k_himalaya,e_rajastan,true,first_barony_in_county_block,867,CK3 00_landed_titles.txt
b_devaparvata,c_samatata,d_vanga,k_bengal,e_bengal,true,first_barony_in_county_block,867,CK3 00_landed_titles.txt
b_devarakonda,c_pannagallu,d_racakonda,k_telingana,e_deccan,false,,867,CK3 00_landed_titles.txt
b_devin,c_osterland,d_meissen,k_sorbia,e_west_slavia,false,,867,CK3 00_landed_titles.txt
b_devkot,c_kotivarsa,d_gauda,k_bengal,e_bengal,false,,867,CK3 00_landed_titles.txt
b_devol,c_ohrid,d_bulgaria,k_bulgaria,e_byzantium,false,,867,CK3 00_landed_titles.txt
b_dewas,c_ujjayini,d_dadhipadra,k_malwa,e_rajastan,false,,867,CK3 00_landed_titles.txt
b_dewu,c_batang,d_batang,k_kham,e_tibet,false,,867,CK3 00_landed_titles.txt
b_dhakeshwari_jatiya_mandir,c_suvarnagram,d_varendra,k_bengal,e_bengal,false,,867,CK3 00_landed_titles.txt
b_dhamalpur,c_dhamalpur,d_anartta,k_gujarat,e_rajastan,true,first_barony_in_county_block,867,CK3 00_landed_titles.txt
b_dhamballai,c_phiti,d_sinhala,k_lanka,e_deccan,false,,867,CK3 00_landed_titles.txt
b_dhamoni,c_damoh,d_jejakabhukti,k_kosala,e_rajastan,false,,867,CK3 00_landed_titles.txt
b_dhandhuka,c_valabhi,d_saurashtra,k_gujarat,e_rajastan,false,,867,CK3 00_landed_titles.txt
b_dhank,c_az-dhahira,d_oman,k_arabia,e_arabia,false,,867,CK3 00_landed_titles.txt
b_dhankar,c_dhankar,d_kinnaur,k_guge,e_tibet,true,first_barony_in_county_block,867,CK3 00_landed_titles.txt
b_dhankuta,c_yangwarok,d_limbuwan,k_himalaya,e_rajastan,false,,867,CK3 00_landed_titles.txt
b_dhanop,c_ajayameru,d_ajmer,k_rajputana,e_rajastan,false,,867,CK3 00_landed_titles.txt
b_dhara,c_dhara,d_dadhipadra,k_malwa,e_rajastan,true,first_barony_in_county_block,867,CK3 00_landed_titles.txt
b_dharampuri,c_dhara,d_dadhipadra,k_malwa,e_rajastan,false,,867,CK3 00_landed_titles.txt
b_dharmrajeshwar,c_dasapura,d_dadhipadra,k_malwa,e_rajastan,false,,867,CK3 00_landed_titles.txt
b_dhauli,c_kataka,d_tosali,k_orissa,e_bengal,false,,867,CK3 00_landed_titles.txt
b_dhavalapuri,c_sripatha,d_mathura,k_delhi,e_rajastan,false,,867,CK3 00_landed_titles.txt
b_dherbe,c_djarin,d_baqlin,k_blemmyia,e_abyssinia,true,first_barony_in_county_block,867,CK3 00_landed_titles.txt
b_dhilika,c_delhi,d_kuru,k_delhi,e_rajastan,false,,867,CK3 00_landed_titles.txt
b_dholka,c_khetaka,d_gurjara_mandala,k_gujarat,e_rajastan,false,,867,CK3 00_landed_titles.txt
b_dhraina,c_dhraina,d_takrur,k_takrur,e_mali,true,first_barony_in_county_block,867,CK3 00_landed_titles.txt
b_dhubri,c_kamarupanagara,d_kamarupanagara,k_kamarupa,e_bengal,false,,867,CK3 00_landed_titles.txt
b_dhufar,c_dhofar,d_mahra,k_yemen,e_arabia,false,,867,CK3 00_landed_titles.txt
b_dhul-marwa,c_khaybar,d_medina,k_arabia,e_arabia,false,,867,CK3 00_landed_titles.txt
b_dhulikhel,c_bhaktapur,d_nepal,k_himalaya,e_rajastan,false,,867,CK3 00_landed_titles.txt
b_dhusamareb,c_mareeg,d_mogadishu,k_ajuraan,e_azania,false,,867,CK3 00_landed_titles.txt
b_dhuudo,c_barbacadle,d_hafun,k_ajuraan,e_azania,false,,867,CK3 00_landed_titles.txt
b_dia,c_massina,d_mema,k_ghana,e_mali,true,first_barony_in_county_block,867,CK3 00_landed_titles.txt
b_diabe,c_ndenye,d_gyaman,k_akan,e_guinea,false,,867,CK3 00_landed_titles.txt
b_diafunu,c_guidimaka,d_diafunu,k_ghana,e_mali,false,,867,CK3 00_landed_titles.txt
b_diakam,c_bornu,d_bornu,k_kanem,e_kanem_bornu,false,,867,CK3 00_landed_titles.txt
b_diakha,c_bure,d_manding,k_mali,e_mali,false,,867,CK3 00_landed_titles.txt
b_diara,c_kaniaga,d_kaniaga,k_ghana,e_mali,true,first_barony_in_county_block,867,CK3 00_landed_titles.txt
b_dibela,c_bilma,d_kawar,k_sahara,e_maghreb,false,,867,CK3 00_landed_titles.txt
b_dibi_TUV,c_shityy,d_eastern_sayan,k_khakassia,e_mongolia,false,,867,CK3 00_landed_titles.txt
b_dibri,c_dibri,d_kru,k_guinea,e_guinea,true,first_barony_in_county_block,867,CK3 00_landed_titles.txt
b_didesa,c_wellega,d_damot,k_damot,e_abyssinia,true,first_barony_in_county_block,867,CK3 00_landed_titles.txt
b_didymoteichon,c_adrianopolis,d_philippopolis,k_bulgaria,e_byzantium,false,,867,CK3 00_landed_titles.txt
b_die,c_valentinois,d_dauphine,k_burgundy,e_france,false,,867,CK3 00_landed_titles.txt
b_diekirch,c_luxembourg,d_luxembourg,k_lotharingia,e_germany,false,,867,CK3 00_landed_titles.txt
b_diepholz,c_minden,d_angria,k_saxony,e_germany,true,first_barony_in_county_block,867,CK3 00_landed_titles.txt
b_dieppe,c_eu,d_normandy,k_france,e_france,false,,867,CK3 00_landed_titles.txt
b_diez,c_nassau,d_hesse,k_east_francia,e_germany,false,,867,CK3 00_landed_titles.txt
b_diffa,c_garumele,d_bornu,k_kanem,e_kanem_bornu,false,,867,CK3 00_landed_titles.txt
b_diffar,c_meroe,d_makuria,k_nubia,e_abyssinia,false,,867,CK3 00_landed_titles.txt
b_dighavapi,c_batticaloa,d_ruhunu,k_lanka,e_deccan,false,,867,CK3 00_landed_titles.txt
b_diglipur,c_andamans,d_handumans,k_malayadvipa,e_srivijaya,false,,867,CK3 00_landed_titles.txt
b_digne,c_nice,d_provence,k_burgundy,e_france,false,,867,CK3 00_landed_titles.txt
b_dih-e-khalaf,c_upper_ghur,d_ghur,k_khorasan,e_persia,true,first_barony_in_county_block,867,CK3 00_landed_titles.txt
b_dihistan,c_dihistan,d_gurgan,k_daylam,e_persia,false,,867,CK3 00_landed_titles.txt
b_dihnakhirjan,c_tabriz,d_azerbaijan,k_daylam,e_persia,false,,867,CK3 00_landed_titles.txt
b_dijon,c_dijon,d_burgundy,k_france,e_france,true,first_barony_in_county_block,867,CK3 00_landed_titles.txt
b_dikutateni,c_kuisugu,d_mamprusi,k_gur,e_guinea,false,,867,CK3 00_landed_titles.txt
b_dikwa,c_yau,d_bornu,k_kanem,e_kanem_bornu,false,,867,CK3 00_landed_titles.txt
b_dillingen,c_nordlingen,d_east_franconia,k_east_francia,e_germany,false,,867,CK3 00_landed_titles.txt
b_dilsbo,c_halsingland,d_norrland,k_sweden,e_scandinavia,false,,867,CK3 00_landed_titles.txt
b_dima,c_gojjam,d_gojjam,k_abyssinia,e_abyssinia,false,,867,CK3 00_landed_titles.txt
b_dimapur,c_dimapur,d_para_lauhitya,k_kamarupa,e_bengal,true,first_barony_in_county_block,867,CK3 00_landed_titles.txt
b_dinawar,c_dinawar,d_hamadan,k_persia,e_persia,true,first_barony_in_county_block,867,CK3 00_landed_titles.txt
b_dinde,c_oudalan,d_upper_gurma,k_gurma,e_mali,false,,867,CK3 00_landed_titles.txt
b_dinder,c_agaw_meder,d_gojjam,k_abyssinia,e_abyssinia,false,,867,CK3 00_landed_titles.txt
b_dindigul,c_uraiyur,d_pandya_nadu,k_tamilakam,e_deccan,false,,867,CK3 00_landed_titles.txt
b_dinggye,c_sagya,d_sagya,k_tsang,e_tibet,false,,867,CK3 00_landed_titles.txt
b_dingwall,c_ross,d_moray,k_scotland,e_britannia,true,first_barony_in_county_block,867,CK3 00_landed_titles.txt
b_diouboye,c_bambuk,d_bambuk,k_mali,e_mali,false,,867,CK3 00_landed_titles.txt
b_dipalpur,c_dipalpur,d_lahore,k_punjab,e_rajastan,false,,867,CK3 00_landed_titles.txt
b_dipsang,c_diskit,d_ladakh,k_maryul,e_tibet,false,,867,CK3 00_landed_titles.txt
b_dirku,c_dirku,d_kawar,k_sahara,e_maghreb,true,first_barony_in_county_block,867,CK3 00_landed_titles.txt
b_diskit,c_diskit,d_ladakh,k_maryul,e_tibet,true,first_barony_in_county_block,867,CK3 00_landed_titles.txt
b_ditmarschen,c_ditmarschen,d_holstein,k_saxony,e_germany,true,first_barony_in_county_block,867,CK3 00_landed_titles.txt
b_dizah,c_rivsharan,d_merv,k_khorasan,e_persia,true,first_barony_in_county_block,867,CK3 00_landed_titles.txt
b_dizak,c_oshrusana,d_osrushana,k_transoxiana,e_turan,false,,867,CK3 00_landed_titles.txt
b_dizak_makrani,c_kiz,d_makran,k_makran,e_persia,false,,867,CK3 00_landed_titles.txt
b_dizful,c_tustar,d_khuzestan,k_persia,e_persia,false,,867,CK3 00_landed_titles.txt
b_dizmar,c_tabriz,d_azerbaijan,k_daylam,e_persia,false,,867,CK3 00_landed_titles.txt
b_djado,c_djado,d_kawar,k_sahara,e_maghreb,true,first_barony_in_county_block,867,CK3 00_landed_titles.txt
b_djado_jafara,c_jafara,d_tripolitania,k_africa,e_maghreb,false,,867,CK3 00_landed_titles.txt
b_djado_route,c_djado,d_kawar,k_sahara,e_maghreb,false,,867,CK3 00_landed_titles.txt
b_djanet,c_djanet,d_ghat,k_sahara,e_maghreb,true,first_barony_in_county_block,867,CK3 00_landed_titles.txt
b_djarin,c_djarin,d_baqlin,k_blemmyia,e_abyssinia,false,,867,CK3 00_landed_titles.txt
b_djugu,c_djugu,d_borgu,k_borgu,e_guinea,true,first_barony_in_county_block,867,CK3 00_landed_titles.txt
b_djursland,c_aarhus,d_jylland,k_denmark,e_scandinavia,false,,867,CK3 00_landed_titles.txt
b_djusagach,c_guzkol,d_alakol,k_zhetysu,e_tartaria,false,,867,CK3 00_landed_titles.txt
b_dlim,c_hayk,d_greater_armenia,k_armenia,e_byzantium,false,,867,CK3 00_landed_titles.txt
b_dmanisi,c_tbilisi,d_georgia,k_georgia,e_byzantium,false,,867,CK3 00_landed_titles.txt
b_dmitrov,c_moskva,d_opolye,k_opolye,e_russia,false,,867,CK3 00_landed_titles.txt
b_dnipro,c_dnipro,d_yedisan,k_pontic_steppe,e_caspian-pontic_steppe,true,first_barony_in_county_block,867,CK3 00_landed_titles.txt
b_doba,c_lasta,d_lasta,k_abyssinia,e_abyssinia,false,,867,CK3 00_landed_titles.txt
b_dobele,c_zemigalians,d_courland,k_lithuania,e_wendish_empire,false,,867,CK3 00_landed_titles.txt
b_dobovec,c_ljubljana,d_krain,k_bavaria,e_germany,false,,867,CK3 00_landed_titles.txt
b_dobrzyn,c_dobrzynska,d_kuyavia,k_poland,e_west_slavia,true,first_barony_in_county_block,867,CK3 00_landed_titles.txt
b_docimium,c_pacatiana,d_anatolia,k_anatolia,e_byzantium,false,,867,CK3 00_landed_titles.txt
b_dogolan,c_degelen,d_degelen,k_kipchak,e_tartaria,false,,867,CK3 00_landed_titles.txt
b_doilungdeqen,c_lhasa,d_lhasa,k_u,e_tibet,false,,867,CK3 00_landed_titles.txt
b_dokecoring,c_sewa,d_conyi,k_u,e_tibet,false,,867,CK3 00_landed_titles.txt
b_dokecoring_qangco,c_sewa,d_conyi,k_u,e_tibet,false,,867,CK3 00_landed_titles.txt
b_dokkum,c_dokkum,d_frisia,k_frisia,e_germany,true,first_barony_in_county_block,867,CK3 00_landed_titles.txt
b_dolakha,c_khotang,d_limbuwan,k_himalaya,e_rajastan,false,,867,CK3 00_landed_titles.txt
b_dole,c_dole,d_upper_burgundy,k_burgundy,e_france,true,first_barony_in_county_block,867,CK3 00_landed_titles.txt
b_dolgellau,c_merioneth,d_gwynedd,k_wales,e_britannia,true,first_barony_in_county_block,867,CK3 00_landed_titles.txt
b_dolgo,c_kulunda,d_kulyndy_steppe,k_ob,e_siberia,false,,867,CK3 00_landed_titles.txt
b_dolgujar,c_dolgujar,d_ishim,k_sibir,e_siberia,true,first_barony_in_county_block,867,CK3 00_landed_titles.txt
b_dolons,c_kachu,d_kulyndy_steppe,k_ob,e_siberia,false,,867,CK3 00_landed_titles.txt
b_doloon_nuur,c_karauda,d_eastern_sayan,k_khakassia,e_mongolia,false,,867,CK3 00_landed_titles.txt
b_dolpo,c_manthang,d_purang,k_guge,e_tibet,false,,867,CK3 00_landed_titles.txt
b_domazlice,c_plzen,d_bohemia,k_bohemia,e_west_slavia,false,,867,CK3 00_landed_titles.txt
b_dombovar,c_tolna,d_somogy,k_hungary,e_carpathia,false,,867,CK3 00_landed_titles.txt
b_dombraly,c_astana,d_kazakh,k_cuman,e_tartaria,false,,867,CK3 00_landed_titles.txt
b_domoko,c_khotan,d_khotan,k_khotan,e_turan,false,,867,CK3 00_landed_titles.txt
b_domokos,c_neopatras,d_thessaly,k_thessalonika,e_byzantium,false,,867,CK3 00_landed_titles.txt
b_doncaster,c_west_riding,d_york,k_england,e_britannia,false,,867,CK3 00_landed_titles.txt
b_dondan_oilik,c_dondan_oilik,d_khotan,k_khotan,e_turan,true,first_barony_in_county_block,867,CK3 00_landed_titles.txt
b_donegal,c_ailech,d_ulster,k_ireland,e_britannia,true,first_barony_in_county_block,867,CK3 00_landed_titles.txt
b_donetsk,c_khortytsia,d_red_levedia,k_pontic_steppe,e_caspian-pontic_steppe,false,,867,CK3 00_landed_titles.txt
b_dongco,c_gerze,d_ngari,k_guge,e_tibet,false,,867,CK3 00_landed_titles.txt
b_dongola,c_dongola,d_makuria,k_nubia,e_abyssinia,false,,867,CK3 00_landed_titles.txt
b_donkoro_nkwanta,c_upper_bono,d_brong,k_akan,e_guinea,false,,867,CK3 00_landed_titles.txt
b_donllorente,c_medellin,d_badajoz,k_badajoz,e_spain,false,,867,CK3 00_landed_titles.txt
b_donzy,c_auxerre,d_burgundy,k_france,e_france,false,,867,CK3 00_landed_titles.txt
b_dood_tsagaan_nuur,c_ulantaiga,d_khovsgol,k_naimania,e_mongolia,true,first_barony_in_county_block,867,CK3 00_landed_titles.txt
b_dori,c_oudalan,d_upper_gurma,k_gurma,e_mali,false,,867,CK3 00_landed_titles.txt
b_dornberg,c_frontenhausen,d_bavaria,k_bavaria,e_germany,false,,867,CK3 00_landed_titles.txt
b_dornoch,c_sutherland,d_moray,k_scotland,e_britannia,true,first_barony_in_county_block,867,CK3 00_landed_titles.txt
b_dorogobyzh,c_smolensk,d_smolensk,k_white_rus,e_russia,false,,867,CK3 00_landed_titles.txt
b_doroh,c_nih,d_sistan,k_makran,e_persia,false,,867,CK3 00_landed_titles.txt
b_dorohoi,c_dorohoi,d_bukovina,k_moldavia,e_carpathia,true,first_barony_in_county_block,867,CK3 00_landed_titles.txt
b_dorohychyn,c_dorohychyn,d_volhynia,k_galicia-volhynia,e_west_slavia,true,first_barony_in_county_block,867,CK3 00_landed_titles.txt
b_dorostorum,c_dorostorum,d_turnovo,k_bulgaria,e_byzantium,false,,867,CK3 00_landed_titles.txt
b_dorsoidong,c_garco,d_conyi,k_u,e_tibet,false,,867,CK3 00_landed_titles.txt
b_dort,c_holland,d_holland,k_frisia,e_germany,false,,867,CK3 00_landed_titles.txt
b_dortmund,c_dortmund,d_lower_lorraine,k_lotharingia,e_germany,true,first_barony_in_county_block,867,CK3 00_landed_titles.txt
b_dorylaion,c_phrygia,d_opsikion,k_nikaea,e_byzantium,false,,867,CK3 00_landed_titles.txt
b_dospat,c_rhodopes,d_philippopolis,k_bulgaria,e_byzantium,false,,867,CK3 00_landed_titles.txt
b_dosso,c_dyamare,d_dendi,k_songhay,e_mali,false,,867,CK3 00_landed_titles.txt
b_doti,c_doti,d_kurmanchal,k_himalaya,e_rajastan,true,first_barony_in_county_block,867,CK3 00_landed_titles.txt
b_doudleby,c_doudleby,d_bohemia,k_bohemia,e_west_slavia,true,first_barony_in_county_block,867,CK3 00_landed_titles.txt
b_douentza,c_gondo,d_yatenga,k_gurma,e_mali,true,first_barony_in_county_block,867,CK3 00_landed_titles.txt
b_douna,c_seno,d_yatenga,k_gurma,e_mali,false,,867,CK3 00_landed_titles.txt
b_dourola,c_bena,d_bobo,k_jenne,e_mali,false,,867,CK3 00_landed_titles.txt
b_douz,c_souf,d_jerid,k_africa,e_maghreb,false,,867,CK3 00_landed_titles.txt
b_dover,c_kent,d_canterbury,k_england,e_britannia,true,first_barony_in_county_block,867,CK3 00_landed_titles.txt
b_dovre,c_gudbrandsdalir,d_dalir,k_norway,e_scandinavia,false,,867,CK3 00_landed_titles.txt
b_downpatrick,c_ulster,d_ulster,k_ireland,e_britannia,true,first_barony_in_county_block,867,CK3 00_landed_titles.txt
b_drafn,c_vestfold,d_viken,k_norway,e_scandinavia,false,,867,CK3 00_landed_titles.txt
b_dragasani,c_craiova,d_oltenia,k_dacia,e_carpathia,false,,867,CK3 00_landed_titles.txt
b_draggo,c_dawu,d_chakla,k_gyalrong,e_tibet,false,,867,CK3 00_landed_titles.txt
b_dragugnian,c_provence,d_provence,k_burgundy,e_france,false,,867,CK3 00_landed_titles.txt
b_drakbuk,c_aqenganggyai,d_amdo,k_amdo,e_tibet,false,,867,CK3 00_landed_titles.txt
b_drakgur,c_zhidoi,d_zadoi,k_amdo,e_tibet,false,,867,CK3 00_landed_titles.txt
b_draksharama,c_mosala,d_vengi,k_andhra,e_deccan,false,,867,CK3 00_landed_titles.txt
b_drama,c_serres,d_strymon,k_thessalonika,e_byzantium,false,,867,CK3 00_landed_titles.txt
b_dramberg,c_cammin,d_pommerania,k_pomerania,e_wendish_empire,false,,867,CK3 00_landed_titles.txt
b_dras,c_purig,d_zanskar,k_maryul,e_tibet,false,,867,CK3 00_landed_titles.txt
b_dresden,c_dresden,d_meissen,k_sorbia,e_west_slavia,true,first_barony_in_county_block,867,CK3 00_landed_titles.txt
b_dreux,c_chartres,d_orleans,k_france,e_france,true,first_barony_in_county_block,867,CK3 00_landed_titles.txt
b_dreznik,c_lika,d_croatia,k_croatia,e_byzantium,false,,867,CK3 00_landed_titles.txt
b_driesen,c_landsberg,d_pommerania,k_pomerania,e_wendish_empire,false,,867,CK3 00_landed_titles.txt
b_drigung,c_gyama,d_lhasa,k_u,e_tibet,false,,867,CK3 00_landed_titles.txt
b_drijeva,c_zachlumia,d_usora,k_croatia,e_byzantium,false,,867,CK3 00_landed_titles.txt
b_drivast,c_duklja,d_duklja,k_serbia,e_byzantium,false,,867,CK3 00_landed_titles.txt
b_drogheda,c_dublin,d_meath,k_ireland,e_britannia,false,,867,CK3 00_landed_titles.txt
b_dromahair,c_breifne,d_connacht,k_ireland,e_britannia,true,first_barony_in_county_block,867,CK3 00_landed_titles.txt
b_dromo,c_chungthang,d_paro,k_lhomon,e_tibet,false,,867,CK3 00_landed_titles.txt
b_drutsk,c_orsha,d_minsk,k_white_rus,e_russia,false,,867,CK3 00_landed_titles.txt
b_drysa,c_polotsk,d_polotsk,k_white_rus,e_russia,false,,867,CK3 00_landed_titles.txt
b_duben,c_brene,d_lausitz,k_sorbia,e_west_slavia,false,,867,CK3 00_landed_titles.txt
b_dubica,c_vodica,d_lower_bosna,k_croatia,e_byzantium,false,,867,CK3 00_landed_titles.txt
b_dublin,c_dublin,d_meath,k_ireland,e_britannia,true,first_barony_in_county_block,867,CK3 00_landed_titles.txt
b_dubno,c_zaslavl,d_halych,k_galicia-volhynia,e_west_slavia,false,,867,CK3 00_landed_titles.txt
b_dubovac,c_modrus,d_croatia,k_croatia,e_byzantium,false,,867,CK3 00_landed_titles.txt
b_dubrovytsia,c_dubrovytsia,d_turov,k_ruthenia,e_russia,true,first_barony_in_county_block,867,CK3 00_landed_titles.txt
b_dukhovshchina,c_gnezdovo,d_smolensk,k_white_rus,e_russia,false,,867,CK3 00_landed_titles.txt
b_duldulokur,c_kucha,d_karashar,k_khotan,e_turan,false,,867,CK3 00_landed_titles.txt
b_dullu,c_jumla,d_khasa,k_himalaya,e_rajastan,false,,867,CK3 00_landed_titles.txt
b_duluk-teluch,c_aintab,d_edessa,k_syria,e_arabia,false,,867,CK3 00_landed_titles.txt
b_dumali,c_bali,d_bali,k_bale,e_azania,true,first_barony_in_county_block,867,CK3 00_landed_titles.txt
b_dumbarton,c_lennox,d_galloway,k_scotland,e_britannia,true,first_barony_in_county_block,867,CK3 00_landed_titles.txt
b_dumbawand,c_rayy,d_rayy,k_persia,e_persia,false,,867,CK3 00_landed_titles.txt
b_dumbraveni,c_tabla_butii,d_transylvanian_alps,k_dacia,e_carpathia,false,,867,CK3 00_landed_titles.txt
b_dumfries,c_annandale,d_galloway,k_scotland,e_britannia,false,,867,CK3 00_landed_titles.txt
b_dumiyat,c_damietta,d_delta,k_egypt,e_arabia,true,first_barony_in_county_block,867,CK3 00_landed_titles.txt
b_dun,c_sif-i-umara,d_hormuz,k_persia,e_persia,false,,867,CK3 00_landed_titles.txt
b_dunbar,c_dunbar,d_lothian,k_scotland,e_britannia,true,first_barony_in_county_block,867,CK3 00_landed_titles.txt
b_dundaga,c_vanemane,d_courland,k_lithuania,e_wendish_empire,false,,867,CK3 00_landed_titles.txt
b_dundalk,c_oriel,d_ulster,k_ireland,e_britannia,true,first_barony_in_county_block,867,CK3 00_landed_titles.txt
b_dundee,c_angus,d_albany,k_scotland,e_britannia,true,first_barony_in_county_block,867,CK3 00_landed_titles.txt
b_dunfermline,c_fife,d_albany,k_scotland,e_britannia,true,first_barony_in_county_block,867,CK3 00_landed_titles.txt
b_dungannon,c_oriel,d_ulster,k_ireland,e_britannia,false,,867,CK3 00_landed_titles.txt
b_dungunab,c_suakin,d_bazin,k_blemmyia,e_abyssinia,false,,867,CK3 00_landed_titles.txt
b_dunhuang,c_luobupo,d_charkliq,k_khotan,e_turan,true,first_barony_in_county_block,867,CK3 00_landed_titles.txt
b_dunkeld,c_atholl,d_albany,k_scotland,e_britannia,true,first_barony_in_county_block,867,CK3 00_landed_titles.txt
b_dunkirk,c_yperen,d_flanders,k_france,e_france,false,,867,CK3 00_landed_titles.txt
b_dunmow,c_essex,d_bedford,k_england,e_britannia,false,,867,CK3 00_landed_titles.txt
b_duolo,c_wandala,d_wandala,k_sao,e_kanem_bornu,true,first_barony_in_county_block,867,CK3 00_landed_titles.txt
b_duortnus,c_julevadno,d_vuovdisamieana,k_sapmi,e_scandinavia,false,,867,CK3 00_landed_titles.txt
b_duqm,c_duqm,d_oman,k_arabia,e_arabia,true,first_barony_in_county_block,867,CK3 00_landed_titles.txt
b_durdzukia,c_samander,d_ciscaucasia,k_caucasus,e_caspian-pontic_steppe,false,,867,CK3 00_landed_titles.txt
b_duren,c_aachen,d_julich,k_lotharingia,e_germany,false,,867,CK3 00_landed_titles.txt
b_durgas,c_zamindawar,d_zabulistan,k_kabulistan,e_persia,false,,867,CK3 00_landed_titles.txt
b_durgun,c_khar_us,d_zavkhan,k_naimania,e_mongolia,false,,867,CK3 00_landed_titles.txt
b_durham,c_durham,d_northumberland,k_england,e_britannia,true,first_barony_in_county_block,867,CK3 00_landed_titles.txt
b_durne,c_durne,d_west_franconia,k_east_francia,e_germany,true,first_barony_in_county_block,867,CK3 00_landed_titles.txt
b_durness,c_sutherland,d_moray,k_scotland,e_britannia,false,,867,CK3 00_landed_titles.txt
b_durovka,c_durovka,d_tambov,k_mordvinia,e_volga-ural,true,first_barony_in_county_block,867,CK3 00_landed_titles.txt
b_durum,c_bauchi,d_kwararafa,k_igbo-benue,e_guinea,false,,867,CK3 00_landed_titles.txt
b_dutsi,c_sokoto,d_kebbi,k_hausaland,e_kanem_bornu,false,,867,CK3 00_landed_titles.txt
b_duvan,c_duvan,d_uraltau,k_bashkiria,e_volga-ural,true,first_barony_in_county_block,867,CK3 00_landed_titles.txt
b_duvno,c_zavrsje,d_usora,k_croatia,e_byzantium,false,,867,CK3 00_landed_titles.txt
b_duvzare,c_grobin,d_courland,k_lithuania,e_wendish_empire,false,,867,CK3 00_landed_titles.txt
b_dvaraka,c_dvaraka,d_anartta,k_gujarat,e_rajastan,true,first_barony_in_county_block,867,CK3 00_landed_titles.txt
b_dvin,c_dvin,d_greater_armenia,k_armenia,e_byzantium,true,first_barony_in_county_block,867,CK3 00_landed_titles.txt
b_dvinitza,c_kirillov,d_chudia,k_bjarmaland,e_russia,false,,867,CK3 00_landed_titles.txt
b_dvur-chvojno,c_hradec,d_bohemia,k_bohemia,e_west_slavia,false,,867,CK3 00_landed_titles.txt
b_dwarasamudra,c_mahishaka,d_gangavadi,k_karnata,e_deccan,true,first_barony_in_county_block,867,CK3 00_landed_titles.txt
b_dyracchion,c_dyrrachion,d_dyrrachion,k_epirus,e_byzantium,true,first_barony_in_county_block,867,CK3 00_landed_titles.txt
b_dzangent,c_raimskoe,d_aral_il,k_oghuz_il,e_turan,false,,867,CK3 00_landed_titles.txt
b_dzayul,c_rima,d_dzayul,k_lhomon,e_tibet,false,,867,CK3 00_landed_titles.txt
b_dzhankoi,c_perekop,d_crimea,k_pontic_steppe,e_caspian-pontic_steppe,false,,867,CK3 00_landed_titles.txt
b_dzogchen,c_dege,d_dege,k_kham,e_tibet,false,,867,CK3 00_landed_titles.txt
b_dzogenrabar,c_madoi,d_golog,k_gyalrong,e_tibet,false,,867,CK3 00_landed_titles.txt
b_east_ahaggar,c_djanet,d_ghat,k_sahara,e_maghreb,false,,867,CK3 00_landed_titles.txt
b_east_amhara,c_amhara,d_lasta,k_abyssinia,e_abyssinia,false,,867,CK3 00_landed_titles.txt
b_east_attie,c_attie,d_adiukru,k_akan,e_guinea,false,,867,CK3 00_landed_titles.txt
b_east_darfur,c_east_darfur,d_darfur,k_darfur,e_kanem_bornu,false,,867,CK3 00_landed_titles.txt
b_east_igala,c_igala,d_igboland,k_igbo-benue,e_guinea,false,,867,CK3 00_landed_titles.txt
b_east_kordofan,c_kordofan,d_kordofan,k_darfur,e_kanem_bornu,false,,867,CK3 00_landed_titles.txt
b_east_kru,c_kru,d_kru,k_guinea,e_guinea,true,first_barony_in_county_block,867,CK3 00_landed_titles.txt
b_east_sidamo,c_sidamo,d_bali,k_bale,e_azania,false,,867,CK3 00_landed_titles.txt
b_east_sila,c_dar_sila,d_wadai,k_darfur,e_kanem_bornu,false,,867,CK3 00_landed_titles.txt
b_eastern_nzi,c_nzi,d_kong,k_kong,e_guinea,false,,867,CK3 00_landed_titles.txt
b_ebeleben,c_gleichenstein,d_thuringia,k_east_francia,e_germany,false,,867,CK3 00_landed_titles.txt
b_eberswalde,c_prenzlau,d_ostmark,k_pomerania,e_wendish_empire,false,,867,CK3 00_landed_titles.txt
b_ebi-nor,c_ebi-nor,d_tarbagatai,k_zhetysu,e_tartaria,true,first_barony_in_county_block,867,CK3 00_landed_titles.txt
b_ecobrogis,c_galatia,d_bucellaria,k_nikaea,e_byzantium,false,,867,CK3 00_landed_titles.txt
b_ed-damer,c_atbara,d_makuria,k_nubia,e_abyssinia,false,,867,CK3 00_landed_titles.txt
b_edam,c_westfriesland,d_holland,k_frisia,e_germany,false,,867,CK3 00_landed_titles.txt
b_edd,c_edd,d_danakil,k_adal,e_abyssinia,true,first_barony_in_county_block,867,CK3 00_landed_titles.txt
b_edd-north,c_edd,d_danakil,k_adal,e_abyssinia,false,,867,CK3 00_landed_titles.txt
b_edessa,c_edessa,d_edessa,k_syria,e_arabia,true,first_barony_in_county_block,867,CK3 00_landed_titles.txt
b_edinburgh,c_lothian,d_lothian,k_scotland,e_britannia,true,first_barony_in_county_block,867,CK3 00_landed_titles.txt
b_edo,c_edo,d_benin,k_yorubaland,e_guinea,true,first_barony_in_county_block,867,CK3 00_landed_titles.txt
b_edrei,c_karkaraly,d_karkaraly,k_saryarka,e_tartaria,false,,867,CK3 00_landed_titles.txt
b_eej_khairkhan,c_zarman,d_gobi_altai,k_naimania,e_mongolia,false,,867,CK3 00_landed_titles.txt
b_eferi,c_djanet,d_ghat,k_sahara,e_maghreb,false,,867,CK3 00_landed_titles.txt
b_eger,c_hewes,d_visegrad,k_hungary,e_carpathia,false,,867,CK3 00_landed_titles.txt
b_egerszeg,c_kolon,d_somogy,k_hungary,e_carpathia,false,,867,CK3 00_landed_titles.txt
b_eghiz_kala,c_eghiz_kara,d_qyzylsaryarka,k_cuman,e_tartaria,true,first_barony_in_county_block,867,CK3 00_landed_titles.txt
b_eichtstad,c_eichstadt,d_nordgau,k_bavaria,e_germany,true,first_barony_in_county_block,867,CK3 00_landed_titles.txt
b_eilenburg,c_osterland,d_meissen,k_sorbia,e_west_slavia,true,first_barony_in_county_block,867,CK3 00_landed_titles.txt
b_eindhoven,c_maastricht,d_julich,k_lotharingia,e_germany,false,,867,CK3 00_landed_titles.txt
b_eisenach,c_schmalkalden,d_thuringia,k_east_francia,e_germany,false,,867,CK3 00_landed_titles.txt
b_ejea,c_zaragoza,d_aragon,k_aragon,e_spain,false,,867,CK3 00_landed_titles.txt
b_ekdala,c_bikrampur,d_vanga,k_bengal,e_bengal,false,,867,CK3 00_landed_titles.txt
b_eketorp,c_oland,d_smaland,k_sweden,e_scandinavia,false,,867,CK3 00_landed_titles.txt
b_eki_khem,c_azas,d_togina,k_tuva,e_mongolia,false,,867,CK3 00_landed_titles.txt
b_ekiti,c_yagba,d_oyo,k_yorubaland,e_guinea,false,,867,CK3 00_landed_titles.txt
b_eklingji,c_medapata,d_medapata,k_rajputana,e_rajastan,false,,867,CK3 00_landed_titles.txt
b_eksjo,c_njudung,d_smaland,k_sweden,e_scandinavia,false,,867,CK3 00_landed_titles.txt
b_el-ayo,c_busaso,d_sanaag,k_adal,e_abyssinia,false,,867,CK3 00_landed_titles.txt
b_el-eleila,c_eleila,d_alwa,k_nubia,e_abyssinia,true,first_barony_in_county_block,867,CK3 00_landed_titles.txt
b_el-obeid,c_kordofan,d_kordofan,k_darfur,e_kanem_bornu,true,first_barony_in_county_block,867,CK3 00_landed_titles.txt
b_el_borouj,c_fazaz,d_marrakesh,k_maghreb,e_maghreb,false,,867,CK3 00_landed_titles.txt
b_el_buur,c_mareeg,d_mogadishu,k_ajuraan,e_azania,false,,867,CK3 00_landed_titles.txt
b_el_dere,c_mareeg,d_mogadishu,k_ajuraan,e_azania,false,,867,CK3 00_landed_titles.txt
b_el_fasher,c_el_fasher,d_darfur,k_darfur,e_kanem_bornu,true,first_barony_in_county_block,867,CK3 00_landed_titles.txt
b_el_jem,c_sfax,d_gabes,k_africa,e_maghreb,false,,867,CK3 00_landed_titles.txt
b_el_ksabi,c_muluya,d_fes,k_maghreb,e_maghreb,false,,867,CK3 00_landed_titles.txt
b_el_waak,c_el_waak,d_samalo,k_bale,e_azania,true,first_barony_in_county_block,867,CK3 00_landed_titles.txt
b_elabuga,c_elabuga,d_kazan,k_volga_bulgaria,e_volga-ural,true,first_barony_in_county_block,867,CK3 00_landed_titles.txt
b_elapura,c_devagiri,d_devagiri,k_maharastra,e_deccan,false,,867,CK3 00_landed_titles.txt
b_elasson,c_thessalia,d_thessaly,k_thessalonika,e_byzantium,false,,867,CK3 00_landed_titles.txt
b_elblag,c_malbork,d_prussia,k_lithuania,e_wendish_empire,true,first_barony_in_county_block,867,CK3 00_landed_titles.txt
b_elena,c_turnovo,d_turnovo,k_bulgaria,e_byzantium,false,,867,CK3 00_landed_titles.txt
b_elesd,c_bihar,d_bihar,k_hungary,e_carpathia,false,,867,CK3 00_landed_titles.txt
b_elgin,c_moray,d_moray,k_scotland,e_britannia,true,first_barony_in_county_block,867,CK3 00_landed_titles.txt
b_ellur,c_kambampet,d_warangal,k_telingana,e_deccan,true,first_barony_in_county_block,867,CK3 00_landed_titles.txt
b_elmet,c_karabolam,d_volga_bulgaria,k_volga_bulgaria,e_volga-ural,false,,867,CK3 00_landed_titles.txt
b_elmina,c_fante,d_ashanti,k_akan,e_guinea,true,first_barony_in_county_block,867,CK3 00_landed_titles.txt
b_elsen_tasarkhai,c_khar_us,d_zavkhan,k_naimania,e_mongolia,false,,867,CK3 00_landed_titles.txt
b_elvas,c_elvas,d_beja,k_badajoz,e_spain,true,first_barony_in_county_block,867,CK3 00_landed_titles.txt
b_ely,c_cambridgeshire,d_norfolk,k_england,e_britannia,false,,867,CK3 00_landed_titles.txt
b_eman_boli,c_eman_boli,d_eman_boli,k_amur,e_amur,true,first_barony_in_county_block,867,CK3 00_landed_titles.txt
b_eman_molihewen,c_eman_molihewen,d_eman_boli,k_amur,e_amur,true,first_barony_in_county_block,867,CK3 00_landed_titles.txt
b_eman_nurgan,c_eman_nurgan,d_eman_nivkhia,k_amur,e_amur,true,first_barony_in_county_block,867,CK3 00_landed_titles.txt
b_emba,c_jamantau,d_barsuki,k_oghuz_il,e_turan,false,,867,CK3 00_landed_titles.txt
b_embrun,c_forcalquier,d_provence,k_burgundy,e_france,false,,867,CK3 00_landed_titles.txt
b_emden,c_ostfriesland,d_frisia,k_frisia,e_germany,true,first_barony_in_county_block,867,CK3 00_landed_titles.txt
b_emil,c_emil,d_tarbagatai,k_zhetysu,e_tartaria,true,first_barony_in_county_block,867,CK3 00_landed_titles.txt
b_emly,c_ormond,d_munster,k_ireland,e_britannia,false,,867,CK3 00_landed_titles.txt
b_emmen,c_groningen,d_utrecht,k_frisia,e_germany,false,,867,CK3 00_landed_titles.txt
b_empoli,c_firenze,d_toscana,k_italy,e_italy,false,,867,CK3 00_landed_titles.txt
b_empusel,c_taveta,d_bonde_la_ufa,k_zanj,e_azania,false,,867,CK3 00_landed_titles.txt
b_en-nahud,c_west_kordofan,d_kordofan,k_darfur,e_kanem_bornu,true,first_barony_in_county_block,867,CK3 00_landed_titles.txt
b_endere,c_cherchen,d_khotan,k_khotan,e_turan,false,,867,CK3 00_landed_titles.txt
b_enescopinge,c_upland,d_svealand,k_sweden,e_scandinavia,false,,867,CK3 00_landed_titles.txt
b_engelberg,c_zurich,d_currezia,k_east_francia,e_germany,false,,867,CK3 00_landed_titles.txt
b_engels,c_ukek,d_itil,k_caspian_steppe,e_caspian-pontic_steppe,false,,867,CK3 00_landed_titles.txt
b_ennis,c_ennis,d_munster,k_ireland,e_britannia,true,first_barony_in_county_block,867,CK3 00_landed_titles.txt
b_enniscorthy,c_leinster,d_leinster,k_ireland,e_britannia,false,,867,CK3 00_landed_titles.txt
b_epernay,c_reims,d_champagne,k_france,e_france,false,,867,CK3 00_landed_titles.txt
b_ephesos,c_ionia,d_ephese,k_nikaea,e_byzantium,false,,867,CK3 00_landed_titles.txt
b_epinal,c_nancy,d_upper_lorraine,k_lotharingia,e_germany,false,,867,CK3 00_landed_titles.txt
b_erandol,c_burhanpur,d_anupa,k_malwa,e_rajastan,false,,867,CK3 00_landed_titles.txt
b_erbach,c_erbach,d_west_franconia,k_east_francia,e_germany,true,first_barony_in_county_block,867,CK3 00_landed_titles.txt
b_erdenet,c_mumo,d_orkhon,k_otuken,e_mongolia,false,,867,CK3 00_landed_titles.txt
b_erding,c_geisenhausen,d_bavaria,k_bavaria,e_germany,false,,867,CK3 00_landed_titles.txt
b_erementau,c_astana,d_kazakh,k_cuman,e_tartaria,false,,867,CK3 00_landed_titles.txt
b_erg_ghati,c_ghat,d_ghat,k_sahara,e_maghreb,false,,867,CK3 00_landed_titles.txt
b_ergaki,c_songuu_aallar,d_kargassia,k_khakassia,e_mongolia,true,first_barony_in_county_block,867,CK3 00_landed_titles.txt
b_erkhel,c_khokhoo,d_selenga_valley,k_otuken,e_mongolia,false,,867,CK3 00_landed_titles.txt
b_erkne,c_bakriya,d_diyarbakr,k_jazira,e_persia,false,,867,CK3 00_landed_titles.txt
b_ernstbrunn,c_vienna,d_osterreich,k_bavaria,e_germany,false,,867,CK3 00_landed_titles.txt
b_ersomlyo,c_krasso,d_temes,k_hungary,e_carpathia,false,,867,CK3 00_landed_titles.txt
b_ertis,c_teke,d_kazakh,k_cuman,e_tartaria,false,,867,CK3 00_landed_titles.txt
b_eschenlohe,c_eschenlohe,d_bavaria,k_bavaria,e_germany,true,first_barony_in_county_block,867,CK3 00_landed_titles.txt
b_eschweiler,c_aachen,d_julich,k_lotharingia,e_germany,false,,867,CK3 00_landed_titles.txt
b_espoo,c_nyland,d_finland,k_finland,e_scandinavia,false,,867,CK3 00_landed_titles.txt
b_essen,c_dortmund,d_lower_lorraine,k_lotharingia,e_germany,false,,867,CK3 00_landed_titles.txt
b_este,c_padua,d_verona,k_italy,e_italy,false,,867,CK3 00_landed_titles.txt
b_esztergom,c_esztergom,d_visegrad,k_hungary,e_carpathia,true,first_barony_in_county_block,867,CK3 00_landed_titles.txt
b_etah,c_kol,d_mathura,k_delhi,e_rajastan,false,,867,CK3 00_landed_titles.txt
b_etampes,c_ile_de_france,d_valois,k_france,e_france,false,,867,CK3 00_landed_titles.txt
b_etawah,c_kanyakubja,d_kanyakubja,k_kosala,e_rajastan,false,,867,CK3 00_landed_titles.txt
b_etuworop_sir,c_chupka,d_menas,k_aynumosir,e_amur,false,,867,CK3 00_landed_titles.txt
b_etzeri,c_maghas,d_alania,k_caucasus,e_caspian-pontic_steppe,false,,867,CK3 00_landed_titles.txt
b_eu,c_eu,d_normandy,k_france,e_france,true,first_barony_in_county_block,867,CK3 00_landed_titles.txt
b_euaissa,c_charsianon,d_charsianon,k_anatolia,e_byzantium,false,,867,CK3 00_landed_titles.txt
b_euchaita,c_euchaita,d_armeniac,k_pontus,e_byzantium,true,first_barony_in_county_block,867,CK3 00_landed_titles.txt
b_euspena,c_azysia,d_sebasteia,k_pontus,e_byzantium,false,,867,CK3 00_landed_titles.txt
b_eusutur,c_tarayka,d_sahaliyan,k_aynumosir,e_amur,false,,867,CK3 00_landed_titles.txt
b_everstein,c_lippe,d_angria,k_saxony,e_germany,false,,867,CK3 00_landed_titles.txt
b_evesham,c_worcestershire,d_hereford,k_england,e_britannia,false,,867,CK3 00_landed_titles.txt
b_evora,c_beja,d_beja,k_badajoz,e_spain,true,first_barony_in_county_block,867,CK3 00_landed_titles.txt
b_evreux,c_evreux,d_normandy,k_france,e_france,true,first_barony_in_county_block,867,CK3 00_landed_titles.txt
b_ewaso_ngiro,c_ewaso_ngiro,d_pate,k_zanj,e_azania,true,first_barony_in_county_block,867,CK3 00_landed_titles.txt
b_exeter,c_devon,d_cornwall,k_england,e_britannia,true,first_barony_in_county_block,867,CK3 00_landed_titles.txt
b_eylau,c_osterode,d_masuria,k_lithuania,e_wendish_empire,true,first_barony_in_county_block,867,CK3 00_landed_titles.txt
b_eynafylki,c_trandheim,d_trandalog,k_norway,e_scandinavia,false,,867,CK3 00_landed_titles.txt
b_fachi,c_bilma,d_kawar,k_sahara,e_maghreb,false,,867,CK3 00_landed_titles.txt
b_fachi_route,c_air,d_air,k_sahara,e_maghreb,false,,867,CK3 00_landed_titles.txt
b_fadak,c_hail,d_najd,k_arabia,e_arabia,false,,867,CK3 00_landed_titles.txt
b_fadala,c_tamasna,d_marrakesh,k_maghreb,e_maghreb,false,,867,CK3 00_landed_titles.txt
b_fadama,c_kankan,d_manding,k_mali,e_mali,false,,867,CK3 00_landed_titles.txt
b_fafan,c_fafan,d_adal,k_adal,e_abyssinia,true,first_barony_in_county_block,867,CK3 00_landed_titles.txt
b_fafan-south,c_fafan,d_adal,k_adal,e_abyssinia,false,,867,CK3 00_landed_titles.txt
b_fahan,c_ailech,d_ulster,k_ireland,e_britannia,false,,867,CK3 00_landed_titles.txt
b_fahraj,c_bampur,d_jabal_kufs,k_makran,e_persia,false,,867,CK3 00_landed_titles.txt
b_fahraj_yazd,c_yazd,d_yazd,k_persia,e_persia,false,,867,CK3 00_landed_titles.txt
b_faizabad,c_ayodhya,d_saryupara,k_kosala,e_rajastan,false,,867,CK3 00_landed_titles.txt
b_fajla,c_sharaf,d_najd,k_arabia,e_arabia,false,,867,CK3 00_landed_titles.txt
b_fajr,c_tabuk,d_shammar,k_arabia,e_arabia,false,,867,CK3 00_landed_titles.txt
b_falaise,c_bayeux,d_normandy,k_france,e_france,false,,867,CK3 00_landed_titles.txt
b_falaj,c_falaj,d_yamama,k_arabia,e_arabia,true,first_barony_in_county_block,867,CK3 00_landed_titles.txt
b_falanko,c_kisi,d_loma,k_mali,e_mali,true,first_barony_in_county_block,867,CK3 00_landed_titles.txt
b_falasha,c_semien,d_gondar,k_abyssinia,e_abyssinia,false,,867,CK3 00_landed_titles.txt
b_falene,c_dalabergslagen,d_bergslagen,k_sweden,e_scandinavia,true,first_barony_in_county_block,867,CK3 00_landed_titles.txt
b_falesti,c_iasi,d_moldova,k_moldavia,e_carpathia,false,,867,CK3 00_landed_titles.txt
b_falkenstein,c_falkenstein,d_bavaria,k_bavaria,e_germany,true,first_barony_in_county_block,867,CK3 00_landed_titles.txt
b_falkirk,c_linlithgowshire,d_lothian,k_scotland,e_britannia,false,,867,CK3 00_landed_titles.txt
b_falkoping,c_vastergotland,d_vastergotland,k_sweden,e_scandinavia,false,,867,CK3 00_landed_titles.txt
b_famagusta,c_famagusta,d_cyprus,k_cyprus,e_byzantium,true,first_barony_in_county_block,867,CK3 00_landed_titles.txt
b_faqus,c_sharkiya,d_delta,k_egypt,e_arabia,false,,867,CK3 00_landed_titles.txt
b_farabugu,c_kaarta,d_kaniaga,k_ghana,e_mali,true,first_barony_in_county_block,867,CK3 00_landed_titles.txt
b_farah,c_farah,d_sistan,k_makran,e_persia,true,first_barony_in_county_block,867,CK3 00_landed_titles.txt
b_farama,c_farama,d_sinai,k_egypt,e_arabia,true,first_barony_in_county_block,867,CK3 00_landed_titles.txt
b_faran,c_sinai,d_sinai,k_egypt,e_arabia,false,,867,CK3 00_landed_titles.txt
b_faras,c_faras,d_nobatia,k_nubia,e_abyssinia,true,first_barony_in_county_block,867,CK3 00_landed_titles.txt
b_farava,c_farava,d_nasa,k_khorasan,e_persia,true,first_barony_in_county_block,867,CK3 00_landed_titles.txt
b_farduzes,c_grisons,d_currezia,k_east_francia,e_germany,false,,867,CK3 00_landed_titles.txt
b_farfa,c_roma,d_latium,k_romagna,e_italy,false,,867,CK3 00_landed_titles.txt
b_farhajird,c_nishapur,d_nishapur,k_khorasan,e_persia,false,,867,CK3 00_landed_titles.txt
b_farila,c_halsingland,d_norrland,k_sweden,e_scandinavia,false,,867,CK3 00_landed_titles.txt
b_farnebo,c_varmland,d_bergslagen,k_sweden,e_scandinavia,false,,867,CK3 00_landed_titles.txt
b_faro,c_faro,d_algarve,k_badajoz,e_spain,true,first_barony_in_county_block,867,CK3 00_landed_titles.txt
b_faroo,c_gutland,d_gotland,k_sweden,e_scandinavia,false,,867,CK3 00_landed_titles.txt
b_faryab,c_guzgan,d_merv,k_khorasan,e_persia,false,,867,CK3 00_landed_titles.txt
b_fashal,c_zabid,d_sanaa,k_yemen,e_arabia,false,,867,CK3 00_landed_titles.txt
b_fatagar,c_fetegar,d_showa,k_abyssinia,e_abyssinia,true,first_barony_in_county_block,867,CK3 00_landed_titles.txt
b_fathabad,c_bikrampur,d_vanga,k_bengal,e_bengal,false,,867,CK3 00_landed_titles.txt
b_faucigny,c_geneva,d_savoie,k_burgundy,e_france,false,,867,CK3 00_landed_titles.txt
b_faulquemont,c_metz,d_upper_lorraine,k_lotharingia,e_germany,false,,867,CK3 00_landed_titles.txt
b_faustinopolis,c_cilicia,d_cilicia,k_anatolia,e_byzantium,false,,867,CK3 00_landed_titles.txt
b_faw,c_qus,d_al-said,k_egypt,e_arabia,false,,867,CK3 00_landed_titles.txt
b_faya,c_ain_galakka,d_tibesti,k_sahara,e_maghreb,false,,867,CK3 00_landed_titles.txt
b_fayd,c_hail,d_najd,k_arabia,e_arabia,false,,867,CK3 00_landed_titles.txt
b_fazughli,c_fazughli,d_sennar,k_nubia,e_abyssinia,true,first_barony_in_county_block,867,CK3 00_landed_titles.txt
b_fazughli_east,c_fazughli,d_sennar,k_nubia,e_abyssinia,false,,867,CK3 00_landed_titles.txt
b_fecamp,c_eu,d_normandy,k_france,e_france,false,,867,CK3 00_landed_titles.txt
b_feher,c_feher,d_transylvania,k_hungary,e_carpathia,true,first_barony_in_county_block,867,CK3 00_landed_titles.txt
b_fehertemplom,c_krasso,d_temes,k_hungary,e_carpathia,false,,867,CK3 00_landed_titles.txt
b_feldbach,c_graz,d_steyermark,k_bavaria,e_germany,false,,867,CK3 00_landed_titles.txt
b_feldkirchen,c_villach,d_carinthia,k_bavaria,e_germany,false,,867,CK3 00_landed_titles.txt
b_fellata,c_fellata,d_wadai,k_darfur,e_kanem_bornu,true,first_barony_in_county_block,867,CK3 00_landed_titles.txt
b_femera,c_lubeck,d_holstein,k_saxony,e_germany,false,,867,CK3 00_landed_titles.txt
b_fermo,c_fermo,d_ancona,k_romagna,e_italy,true,first_barony_in_county_block,867,CK3 00_landed_titles.txt
b_fernabo,c_vastmanland,d_bergslagen,k_sweden,e_scandinavia,false,,867,CK3 00_landed_titles.txt
b_ferns,c_leinster,d_leinster,k_ireland,e_britannia,false,,867,CK3 00_landed_titles.txt
b_ferrara,c_ferrara,d_romagna,k_romagna,e_italy,true,first_barony_in_county_block,867,CK3 00_landed_titles.txt
b_ferrette,c_sundgau,d_alsace,k_east_francia,e_germany,false,,867,CK3 00_landed_titles.txt
b_ferrol,c_coruna,d_galicia,k_spanish_galicia,e_spain,false,,867,CK3 00_landed_titles.txt
b_fes,c_fes,d_fes,k_maghreb,e_maghreb,true,first_barony_in_county_block,867,CK3 00_landed_titles.txt
b_fesensac,c_armagnac,d_armagnac,k_aquitaine,e_france,false,,867,CK3 00_landed_titles.txt
b_fetesti,c_calarasi,d_muntenia,k_dacia,e_carpathia,false,,867,CK3 00_landed_titles.txt
b_feurs,c_forez,d_dauphine,k_burgundy,e_france,true,first_barony_in_county_block,867,CK3 00_landed_titles.txt
b_fezzan_route,c_murzuk,d_fezzan,k_sahara,e_maghreb,false,,867,CK3 00_landed_titles.txt
b_fic_eman_alimenan,c_eman_boli,d_eman_boli,k_amur,e_amur,false,,867,CK3 00_landed_titles.txt
b_fic_eman_amgun,c_eman_amgun,d_eman_nivkhia,k_amur,e_amur,true,first_barony_in_county_block,867,CK3 00_landed_titles.txt
b_fic_eman_beihean,c_eman_beihean,d_eman_sikhotebei,k_amur,e_amur,true,first_barony_in_county_block,867,CK3 00_landed_titles.txt
b_fic_eman_bira,c_eman_murkonno,d_eman_amar,k_amur,e_amur,true,first_barony_in_county_block,867,CK3 00_landed_titles.txt
b_fic_eman_birigugda,c_eman_birija,d_eman_bureya,k_amur,e_amur,false,,867,CK3 00_landed_titles.txt
b_fic_eman_birija,c_eman_birija,d_eman_bureya,k_amur,e_amur,true,first_barony_in_county_block,867,CK3 00_landed_titles.txt
b_fic_eman_bixinshang,c_eman_yerenhe,d_eman_sikhotebei,k_amur,e_amur,false,,867,CK3 00_landed_titles.txt
b_fic_eman_bolon,c_eman_molihewen,d_eman_boli,k_amur,e_amur,false,,867,CK3 00_landed_titles.txt
b_fic_eman_bureya,c_eman_tudali,d_eman_samagero,k_amur,e_amur,false,,867,CK3 00_landed_titles.txt
b_fic_eman_chagal,c_eman_nurgan,d_eman_nivkhia,k_amur,e_amur,false,,867,CK3 00_landed_titles.txt
b_fic_eman_chayatin,c_eman_khadul,d_eman_samagero,k_amur,e_amur,false,,867,CK3 00_landed_titles.txt
b_fic_eman_chlya,c_eman_amgun,d_eman_nivkhia,k_amur,e_amur,false,,867,CK3 00_landed_titles.txt
b_fic_eman_choripi,c_eman_choripi,d_eman_boli,k_amur,e_amur,true,first_barony_in_county_block,867,CK3 00_landed_titles.txt
b_fic_eman_chulabira,c_eman_murkonno,d_eman_amar,k_amur,e_amur,false,,867,CK3 00_landed_titles.txt
b_fic_eman_dusse_alin,c_eman_yam_alin,d_eman_samagero,k_amur,e_amur,false,,867,CK3 00_landed_titles.txt
b_fic_eman_ekiti,c_eman_nurgan,d_eman_nivkhia,k_amur,e_amur,false,,867,CK3 00_landed_titles.txt
b_fic_eman_elejiang,c_eman_yerenhe,d_eman_sikhotebei,k_amur,e_amur,false,,867,CK3 00_landed_titles.txt
b_fic_eman_evoron,c_eman_tudali,d_eman_samagero,k_amur,e_amur,false,,867,CK3 00_landed_titles.txt
b_fic_eman_hara,c_eman_nimen,d_eman_amar,k_amur,e_amur,false,,867,CK3 00_landed_titles.txt
b_fic_eman_heishanan,c_eman_molihewen,d_eman_boli,k_amur,e_amur,false,,867,CK3 00_landed_titles.txt
b_fic_eman_heishuiyang,c_eman_heishuiyang,d_eman_sikhotebei,k_amur,e_amur,true,first_barony_in_county_block,867,CK3 00_landed_titles.txt
b_fic_eman_henkon,c_eman_khadul,d_eman_samagero,k_amur,e_amur,false,,867,CK3 00_landed_titles.txt
b_fic_eman_hulavanda,c_eman_vanda,d_eman_amar,k_amur,e_amur,false,,867,CK3 00_landed_titles.txt
b_fic_eman_imelen,c_eman_yam_alin,d_eman_samagero,k_amur,e_amur,false,,867,CK3 00_landed_titles.txt
b_fic_eman_kamer,c_eman_nurgan,d_eman_nivkhia,k_amur,e_amur,false,,867,CK3 00_landed_titles.txt
b_fic_eman_kerin,c_eman_kerin,d_eman_samagero,k_amur,e_amur,true,first_barony_in_county_block,867,CK3 00_landed_titles.txt
b_fic_eman_khadul,c_eman_khadul,d_eman_samagero,k_amur,e_amur,true,first_barony_in_county_block,867,CK3 00_landed_titles.txt
b_fic_eman_khimin,c_eman_murkonno,d_eman_amar,k_amur,e_amur,false,,867,CK3 00_landed_titles.txt
b_fic_eman_khorhe,c_eman_boli,d_eman_boli,k_amur,e_amur,false,,867,CK3 00_landed_titles.txt
b_fic_eman_kirga,c_eman_urmi,d_eman_amar,k_amur,e_amur,false,,867,CK3 00_landed_titles.txt
b_fic_eman_konnovanda,c_eman_vanda,d_eman_amar,k_amur,e_amur,false,,867,CK3 00_landed_titles.txt
b_fic_eman_kulikansiggu,c_eman_urehokto,d_eman_bureya,k_amur,e_amur,false,,867,CK3 00_landed_titles.txt
b_fic_eman_kuru,c_eman_choripi,d_eman_boli,k_amur,e_amur,false,,867,CK3 00_landed_titles.txt
b_fic_eman_melersuki,c_eman_heishuiyang,d_eman_sikhotebei,k_amur,e_amur,false,,867,CK3 00_landed_titles.txt
b_fic_eman_mohean,c_eman_mohean,d_eman_boli,k_amur,e_amur,true,first_barony_in_county_block,867,CK3 00_landed_titles.txt
b_fic_eman_molamu,c_eman_turma,d_eman_bureya,k_amur,e_amur,false,,867,CK3 00_landed_titles.txt
b_fic_eman_nanshuian,c_eman_boli,d_eman_boli,k_amur,e_amur,false,,867,CK3 00_landed_titles.txt
b_fic_eman_nimen,c_eman_nimen,d_eman_amar,k_amur,e_amur,true,first_barony_in_county_block,867,CK3 00_landed_titles.txt
b_fic_eman_orel,c_eman_amgun,d_eman_nivkhia,k_amur,e_amur,false,,867,CK3 00_landed_titles.txt
b_fic_eman_oronmu,c_eman_nimen,d_eman_amar,k_amur,e_amur,false,,867,CK3 00_landed_titles.txt
b_fic_eman_pichan,c_eman_murkonno,d_eman_amar,k_amur,e_amur,false,,867,CK3 00_landed_titles.txt
b_fic_eman_pilda,c_eman_kerin,d_eman_samagero,k_amur,e_amur,false,,867,CK3 00_landed_titles.txt
b_fic_eman_senkele,c_eman_heishuiyang,d_eman_sikhotebei,k_amur,e_amur,false,,867,CK3 00_landed_titles.txt
b_fic_eman_shangkhor,c_eman_molihewen,d_eman_boli,k_amur,e_amur,false,,867,CK3 00_landed_titles.txt
b_fic_eman_shuishanpu,c_eman_wuguihai,d_eman_sikhotebei,k_amur,e_amur,false,,867,CK3 00_landed_titles.txt
b_fic_eman_silbaki,c_eman_beihean,d_eman_sikhotebei,k_amur,e_amur,false,,867,CK3 00_landed_titles.txt
b_fic_eman_tudali,c_eman_tudali,d_eman_samagero,k_amur,e_amur,true,first_barony_in_county_block,867,CK3 00_landed_titles.txt
b_fic_eman_tugur,c_eman_tugur,d_eman_nivkhia,k_amur,e_amur,true,first_barony_in_county_block,867,CK3 00_landed_titles.txt
b_fic_eman_turma,c_eman_turma,d_eman_bureya,k_amur,e_amur,true,first_barony_in_county_block,867,CK3 00_landed_titles.txt
b_fic_eman_uada_alin,c_eman_choripi,d_eman_boli,k_amur,e_amur,false,,867,CK3 00_landed_titles.txt
b_fic_eman_umilimo,c_eman_urehokto,d_eman_bureya,k_amur,e_amur,true,first_barony_in_county_block,867,CK3 00_landed_titles.txt
b_fic_eman_urmi,c_eman_urmi,d_eman_amar,k_amur,e_amur,true,first_barony_in_county_block,867,CK3 00_landed_titles.txt
b_fic_eman_uroure,c_eman_turma,d_eman_bureya,k_amur,e_amur,false,,867,CK3 00_landed_titles.txt
b_fic_eman_usalgin,c_eman_tugur,d_eman_nivkhia,k_amur,e_amur,false,,867,CK3 00_landed_titles.txt
b_fic_eman_vandarin,c_eman_vanda,d_eman_amar,k_amur,e_amur,true,first_barony_in_county_block,867,CK3 00_landed_titles.txt
b_fic_eman_wuguihai,c_eman_wuguihai,d_eman_sikhotebei,k_amur,e_amur,true,first_barony_in_county_block,867,CK3 00_landed_titles.txt
b_fic_eman_wuguijiang,c_eman_mohean,d_eman_boli,k_amur,e_amur,false,,867,CK3 00_landed_titles.txt
b_fic_eman_xiaoheijiang,c_eman_wuguihai,d_eman_sikhotebei,k_amur,e_amur,false,,867,CK3 00_landed_titles.txt
b_fic_eman_yam_alin,c_eman_yam_alin,d_eman_samagero,k_amur,e_amur,true,first_barony_in_county_block,867,CK3 00_landed_titles.txt
b_fic_eman_yemanshui,c_eman_mohean,d_eman_boli,k_amur,e_amur,false,,867,CK3 00_landed_titles.txt
b_fic_eman_yerenhe,c_eman_yerenhe,d_eman_sikhotebei,k_amur,e_amur,true,first_barony_in_county_block,867,CK3 00_landed_titles.txt
b_fic_eman_ymila,c_eman_tugur,d_eman_nivkhia,k_amur,e_amur,false,,867,CK3 00_landed_titles.txt
b_fic_mong_chusolalin,c_em_gobidada,d_em_tataria,k_gobi,e_mongolia,false,,867,CK3 00_landed_titles.txt
b_fic_mong_dutulunels,c_em_dutulun,d_em_tataria,k_gobi,e_mongolia,true,first_barony_in_county_block,867,CK3 00_landed_titles.txt
b_fic_mong_elskhol,c_em_gobidada,d_em_tataria,k_gobi,e_mongolia,true,first_barony_in_county_block,867,CK3 00_landed_titles.txt
b_fic_mong_herulun,c_em_zhen,d_em_tataria,k_gobi,e_mongolia,false,,867,CK3 00_landed_titles.txt
b_fic_mong_hinkanalin,c_em_kherulendada,d_em_tataria,k_gobi,e_mongolia,false,,867,CK3 00_landed_titles.txt
b_fic_mong_horobot,c_em_akhulun,d_em_wuguguo,k_gobi,e_mongolia,false,,867,CK3 00_landed_titles.txt
b_fic_mong_ichar_ekin,c_em_dadaels,d_gobi_dadaels,k_gobi,e_mongolia,false,,867,CK3 00_landed_titles.txt
b_fic_mong_kanchuku,c_em_karakopi,d_em_wuguguo,k_gobi,e_mongolia,true,first_barony_in_county_block,867,CK3 00_landed_titles.txt
b_fic_mong_karepuri,c_em_kherulendada,d_em_tataria,k_gobi,e_mongolia,true,first_barony_in_county_block,867,CK3 00_landed_titles.txt
b_fic_mong_khargobi,c_em_khartereg,d_em_wuguguo,k_gobi,e_mongolia,false,,867,CK3 00_landed_titles.txt
b_fic_mong_khosoonuud,c_em_hepung,d_em_wuguguo,k_gobi,e_mongolia,false,,867,CK3 00_landed_titles.txt
b_fic_mong_kukuchol,c_em_kherulendada,d_em_tataria,k_gobi,e_mongolia,false,,867,CK3 00_landed_titles.txt
b_fic_mong_kurnuur,c_em_hepung,d_em_wuguguo,k_gobi,e_mongolia,false,,867,CK3 00_landed_titles.txt
b_fic_mong_nuurkhoorond,c_em_khartereg,d_em_wuguguo,k_gobi,e_mongolia,true,first_barony_in_county_block,867,CK3 00_landed_titles.txt
b_fic_mong_olokuialin,c_em_gobidada,d_em_tataria,k_gobi,e_mongolia,false,,867,CK3 00_landed_titles.txt
b_fic_mong_payenula,c_em_gobidada,d_em_tataria,k_gobi,e_mongolia,false,,867,CK3 00_landed_titles.txt
b_fic_mong_semkut,c_em_dutulun,d_em_tataria,k_gobi,e_mongolia,false,,867,CK3 00_landed_titles.txt
b_fic_mong_tapsunuur,c_em_karakopi,d_em_wuguguo,k_gobi,e_mongolia,false,,867,CK3 00_landed_titles.txt
b_fic_mong_tarhanalin,c_em_dadaels,d_gobi_dadaels,k_gobi,e_mongolia,true,first_barony_in_county_block,867,CK3 00_landed_titles.txt
b_fic_mong_tarkhaidam,c_em_dadaels,d_gobi_dadaels,k_gobi,e_mongolia,false,,867,CK3 00_landed_titles.txt
b_fic_mong_tarkilechi,c_em_dutulun,d_em_tataria,k_gobi,e_mongolia,false,,867,CK3 00_landed_titles.txt
b_fic_mong_tsagaanuur,c_em_akhulun,d_em_wuguguo,k_gobi,e_mongolia,false,,867,CK3 00_landed_titles.txt
b_fic_mong_tulanhara,c_em_khartereg,d_em_wuguguo,k_gobi,e_mongolia,false,,867,CK3 00_landed_titles.txt
b_fic_mong_ulanhulud,c_em_akhulun,d_em_wuguguo,k_gobi,e_mongolia,true,first_barony_in_county_block,867,CK3 00_landed_titles.txt
b_fic_mong_ulantolgod,c_em_zhen,d_em_tataria,k_gobi,e_mongolia,false,,867,CK3 00_landed_titles.txt
b_fic_mong_ulyntsana,c_em_zhen,d_em_tataria,k_gobi,e_mongolia,false,,867,CK3 00_landed_titles.txt
b_fic_mong_usguitalbai,c_em_karakopi,d_em_wuguguo,k_gobi,e_mongolia,false,,867,CK3 00_landed_titles.txt
b_fic_mong_zovkerulen,c_em_hepung,d_em_wuguguo,k_gobi,e_mongolia,false,,867,CK3 00_landed_titles.txt
b_figeac,c_quercy,d_toulouse,k_aquitaine,e_france,false,,867,CK3 00_landed_titles.txt
b_figuig,c_figuig,d_tahert,k_tahert,e_maghreb,true,first_barony_in_county_block,867,CK3 00_landed_titles.txt
b_figuira,c_niani,d_manding,k_mali,e_mali,false,,867,CK3 00_landed_titles.txt
b_fika,c_fika,d_kagha,k_kanem,e_kanem_bornu,true,first_barony_in_county_block,867,CK3 00_landed_titles.txt
b_filiasi,c_polovragi,d_transylvanian_alps,k_dacia,e_carpathia,false,,867,CK3 00_landed_titles.txt
b_finnforsar,c_helgum,d_jamtland,k_norway,e_scandinavia,false,,867,CK3 00_landed_titles.txt
b_finstigen,c_puttlingen,d_upper_lorraine,k_lotharingia,e_germany,false,,867,CK3 00_landed_titles.txt
b_firabr,c_firabr,d_soghd,k_transoxiana,e_turan,false,,867,CK3 00_landed_titles.txt
b_firaun,c_firaun,d_sinai,k_egypt,e_arabia,true,first_barony_in_county_block,867,CK3 00_landed_titles.txt
b_firdafylki,c_firdafylki,d_trandalog,k_norway,e_scandinavia,true,first_barony_in_county_block,867,CK3 00_landed_titles.txt
b_firenze,c_firenze,d_toscana,k_italy,e_italy,true,first_barony_in_county_block,867,CK3 00_landed_titles.txt
b_firiya,c_solimana,d_loma,k_mali,e_mali,true,first_barony_in_county_block,867,CK3 00_landed_titles.txt
b_firrim,c_baduspan,d_tabaristan,k_daylam,e_persia,true,first_barony_in_county_block,867,CK3 00_landed_titles.txt
b_firuzabad,c_mandestan,d_fars,k_persia,e_persia,false,,867,CK3 00_landed_titles.txt
b_firuzan,c_qumisha,d_isfahan,k_persia,e_persia,false,,867,CK3 00_landed_titles.txt
b_firuzkuh,c_ghur,d_ghur,k_khorasan,e_persia,true,first_barony_in_county_block,867,CK3 00_landed_titles.txt
b_fishabur,c_ninive,d_diyarrabia,k_jazira,e_persia,false,,867,CK3 00_landed_titles.txt
b_fishguard,c_pembrokeshire,d_deheubarth,k_wales,e_britannia,false,,867,CK3 00_landed_titles.txt
b_fjarlandi,c_sogn,d_vestlandi,k_norway,e_scandinavia,false,,867,CK3 00_landed_titles.txt
b_florentiola,c_parma,d_lombardia,k_italy,e_italy,false,,867,CK3 00_landed_titles.txt
b_floridsdorf,c_vienna,d_osterreich,k_bavaria,e_germany,false,,867,CK3 00_landed_titles.txt
b_focsani,c_galati,d_moldova,k_moldavia,e_carpathia,false,,867,CK3 00_landed_titles.txt
b_fogaras,c_fogaras,d_transylvania,k_hungary,e_carpathia,true,first_barony_in_county_block,867,CK3 00_landed_titles.txt
b_fogny,c_jame,d_kasa,k_kaabu,e_mali,false,,867,CK3 00_landed_titles.txt
b_foix,c_foix,d_languedoc,k_aquitaine,e_france,true,first_barony_in_county_block,867,CK3 00_landed_titles.txt
b_folgue_karu,c_gola,d_kono,k_guinea,e_guinea,false,,867,CK3 00_landed_titles.txt
b_follinge,c_helgum,d_jamtland,k_norway,e_scandinavia,false,,867,CK3 00_landed_titles.txt
b_folona,c_nyene,d_worodugu,k_kong,e_guinea,true,first_barony_in_county_block,867,CK3 00_landed_titles.txt
b_fontenay,c_thouars,d_poitou,k_aquitaine,e_france,false,,867,CK3 00_landed_titles.txt
b_forbach,c_metz,d_upper_lorraine,k_lotharingia,e_germany,false,,867,CK3 00_landed_titles.txt
b_forcalquier,c_forcalquier,d_provence,k_burgundy,e_france,true,first_barony_in_county_block,867,CK3 00_landed_titles.txt
b_forest_of_dean,c_gloucestershire,d_gloucester,k_england,e_britannia,false,,867,CK3 00_landed_titles.txt
b_forli,c_ravenna,d_romagna,k_romagna,e_italy,false,,867,CK3 00_landed_titles.txt
b_forst,c_naumberg,d_lausitz,k_sorbia,e_west_slavia,false,,867,CK3 00_landed_titles.txt
b_fort_aleksandrovkiy,c_mangyshlak,d_transcaspiana,k_oghuz_il,e_turan,false,,867,CK3 00_landed_titles.txt
b_fort_novoaleksandrovkiy,c_qaraustyurt,d_transcaspiana,k_oghuz_il,e_turan,true,first_barony_in_county_block,867,CK3 00_landed_titles.txt
b_fraga,c_fraga,d_aragon,k_aragon,e_spain,false,,867,CK3 00_landed_titles.txt
b_frankenstein,c_nysa,d_upper_silesia,k_poland,e_west_slavia,false,,867,CK3 00_landed_titles.txt
b_frankfurt,c_frankfurt,d_west_franconia,k_east_francia,e_germany,true,first_barony_in_county_block,867,CK3 00_landed_titles.txt
b_freiberg,c_dresden,d_meissen,k_sorbia,e_west_slavia,false,,867,CK3 00_landed_titles.txt
b_freiburg,c_breisgau,d_alsace,k_east_francia,e_germany,true,first_barony_in_county_block,867,CK3 00_landed_titles.txt
b_freising,c_rothenburg,d_bavaria,k_bavaria,e_germany,false,,867,CK3 00_landed_titles.txt
b_freistadt,c_freistadt,d_osterreich,k_bavaria,e_germany,true,first_barony_in_county_block,867,CK3 00_landed_titles.txt
b_friedberg,c_augsburg,d_augsburg,k_bavaria,e_germany,false,,867,CK3 00_landed_titles.txt
b_friskdal,c_varmland,d_bergslagen,k_sweden,e_scandinavia,false,,867,CK3 00_landed_titles.txt
b_frolikha,c_bargajan,d_dauria,k_buryatia,e_mongolia,false,,867,CK3 00_landed_titles.txt
b_frolovo,c_sarysyn,d_don_valley,k_pontic_steppe,e_caspian-pontic_steppe,false,,867,CK3 00_landed_titles.txt
b_fronsac,c_bordeaux,d_gascogne,k_aquitaine,e_france,false,,867,CK3 00_landed_titles.txt
b_frontenhausen,c_frontenhausen,d_bavaria,k_bavaria,e_germany,true,first_barony_in_county_block,867,CK3 00_landed_titles.txt
b_froso,c_jamtfir,d_jamtland,k_norway,e_scandinavia,true,first_barony_in_county_block,867,CK3 00_landed_titles.txt
b_fudalhi,c_fudalhi,d_samalo,k_bale,e_azania,true,first_barony_in_county_block,867,CK3 00_landed_titles.txt
b_fuerteventura,c_fuerteventura,d_canarias,k_maghreb,e_maghreb,true,first_barony_in_county_block,867,CK3 00_landed_titles.txt
b_fukang,c_beshbalik,d_beshbalik,k_dzungaria,e_tartaria,false,,867,CK3 00_landed_titles.txt
b_fulda,c_fulda,d_hesse,k_east_francia,e_germany,true,first_barony_in_county_block,867,CK3 00_landed_titles.txt
b_fuqi,c_fuqi,d_tuyuhun,k_amdo,e_tibet,true,first_barony_in_county_block,867,CK3 00_landed_titles.txt
b_furness,c_cumberland,d_northumberland,k_england,e_britannia,false,,867,CK3 00_landed_titles.txt
b_fursata,c_jafara,d_tripolitania,k_africa,e_maghreb,false,,867,CK3 00_landed_titles.txt
b_furstenberg,c_furstenberg,d_swabia,k_east_francia,e_germany,true,first_barony_in_county_block,867,CK3 00_landed_titles.txt
b_fustujan,c_darabjerd,d_fars,k_persia,e_persia,false,,867,CK3 00_landed_titles.txt
b_fwala-konyan,c_konyan,d_toro,k_guinea,e_guinea,true,first_barony_in_county_block,867,CK3 00_landed_titles.txt
b_gaaltoe,c_sjeltie,d_aarjetje,k_sapmi,e_scandinavia,false,,867,CK3 00_landed_titles.txt
b_gabal,c_gabal,d_dawaro,k_adal,e_abyssinia,false,,867,CK3 00_landed_titles.txt
b_gabal_south,c_gabal,d_dawaro,k_adal,e_abyssinia,false,,867,CK3 00_landed_titles.txt
b_gabarawan,c_mugan,d_shirvan,k_daylam,e_persia,false,,867,CK3 00_landed_titles.txt
b_gabardan,c_marsan,d_gascogne,k_aquitaine,e_france,false,,867,CK3 00_landed_titles.txt
b_gabas,c_katagum,d_kagha,k_kanem,e_kanem_bornu,false,,867,CK3 00_landed_titles.txt
b_gabasumdo,c_mangra,d_malho,k_gyalrong,e_tibet,false,,867,CK3 00_landed_titles.txt
b_gabes,c_gabes,d_gabes,k_africa,e_maghreb,true,first_barony_in_county_block,867,CK3 00_landed_titles.txt
b_gabou,c_kaabu,d_kaabu,k_kaabu,e_mali,true,first_barony_in_county_block,867,CK3 00_landed_titles.txt
b_gabou_bura,c_bura,d_lower_gurma,k_gurma,e_mali,false,,867,CK3 00_landed_titles.txt
b_gabrovo,c_turnovo,d_turnovo,k_bulgaria,e_byzantium,false,,867,CK3 00_landed_titles.txt
b_gacko,c_zelengora,d_usora,k_croatia,e_byzantium,true,first_barony_in_county_block,867,CK3 00_landed_titles.txt
b_gade,c_maqen,d_golog,k_gyalrong,e_tibet,false,,867,CK3 00_landed_titles.txt
b_gadei,c_gao,d_kawkaw,k_songhay,e_mali,false,,867,CK3 00_landed_titles.txt
b_gadhipuri,c_jaunpur,d_kasi,k_bihar,e_bengal,false,,867,CK3 00_landed_titles.txt
b_gadilon,c_helenopontus,d_armeniac,k_pontus,e_byzantium,false,,867,CK3 00_landed_titles.txt
b_gaeta,c_capua,d_capua,k_sicily,e_byzantium,false,,867,CK3 00_landed_titles.txt
b_gafat,c_gafat,d_gojjam,k_abyssinia,e_abyssinia,true,first_barony_in_county_block,867,CK3 00_landed_titles.txt
b_gagnoa,c_lobo,d_kru,k_guinea,e_guinea,true,first_barony_in_county_block,867,CK3 00_landed_titles.txt
b_gagraun,c_sarangpur,d_akara_dasarna,k_malwa,e_rajastan,false,,867,CK3 00_landed_titles.txt
b_gairloch,c_ross,d_moray,k_scotland,e_britannia,false,,867,CK3 00_landed_titles.txt
b_gajor,c_turan,d_makran,k_makran,e_persia,false,,867,CK3 00_landed_titles.txt
b_galaga,c_kagha,d_kagha,k_kanem,e_kanem_bornu,false,,867,CK3 00_landed_titles.txt
b_galam,c_galam,d_silla,k_takrur,e_mali,false,,867,CK3 00_landed_titles.txt
b_galaseatnu,c_julevadno,d_vuovdisamieana,k_sapmi,e_scandinavia,false,,867,CK3 00_landed_titles.txt
b_galashiels,c_lothian,d_lothian,k_scotland,e_britannia,false,,867,CK3 00_landed_titles.txt
b_galati,c_galati,d_moldova,k_moldavia,e_carpathia,true,first_barony_in_county_block,867,CK3 00_landed_titles.txt
b_galatia,c_charsianon,d_charsianon,k_anatolia,e_byzantium,false,,867,CK3 00_landed_titles.txt
b_galich_mersky,c_manturovo,d_nizhny_novgorod,k_opolye,e_russia,false,,867,CK3 00_landed_titles.txt
b_galikan,c_bost,d_sistan,k_makran,e_persia,false,,867,CK3 00_landed_titles.txt
b_galila,c_dembiya,d_gondar,k_abyssinia,e_abyssinia,false,,867,CK3 00_landed_titles.txt
b_galkayo,c_hobyo,d_mogadishu,k_ajuraan,e_azania,false,,867,CK3 00_landed_titles.txt
b_gallarate,c_lombardia,d_lombardia,k_italy,e_italy,false,,867,CK3 00_landed_titles.txt
b_galt,c_tarvagatai,d_arkhangai,k_naimania,e_mongolia,false,,867,CK3 00_landed_titles.txt
b_galtelli,c_gallura,d_sardinia,k_sardinia,e_italy,false,,867,CK3 00_landed_titles.txt
b_galuut_nuur,c_selenga,d_selenga_valley,k_otuken,e_mongolia,false,,867,CK3 00_landed_titles.txt
b_galway,c_connacht,d_connacht,k_ireland,e_britannia,true,first_barony_in_county_block,867,CK3 00_landed_titles.txt
b_gambaru,c_bornu,d_bornu,k_kanem,e_kanem_bornu,false,,867,CK3 00_landed_titles.txt
b_gambo,c_damot,d_damot,k_damot,e_abyssinia,true,first_barony_in_county_block,867,CK3 00_landed_titles.txt
b_gamo,c_gamo,d_kaffa,k_damot,e_abyssinia,true,first_barony_in_county_block,867,CK3 00_landed_titles.txt
b_ganale,c_ganale,d_shabelle,k_bale,e_azania,true,first_barony_in_county_block,867,CK3 00_landed_titles.txt
b_gandzasar,c_khachen,d_greater_armenia,k_armenia,e_byzantium,false,,867,CK3 00_landed_titles.txt
b_ganeboafo,c_afram,d_eweland,k_akan,e_guinea,true,first_barony_in_county_block,867,CK3 00_landed_titles.txt
b_gangadvara,c_katehar,d_vodamayutja,k_delhi,e_rajastan,false,,867,CK3 00_landed_titles.txt
b_gangaikondacolapuram,c_cholamandalam,d_chola_nadu,k_tamilakam,e_deccan,false,,867,CK3 00_landed_titles.txt
b_gangapur,c_ranthambore,d_ajmer,k_rajputana,e_rajastan,false,,867,CK3 00_landed_titles.txt
b_gangasdelnarcea,c_pravia,d_asturias,k_leon,e_spain,false,,867,CK3 00_landed_titles.txt
b_gangca,c_fuqi,d_tuyuhun,k_amdo,e_tibet,false,,867,CK3 00_landed_titles.txt
b_gangnyi,c_amdo,d_amdo,k_amdo,e_tibet,false,,867,CK3 00_landed_titles.txt
b_gangra,c_galatia,d_bucellaria,k_nikaea,e_byzantium,false,,867,CK3 00_landed_titles.txt
b_ganja,c_aran,d_shirvan,k_daylam,e_persia,true,first_barony_in_county_block,867,CK3 00_landed_titles.txt
b_ganjam,c_puri,d_kalinga,k_orissa,e_bengal,false,,867,CK3 00_landed_titles.txt
b_gants_khondii,c_kotera,d_bargujin_tukum,k_buryatia,e_mongolia,false,,867,CK3 00_landed_titles.txt
b_ganz,c_hadya,d_sharka,k_damot,e_abyssinia,false,,867,CK3 00_landed_titles.txt
b_gao,c_gao,d_kawkaw,k_songhay,e_mali,true,first_barony_in_county_block,867,CK3 00_landed_titles.txt
b_gap,c_forcalquier,d_provence,k_burgundy,e_france,false,,867,CK3 00_landed_titles.txt
b_gar,c_gar,d_ngari,k_guge,e_tibet,true,first_barony_in_county_block,867,CK3 00_landed_titles.txt
b_garco,c_garco,d_conyi,k_u,e_tibet,true,first_barony_in_county_block,867,CK3 00_landed_titles.txt
b_garda,c_verona,d_verona,k_italy,e_italy,false,,867,CK3 00_landed_titles.txt
b_gardafuul,c_ras_hafun,d_hafun,k_ajuraan,e_azania,false,,867,CK3 00_landed_titles.txt
b_gardelegen,c_stendal,d_ostfalen,k_saxony,e_germany,false,,867,CK3 00_landed_titles.txt
b_gardiki,c_metzovo,d_epirus,k_epirus,e_byzantium,false,,867,CK3 00_landed_titles.txt
b_gardikia,c_neopatras,d_thessaly,k_thessalonika,e_byzantium,false,,867,CK3 00_landed_titles.txt
b_gardiz,c_ghazna,d_zabulistan,k_kabulistan,e_persia,false,,867,CK3 00_landed_titles.txt
b_gardman,c_khachen,d_greater_armenia,k_armenia,e_byzantium,false,,867,CK3 00_landed_titles.txt
b_garestin,c_zagorje,d_slavonia,k_croatia,e_byzantium,false,,867,CK3 00_landed_titles.txt
b_garh_kundar,c_chanderi,d_akara_dasarna,k_malwa,e_rajastan,false,,867,CK3 00_landed_titles.txt
b_garioch,c_moray,d_moray,k_scotland,e_britannia,false,,867,CK3 00_landed_titles.txt
b_garissa,c_mto_tana,d_bonde_la_ufa,k_zanj,e_azania,true,first_barony_in_county_block,867,CK3 00_landed_titles.txt
b_garkung,c_garkung,d_conyi,k_u,e_tibet,true,first_barony_in_county_block,867,CK3 00_landed_titles.txt
b_garna,c_gutland,d_gotland,k_sweden,e_scandinavia,false,,867,CK3 00_landed_titles.txt
b_garni,c_dvin,d_greater_armenia,k_armenia,e_byzantium,false,,867,CK3 00_landed_titles.txt
b_garoua,c_garoua,d_wandala,k_sao,e_kanem_bornu,true,first_barony_in_county_block,867,CK3 00_landed_titles.txt
b_garsaura,c_cappadocia,d_cappadocia,k_anatolia,e_byzantium,false,,867,CK3 00_landed_titles.txt
b_garu_kime,c_yau,d_bornu,k_kanem,e_kanem_bornu,false,,867,CK3 00_landed_titles.txt
b_garumele,c_garumele,d_bornu,k_kanem,e_kanem_bornu,true,first_barony_in_county_block,867,CK3 00_landed_titles.txt
b_garwolin,c_czerska,d_mazovia,k_poland,e_west_slavia,false,,867,CK3 00_landed_titles.txt
b_garze,c_garze,d_dege,k_kham,e_tibet,true,first_barony_in_county_block,867,CK3 00_landed_titles.txt
b_gasa,c_punakha,d_paro,k_lhomon,e_tibet,false,,867,CK3 00_landed_titles.txt
b_gasga,c_fitri,d_wadai,k_darfur,e_kanem_bornu,false,,867,CK3 00_landed_titles.txt
b_gash,c_showak,d_baqlin,k_blemmyia,e_abyssinia,false,,867,CK3 00_landed_titles.txt
b_gaskeru,c_garumele,d_bornu,k_kanem,e_kanem_bornu,false,,867,CK3 00_landed_titles.txt
b_gatsuurgazar,c_gatsuurgazar,d_lena,k_angara,e_mongolia,true,first_barony_in_county_block,867,CK3 00_landed_titles.txt
b_gauldala,c_gauldala,d_dalir,k_norway,e_scandinavia,true,first_barony_in_county_block,867,CK3 00_landed_titles.txt
b_gaur,c_laksmanavati,d_gauda,k_bengal,e_bengal,false,,867,CK3 00_landed_titles.txt
b_gauraina,c_azysia,d_sebasteia,k_pontus,e_byzantium,false,,867,CK3 00_landed_titles.txt
b_gautamkot,c_jagatipur,d_khasa,k_himalaya,e_rajastan,false,,867,CK3 00_landed_titles.txt
b_gavazi,c_kakheti,d_georgia,k_georgia,e_byzantium,false,,867,CK3 00_landed_titles.txt
b_gavle,c_gastrikland,d_svealand,k_sweden,e_scandinavia,true,first_barony_in_county_block,867,CK3 00_landed_titles.txt
b_gavrilovskoye,c_suzdal,d_opolye,k_opolye,e_russia,false,,867,CK3 00_landed_titles.txt
b_gawilgarh,c_acalapura,d_vidharba,k_maharastra,e_deccan,false,,867,CK3 00_landed_titles.txt
b_gaya,c_gaya,d_magadha,k_bihar,e_bengal,true,first_barony_in_county_block,867,CK3 00_landed_titles.txt
b_gaya2,c_dyamare,d_dendi,k_songhay,e_mali,false,,867,CK3 00_landed_titles.txt
b_gazargamo,c_bornu,d_bornu,k_kanem,e_kanem_bornu,true,first_barony_in_county_block,867,CK3 00_landed_titles.txt
b_gazirat_ibn_umar,c_nasibin,d_diyarrabia,k_jazira,e_persia,false,,867,CK3 00_landed_titles.txt
b_gbagye,c_bauchi,d_kwararafa,k_igbo-benue,e_guinea,false,,867,CK3 00_landed_titles.txt
b_gbajigbo,c_nupe,d_nupe,k_igbo-benue,e_guinea,false,,867,CK3 00_landed_titles.txt
b_gbanshay,c_nuon,d_bassa,k_guinea,e_guinea,false,,867,CK3 00_landed_titles.txt
b_gdansk,c_danzig,d_pomerelia,k_pomerania,e_wendish_empire,true,first_barony_in_county_block,867,CK3 00_landed_titles.txt
b_gdov,c_pskov,d_novgorod,k_novgorod,e_russia,false,,867,CK3 00_landed_titles.txt
b_gebba,c_bassa,d_bassa,k_guinea,e_guinea,false,,867,CK3 00_landed_titles.txt
b_gebeit,c_naqis,d_naqis,k_blemmyia,e_abyssinia,true,first_barony_in_county_block,867,CK3 00_landed_titles.txt
b_geberge,c_waj,d_showa,k_abyssinia,e_abyssinia,false,,867,CK3 00_landed_titles.txt
b_gedang,c_nang,d_yarlung,k_u,e_tibet,false,,867,CK3 00_landed_titles.txt
b_gede,c_malindi,d_mombasa,k_zanj,e_azania,false,,867,CK3 00_landed_titles.txt
b_gegeen,c_khasagt_khairkhan,d_ovorkhangai,k_naimania,e_mongolia,false,,867,CK3 00_landed_titles.txt
b_gegyai,c_gegyai,d_ngari,k_guge,e_tibet,true,first_barony_in_county_block,867,CK3 00_landed_titles.txt
b_geili,c_alodia,d_alwa,k_nubia,e_abyssinia,false,,867,CK3 00_landed_titles.txt
b_geisenhausen,c_geisenhausen,d_bavaria,k_bavaria,e_germany,true,first_barony_in_county_block,867,CK3 00_landed_titles.txt
b_geldern,c_guelders,d_gelre,k_frisia,e_germany,true,first_barony_in_county_block,867,CK3 00_landed_titles.txt
b_gelnhausen,c_klingenberg,d_west_franconia,k_east_francia,e_germany,false,,867,CK3 00_landed_titles.txt
b_geme,c_kokoli,d_futa_jalon,k_mali,e_mali,false,,867,CK3 00_landed_titles.txt
b_gemer,c_gemer,d_nyitra,k_hungary,e_carpathia,true,first_barony_in_county_block,867,CK3 00_landed_titles.txt
b_gemukura,c_kaarta,d_kaniaga,k_ghana,e_mali,false,,867,CK3 00_landed_titles.txt
b_gendebelo,c_gabal,d_dawaro,k_adal,e_abyssinia,false,,867,CK3 00_landed_titles.txt
b_geneva,c_geneva,d_savoie,k_burgundy,e_france,true,first_barony_in_county_block,867,CK3 00_landed_titles.txt
b_genoa,c_genoa,d_genoa,k_italy,e_italy,true,first_barony_in_county_block,867,CK3 00_landed_titles.txt
b_gent,c_brugge,d_flanders,k_france,e_france,false,,867,CK3 00_landed_titles.txt
b_gera,c_vogtland,d_meissen,k_sorbia,e_west_slavia,false,,867,CK3 00_landed_titles.txt
b_gerash,c_lar,d_fars,k_persia,e_persia,false,,867,CK3 00_landed_titles.txt
b_gerdkuh,c_damghan,d_nishapur,k_khorasan,e_persia,false,,867,CK3 00_landed_titles.txt
b_germa,c_germa,d_fezzan,k_sahara,e_maghreb,true,first_barony_in_county_block,867,CK3 00_landed_titles.txt
b_germa_anatolia,c_galatia_salutaris,d_anatolia,k_anatolia,e_byzantium,false,,867,CK3 00_landed_titles.txt
b_geroldseck,c_breisgau,d_alsace,k_east_francia,e_germany,false,,867,CK3 00_landed_titles.txt
b_gerze,c_gerze,d_ngari,k_guge,e_tibet,true,first_barony_in_county_block,867,CK3 00_landed_titles.txt
b_gestro,c_ganale,d_shabelle,k_bale,e_azania,false,,867,CK3 00_landed_titles.txt
b_geteina,c_gezira,d_alwa,k_nubia,e_abyssinia,true,first_barony_in_county_block,867,CK3 00_landed_titles.txt
b_gevaudan,c_gevaudan,d_toulouse,k_aquitaine,e_france,true,first_barony_in_county_block,867,CK3 00_landed_titles.txt
b_ghadames,c_ghadames,d_jerid,k_africa,e_maghreb,true,first_barony_in_county_block,867,CK3 00_landed_titles.txt
b_ghalafiqa,c_zabid,d_sanaa,k_yemen,e_arabia,false,,867,CK3 00_landed_titles.txt
b_ghardaia,c_ghardaia,d_mzab,k_tahert,e_maghreb,true,first_barony_in_county_block,867,CK3 00_landed_titles.txt
b_ghardaman,c_ghardaman,d_khorezm,k_transoxiana,e_turan,true,first_barony_in_county_block,867,CK3 00_landed_titles.txt
b_ghat,c_ghat,d_ghat,k_sahara,e_maghreb,true,first_barony_in_county_block,867,CK3 00_landed_titles.txt
b_ghat_route,c_ghat,d_ghat,k_sahara,e_maghreb,false,,867,CK3 00_landed_titles.txt
b_ghatagaon,c_khijjingakota,d_tosali,k_orissa,e_bengal,false,,867,CK3 00_landed_titles.txt
b_ghazna,c_ghazna,d_zabulistan,k_kabulistan,e_persia,true,first_barony_in_county_block,867,CK3 00_landed_titles.txt
b_ghazwan,c_ziz,d_tafilalt,k_maghreb,e_maghreb,false,,867,CK3 00_landed_titles.txt
b_ghazza,c_ghazza,d_palestine,k_jerusalem,e_arabia,true,first_barony_in_county_block,867,CK3 00_landed_titles.txt
b_ghazzal,c_ghazzal,d_wadai,k_darfur,e_kanem_bornu,true,first_barony_in_county_block,867,CK3 00_landed_titles.txt
b_gher,c_urmiya,d_azerbaijan,k_daylam,e_persia,false,,867,CK3 00_landed_titles.txt
b_ghisi,c_hereti,d_georgia,k_georgia,e_byzantium,false,,867,CK3 00_landed_titles.txt
b_ghiyaru,c_bambuk,d_bambuk,k_mali,e_mali,false,,867,CK3 00_landed_titles.txt
b_ghoraghat,c_pundravardhana,d_varendra,k_bengal,e_bengal,false,,867,CK3 00_landed_titles.txt
b_ghotki,c_vijnot,d_bhakkar,k_sindh,e_rajastan,false,,867,CK3 00_landed_titles.txt
b_ghoubet,c_zaila,d_zaila,k_adal,e_abyssinia,false,,867,CK3 00_landed_titles.txt
b_ghubaysh,c_east_darfur,d_darfur,k_darfur,e_kanem_bornu,false,,867,CK3 00_landed_titles.txt
b_ghuguha_dol,c_kundina,d_sutiya,k_kamarupa,e_bengal,false,,867,CK3 00_landed_titles.txt
b_ghujduvan,c_bukhara,d_soghd,k_transoxiana,e_turan,false,,867,CK3 00_landed_titles.txt
b_ghulja,c_ghulja,d_ili-alatau,k_zhetysu,e_tartaria,true,first_barony_in_county_block,867,CK3 00_landed_titles.txt
b_ghumira,c_ceuta,d_rif,k_maghreb,e_maghreb,false,,867,CK3 00_landed_titles.txt
b_ghur,c_ghur,d_ghur,k_khorasan,e_persia,false,,867,CK3 00_landed_titles.txt
b_gibe_innarya,c_innarya,d_damot,k_damot,e_abyssinia,false,,867,CK3 00_landed_titles.txt
b_gidaya,c_gidaya,d_shabelle,k_bale,e_azania,true,first_barony_in_county_block,867,CK3 00_landed_titles.txt
b_gidaya-east,c_gidaya,d_shabelle,k_bale,e_azania,false,,867,CK3 00_landed_titles.txt
b_gidaya-north,c_gidaya,d_shabelle,k_bale,e_azania,false,,867,CK3 00_landed_titles.txt
b_gidim,c_ifat,d_showa,k_abyssinia,e_abyssinia,false,,867,CK3 00_landed_titles.txt
b_giempa,c_peaccam,d_giemajohka,k_sapmi,e_scandinavia,true,first_barony_in_county_block,867,CK3 00_landed_titles.txt
b_gifhorn,c_dannenberg,d_ostfalen,k_saxony,e_germany,false,,867,CK3 00_landed_titles.txt
b_gijon,c_asturias_de_oviedo,d_asturias,k_leon,e_spain,false,,867,CK3 00_landed_titles.txt
b_gilan,c_gilan,d_daylam,k_daylam,e_persia,false,,867,CK3 00_landed_titles.txt
b_gilgit,c_gilgit,d_pamir,k_kashmir,e_rajastan,true,first_barony_in_county_block,867,CK3 00_landed_titles.txt
b_gillberg,c_nordmark,d_vastergotland,k_sweden,e_scandinavia,false,,867,CK3 00_landed_titles.txt
b_gimhathiththa,c_dakhina_desa,d_dakhina_desa,k_lanka,e_deccan,true,first_barony_in_county_block,867,CK3 00_landed_titles.txt
b_gimhile,c_dahlak,d_dahlaks,k_abyssinia,e_abyssinia,false,,867,CK3 00_landed_titles.txt
b_giragi,c_igbomina,d_oyo,k_yorubaland,e_guinea,false,,867,CK3 00_landed_titles.txt
b_girona,c_girona,d_barcelona,k_aragon,e_spain,true,first_barony_in_county_block,867,CK3 00_landed_titles.txt
b_girvan,c_carrick,d_galloway,k_scotland,e_britannia,false,,867,CK3 00_landed_titles.txt
b_gishe,c_angot,d_lasta,k_abyssinia,e_abyssinia,false,,867,CK3 00_landed_titles.txt
b_gisors,c_rouen,d_normandy,k_france,e_france,false,,867,CK3 00_landed_titles.txt
b_gissebi,c_dirku,d_kawar,k_sahara,e_maghreb,false,,867,CK3 00_landed_titles.txt
b_giti,c_yatenga,d_yatenga,k_gurma,e_mali,true,first_barony_in_county_block,867,CK3 00_landed_titles.txt
b_giurgiu,c_giurgiu,d_muntenia,k_dacia,e_carpathia,true,first_barony_in_county_block,867,CK3 00_landed_titles.txt
b_gizeh,c_giza,d_cairo,k_egypt,e_arabia,true,first_barony_in_county_block,867,CK3 00_landed_titles.txt
b_gizey,c_diamare,d_wandala,k_sao,e_kanem_bornu,false,,867,CK3 00_landed_titles.txt
b_gladbach,c_cleves,d_julich,k_lotharingia,e_germany,false,,867,CK3 00_landed_titles.txt
b_glamoc,c_zavrsje,d_usora,k_croatia,e_byzantium,false,,867,CK3 00_landed_titles.txt
b_glasgow,c_lennox,d_galloway,k_scotland,e_britannia,false,,867,CK3 00_landed_titles.txt
b_glavacioc,c_giurgiu,d_muntenia,k_dacia,e_carpathia,false,,867,CK3 00_landed_titles.txt
b_glaz,c_vrbas,d_lower_bosna,k_croatia,e_byzantium,false,,867,CK3 00_landed_titles.txt
b_glazov,c_glazov,d_udmurtia,k_permia,e_volga-ural,true,first_barony_in_county_block,867,CK3 00_landed_titles.txt
b_gleichen,c_schmalkalden,d_thuringia,k_east_francia,e_germany,false,,867,CK3 00_landed_titles.txt
b_gleichenstein,c_gleichenstein,d_thuringia,k_east_francia,e_germany,true,first_barony_in_county_block,867,CK3 00_landed_titles.txt
b_glencoe,c_argyll,d_western_isles,k_scotland,e_britannia,false,,867,CK3 00_landed_titles.txt
b_glenelg,c_inverness,d_moray,k_scotland,e_britannia,false,,867,CK3 00_landed_titles.txt
b_glenfinnan,c_inverness,d_moray,k_scotland,e_britannia,false,,867,CK3 00_landed_titles.txt
b_glogow,c_legnica,d_lower_silesia,k_poland,e_west_slavia,false,,867,CK3 00_landed_titles.txt
b_glogowek,c_nysa,d_upper_silesia,k_poland,e_west_slavia,false,,867,CK3 00_landed_titles.txt
b_gloucester,c_gloucestershire,d_gloucester,k_england,e_britannia,true,first_barony_in_county_block,867,CK3 00_landed_titles.txt
b_glubocica,c_pomoravlje,d_bulgaria,k_bulgaria,e_byzantium,false,,867,CK3 00_landed_titles.txt
b_glukhov,c_novgorod_seversky,d_chernigov,k_ruthenia,e_russia,false,,867,CK3 00_landed_titles.txt
b_gmund,c_freistadt,d_osterreich,k_bavaria,e_germany,false,,867,CK3 00_landed_titles.txt
b_gnezdovo,c_gnezdovo,d_smolensk,k_white_rus,e_russia,true,first_barony_in_county_block,867,CK3 00_landed_titles.txt
b_gniezno,c_gnieznienska,d_wielkopolska,k_poland,e_west_slavia,true,first_barony_in_county_block,867,CK3 00_landed_titles.txt
b_goalpara,c_goalpara,d_para_lauhitya,k_kamarupa,e_bengal,true,first_barony_in_county_block,867,CK3 00_landed_titles.txt
b_gobi_abakhanar,c_gobi_abakhai,d_gobi_shatuoguo,k_gobi,e_mongolia,false,,867,CK3 00_landed_titles.txt
b_gobi_aibakha,c_gobi_maominggan,d_gobi_shatuoguo,k_gobi,e_mongolia,true,first_barony_in_county_block,867,CK3 00_landed_titles.txt
b_gobi_altan_uul,c_gobi_maominggan,d_gobi_shatuoguo,k_gobi,e_mongolia,false,,867,CK3 00_landed_titles.txt
b_gobi_bayanzag,c_gobi_ulaan_nuur,d_gobi_ongi,k_gobi,e_mongolia,false,,867,CK3 00_landed_titles.txt
b_gobi_burdene_bulag,c_gobi_ulaantatar,d_gobi_dadaels,k_gobi,e_mongolia,false,,867,CK3 00_landed_titles.txt
b_gobi_burgasutai,c_gobi_ulaan_govi,d_gobi_ongi,k_gobi,e_mongolia,false,,867,CK3 00_landed_titles.txt
b_gobi_deed_ongi,c_gobi_ongi_gol,d_gobi_ongi,k_gobi,e_mongolia,true,first_barony_in_county_block,867,CK3 00_landed_titles.txt
b_gobi_dood_ongi,c_gobi_ongi_gol,d_gobi_ongi,k_gobi,e_mongolia,false,,867,CK3 00_landed_titles.txt
b_gobi_durma,c_gobi_abga,d_gobi_shatuoguo,k_gobi,e_mongolia,true,first_barony_in_county_block,867,CK3 00_landed_titles.txt
b_gobi_elsuul,c_gobi_abga,d_gobi_shatuoguo,k_gobi,e_mongolia,false,,867,CK3 00_landed_titles.txt
b_gobi_gashunn,c_gobi_gurvan_saikhan,d_ovorkhangai,k_naimania,e_mongolia,true,first_barony_in_county_block,867,CK3 00_landed_titles.txt
b_gobi_gurvan_saikhan,c_gobi_gurvan_saikhan,d_ovorkhangai,k_naimania,e_mongolia,false,,867,CK3 00_landed_titles.txt
b_gobi_ikh_nart,c_gobi_ulaantatar,d_gobi_dadaels,k_gobi,e_mongolia,false,,867,CK3 00_landed_titles.txt
b_gobi_iren,c_gobi_dorngovi,d_gobi_shatuoguo,k_gobi,e_mongolia,false,,867,CK3 00_landed_titles.txt
b_gobi_khatan_suudal,c_gobi_gurvan_saikhan,d_ovorkhangai,k_naimania,e_mongolia,false,,867,CK3 00_landed_titles.txt
b_gobi_khulugur,c_gobi_ulaantatar,d_gobi_dadaels,k_gobi,e_mongolia,true,first_barony_in_county_block,867,CK3 00_landed_titles.txt
b_gobi_kur_chagan,c_gobi_abakhai,d_gobi_shatuoguo,k_gobi,e_mongolia,true,first_barony_in_county_block,867,CK3 00_landed_titles.txt
b_gobi_liaoli,c_gobi_sonkhot,d_gobi_shatuoguo,k_gobi,e_mongolia,false,,867,CK3 00_landed_titles.txt
b_gobi_miggan,c_gobi_dorngovi,d_gobi_shatuoguo,k_gobi,e_mongolia,true,first_barony_in_county_block,867,CK3 00_landed_titles.txt
b_gobi_ochikhi,c_gobi_ulaan_govi,d_gobi_ongi,k_gobi,e_mongolia,true,first_barony_in_county_block,867,CK3 00_landed_titles.txt
b_gobi_sishajiang,c_gobi_sonkhot,d_gobi_shatuoguo,k_gobi,e_mongolia,true,first_barony_in_county_block,867,CK3 00_landed_titles.txt
b_gobi_ulaan_nuur,c_gobi_ulaan_nuur,d_gobi_ongi,k_gobi,e_mongolia,true,first_barony_in_county_block,867,CK3 00_landed_titles.txt
b_gobir,c_gobir,d_gobir,k_hausaland,e_kanem_bornu,true,first_barony_in_county_block,867,CK3 00_landed_titles.txt
b_gobir-east,c_gobir,d_gobir,k_hausaland,e_kanem_bornu,false,,867,CK3 00_landed_titles.txt
b_gobnangou,c_biun,d_lower_gurma,k_gurma,e_mali,false,,867,CK3 00_landed_titles.txt
b_godawari,c_doti,d_kurmanchal,k_himalaya,e_rajastan,false,,867,CK3 00_landed_titles.txt
b_godawaya,c_rohana,d_ruhunu,k_lanka,e_deccan,false,,867,CK3 00_landed_titles.txt
b_gode,c_gode,d_shabelle,k_bale,e_azania,true,first_barony_in_county_block,867,CK3 00_landed_titles.txt
b_gogesa,c_berbera,d_zaila,k_adal,e_abyssinia,false,,867,CK3 00_landed_titles.txt
b_gograha,c_ilam,d_limbuwan,k_himalaya,e_rajastan,false,,867,CK3 00_landed_titles.txt
b_goinge,c_skane,d_skane,k_denmark,e_scandinavia,false,,867,CK3 00_landed_titles.txt
b_goingyibug,c_kagar,d_ngamring,k_tsang,e_tibet,false,,867,CK3 00_landed_titles.txt
b_gojeb,c_welamo,d_kaffa,k_damot,e_abyssinia,false,,867,CK3 00_landed_titles.txt
b_gojjam,c_gojjam,d_gojjam,k_abyssinia,e_abyssinia,true,first_barony_in_county_block,867,CK3 00_landed_titles.txt
b_golag,c_golag,d_dzayul,k_lhomon,e_tibet,true,first_barony_in_county_block,867,CK3 00_landed_titles.txt
b_golaghmuli,c_golaghmuli,d_pamir,k_kashmir,e_rajastan,true,first_barony_in_county_block,867,CK3 00_landed_titles.txt
b_golden_hills,c_golden_hills,d_don_valley,k_pontic_steppe,e_caspian-pontic_steppe,true,first_barony_in_county_block,867,CK3 00_landed_titles.txt
b_golkonda,c_racakonda,d_racakonda,k_telingana,e_deccan,false,,867,CK3 00_landed_titles.txt
b_gomba,c_tamiso,d_sapi,k_guinea,e_guinea,false,,867,CK3 00_landed_titles.txt
b_gombe,c_fika,d_kagha,k_kanem,e_kanem_bornu,false,,867,CK3 00_landed_titles.txt
b_gomel,c_chernigov,d_chernigov,k_ruthenia,e_russia,false,,867,CK3 00_landed_titles.txt
b_gomma,c_innarya,d_damot,k_damot,e_abyssinia,false,,867,CK3 00_landed_titles.txt
b_gommern,c_magdeburg,d_anhalt,k_east_francia,e_germany,false,,867,CK3 00_landed_titles.txt
b_gomoco,c_gomoco,d_ngari,k_guge,e_tibet,true,first_barony_in_county_block,867,CK3 00_landed_titles.txt
b_gonda,c_ayodhya,d_saryupara,k_kosala,e_rajastan,false,,867,CK3 00_landed_titles.txt
b_gondar,c_dembiya,d_gondar,k_abyssinia,e_abyssinia,true,first_barony_in_county_block,867,CK3 00_landed_titles.txt
b_gondia,c_vairagara,d_vidharba,k_maharastra,e_deccan,false,,867,CK3 00_landed_titles.txt
b_gondishapur,c_tustar,d_khuzestan,k_persia,e_persia,false,,867,CK3 00_landed_titles.txt
b_gongbo,c_gongbo,d_nyingchi,k_kham,e_tibet,true,first_barony_in_county_block,867,CK3 00_landed_titles.txt
b_gonggar,c_nagarze,d_yarlung,k_u,e_tibet,false,,867,CK3 00_landed_titles.txt
b_gonghe,c_aksay,d_aksay,k_amdo,e_tibet,true,first_barony_in_county_block,867,CK3 00_landed_titles.txt
b_gongola,c_fika,d_kagha,k_kanem,e_kanem_bornu,false,,867,CK3 00_landed_titles.txt
b_gopakapattana,c_kanara,d_konkana,k_maharastra,e_deccan,false,,867,CK3 00_landed_titles.txt
b_gopalpur,c_puri,d_kalinga,k_orissa,e_bengal,false,,867,CK3 00_landed_titles.txt
b_gopbhum,c_radha,d_gauda,k_bengal,e_bengal,false,,867,CK3 00_landed_titles.txt
b_goraj,c_lubelska,d_lesser_poland,k_poland,e_west_slavia,false,,867,CK3 00_landed_titles.txt
b_gorakhpur,c_sravasti,d_saryupara,k_kosala,e_rajastan,false,,867,CK3 00_landed_titles.txt
b_gorazde,c_podrinje,d_rashka,k_serbia,e_byzantium,false,,867,CK3 00_landed_titles.txt
b_gordium,c_phrygia,d_opsikion,k_nikaea,e_byzantium,true,first_barony_in_county_block,867,CK3 00_landed_titles.txt
b_gore,c_middlesex,d_bedford,k_england,e_britannia,false,,867,CK3 00_landed_titles.txt
b_gori,c_kartli,d_tao-klarjeti,k_georgia,e_byzantium,false,,867,CK3 00_landed_titles.txt
b_goris,c_suenik,d_greater_armenia,k_armenia,e_byzantium,false,,867,CK3 00_landed_titles.txt
b_goritsa,c_ohrid,d_bulgaria,k_bulgaria,e_byzantium,false,,867,CK3 00_landed_titles.txt
b_gorizia,c_gorz,d_friuli,k_italy,e_italy,true,first_barony_in_county_block,867,CK3 00_landed_titles.txt
b_gorkha,c_kaski,d_khasa,k_himalaya,e_rajastan,false,,867,CK3 00_landed_titles.txt
b_gorkhii_terelj,c_khentii,d_ogrash,k_otuken,e_mongolia,false,,867,CK3 00_landed_titles.txt
b_gorko,c_kulunda,d_kulyndy_steppe,k_ob,e_siberia,false,,867,CK3 00_landed_titles.txt
b_gorkoalei,c_barnaul,d_kulyndy_steppe,k_ob,e_siberia,false,,867,CK3 00_landed_titles.txt
b_gorlitz,c_gorlitz,d_meissen,k_sorbia,e_west_slavia,true,first_barony_in_county_block,867,CK3 00_landed_titles.txt
b_gorodek,c_choklema,d_vologda,k_bjarmaland,e_russia,false,,867,CK3 00_landed_titles.txt
b_gorodets,c_nizhny_novgorod,d_nizhny_novgorod,k_opolye,e_russia,false,,867,CK3 00_landed_titles.txt
b_gorodets-meshchyorsky,c_murom,d_ryazan,k_opolye,e_russia,false,,867,CK3 00_landed_titles.txt
b_goslar,c_gottingen,d_thuringia,k_east_francia,e_germany,true,first_barony_in_county_block,867,CK3 00_landed_titles.txt
b_gostynin,c_gostyninska,d_mazovia,k_poland,e_west_slavia,true,first_barony_in_county_block,867,CK3 00_landed_titles.txt
b_gosudar,c_kantegir,d_western_sayan,k_tuva,e_mongolia,true,first_barony_in_county_block,867,CK3 00_landed_titles.txt
b_gottingen,c_gottingen,d_thuringia,k_east_francia,e_germany,false,,867,CK3 00_landed_titles.txt
b_goundafa,c_bambuk,d_bambuk,k_mali,e_mali,false,,867,CK3 00_landed_titles.txt
b_gouzara,c_begemder,d_gondar,k_abyssinia,e_abyssinia,false,,867,CK3 00_landed_titles.txt
b_govardhan,c_mathura,d_mathura,k_delhi,e_rajastan,false,,867,CK3 00_landed_titles.txt
b_govora,c_polovragi,d_transylvanian_alps,k_dacia,e_carpathia,false,,867,CK3 00_landed_titles.txt
b_gowran,c_ossory,d_leinster,k_ireland,e_britannia,true,first_barony_in_county_block,867,CK3 00_landed_titles.txt
b_goyu,c_golag,d_dzayul,k_lhomon,e_tibet,false,,867,CK3 00_landed_titles.txt
b_goz_beida,c_dar_sila,d_wadai,k_darfur,e_kanem_bornu,true,first_barony_in_county_block,867,CK3 00_landed_titles.txt
b_grabow,c_wielunska,d_kuyavia,k_poland,e_west_slavia,false,,867,CK3 00_landed_titles.txt
b_gradac,c_rashka,d_rashka,k_serbia,e_byzantium,false,,867,CK3 00_landed_titles.txt
b_gradiska,c_vrbas,d_lower_bosna,k_croatia,e_byzantium,false,,867,CK3 00_landed_titles.txt
b_grado,c_aquileia,d_friuli,k_italy,e_italy,false,,867,CK3 00_landed_titles.txt
b_graftavallen,c_jamtfir,d_jamtland,k_norway,e_scandinavia,false,,867,CK3 00_landed_titles.txt
b_gralheira,c_aveiro,d_coimbra,k_portugal,e_spain,false,,867,CK3 00_landed_titles.txt
b_granada,c_granada,d_granada,k_andalusia,e_spain,true,first_barony_in_county_block,867,CK3 00_landed_titles.txt
b_grancanaria,c_canarias,d_canarias,k_maghreb,e_maghreb,false,,867,CK3 00_landed_titles.txt
b_grand,c_langres,d_burgundy,k_france,e_france,false,,867,CK3 00_landed_titles.txt
b_grandmont,c_la_marche,d_bourbon,k_aquitaine,e_france,true,first_barony_in_county_block,867,CK3 00_landed_titles.txt
b_grandpre,c_rethel,d_champagne,k_france,e_france,false,,867,CK3 00_landed_titles.txt
b_granuul,c_uul_chors,d_shoria,k_khakassia,e_mongolia,false,,867,CK3 00_landed_titles.txt
b_grasse,c_nice,d_provence,k_burgundy,e_france,false,,867,CK3 00_landed_titles.txt
b_graudenz,c_malbork,d_prussia,k_lithuania,e_wendish_empire,false,,867,CK3 00_landed_titles.txt
b_grava,c_epeiros,d_epirus,k_epirus,e_byzantium,false,,867,CK3 00_landed_titles.txt
b_gray,c_dijon,d_burgundy,k_france,e_france,false,,867,CK3 00_landed_titles.txt
b_graz,c_graz,d_steyermark,k_bavaria,e_germany,true,first_barony_in_county_block,867,CK3 00_landed_titles.txt
b_greben,c_donjikraji,d_bosna,k_croatia,e_byzantium,false,,867,CK3 00_landed_titles.txt
b_grebo,c_grebo,d_wenyon,k_guinea,e_guinea,false,,867,CK3 00_landed_titles.txt
b_grebo2,c_kinda,d_ostergotland,k_sweden,e_scandinavia,false,,867,CK3 00_landed_titles.txt
b_greiffenst,c_bamberg,d_east_franconia,k_east_francia,e_germany,false,,867,CK3 00_landed_titles.txt
b_grenoble,c_viennois,d_dauphine,k_burgundy,e_france,true,first_barony_in_county_block,867,CK3 00_landed_titles.txt
b_grevelines,c_guines,d_flanders,k_france,e_france,false,,867,CK3 00_landed_titles.txt
b_grevena,c_thessaliotis,d_thessaly,k_thessalonika,e_byzantium,false,,867,CK3 00_landed_titles.txt
b_griefswald,c_wolgast,d_nordmark,k_pomerania,e_wendish_empire,false,,867,CK3 00_landed_titles.txt
b_grimsby,c_lincolnshire,d_york,k_england,e_britannia,false,,867,CK3 00_landed_titles.txt
b_grnetti,c_meroe,d_makuria,k_nubia,e_abyssinia,true,first_barony_in_county_block,867,CK3 00_landed_titles.txt
b_grobin,c_grobin,d_courland,k_lithuania,e_wendish_empire,true,first_barony_in_county_block,867,CK3 00_landed_titles.txt
b_grodno,c_grodno,d_grodno,k_white_rus,e_russia,true,first_barony_in_county_block,867,CK3 00_landed_titles.txt
b_grong,c_namdalfylki,d_halogaland,k_norway,e_scandinavia,false,,867,CK3 00_landed_titles.txt
b_groningen,c_groningen,d_utrecht,k_frisia,e_germany,true,first_barony_in_county_block,867,CK3 00_landed_titles.txt
b_grossenhain,c_meissen,d_meissen,k_sorbia,e_west_slavia,false,,867,CK3 00_landed_titles.txt
b_grosseto,c_orbetello,d_toscana,k_italy,e_italy,false,,867,CK3 00_landed_titles.txt
b_grunberg,c_grunberg,d_lower_silesia,k_poland,e_west_slavia,true,first_barony_in_county_block,867,CK3 00_landed_titles.txt
b_grundasund,c_angermanland,d_norrland,k_sweden,e_scandinavia,false,,867,CK3 00_landed_titles.txt
b_grunningen,c_grunningen,d_swabia,k_east_francia,e_germany,true,first_barony_in_county_block,867,CK3 00_landed_titles.txt
b_gryazovets,c_vologda,d_vologda,k_bjarmaland,e_russia,false,,867,CK3 00_landed_titles.txt
b_gryfino,c_stettin,d_pommerania,k_pomerania,e_wendish_empire,false,,867,CK3 00_landed_titles.txt
b_guadiato,c_cordoba,d_cordoba,k_andalusia,e_spain,false,,867,CK3 00_landed_titles.txt
b_guadiz,c_granada,d_granada,k_andalusia,e_spain,false,,867,CK3 00_landed_titles.txt
b_guardo,c_leon,d_leon,k_leon,e_spain,false,,867,CK3 00_landed_titles.txt
b_guastalla,c_mantua,d_emilia,k_italy,e_italy,false,,867,CK3 00_landed_titles.txt
b_gubbio,c_ancona,d_ancona,k_romagna,e_italy,false,,867,CK3 00_landed_titles.txt
b_gubin,c_grunberg,d_lower_silesia,k_poland,e_west_slavia,false,,867,CK3 00_landed_titles.txt
b_guchin_us,c_tovkhon,d_ovorkhangai,k_naimania,e_mongolia,false,,867,CK3 00_landed_titles.txt
b_gudakva,c_odishi,d_abkhazia,k_georgia,e_byzantium,false,,867,CK3 00_landed_titles.txt
b_gudalajara,c_madrid,d_toledo,k_andalusia,e_spain,false,,867,CK3 00_landed_titles.txt
b_guerande,c_nantes,d_brittany,k_brittany,e_france,false,,867,CK3 00_landed_titles.txt
b_gueret,c_la_marche,d_bourbon,k_aquitaine,e_france,false,,867,CK3 00_landed_titles.txt
b_guerze,c_nuon,d_bassa,k_guinea,e_guinea,false,,867,CK3 00_landed_titles.txt
b_guidimaka,c_guidimaka,d_diafunu,k_ghana,e_mali,true,first_barony_in_county_block,867,CK3 00_landed_titles.txt
b_guildford,c_surrey,d_canterbury,k_england,e_britannia,false,,867,CK3 00_landed_titles.txt
b_guilongu,c_wagadugu,d_wagadugu,k_gur,e_guinea,false,,867,CK3 00_landed_titles.txt
b_guimaraes,c_porto,d_porto,k_portugal,e_spain,false,,867,CK3 00_landed_titles.txt
b_guinala,c_geba,d_kasa,k_kaabu,e_mali,false,,867,CK3 00_landed_titles.txt
b_gulariya,c_dang,d_khasa,k_himalaya,e_rajastan,false,,867,CK3 00_landed_titles.txt
b_gulbarga,c_kalyani,d_kalyani,k_karnata,e_deccan,false,,867,CK3 00_landed_titles.txt
b_gulbene,c_aluksne,d_latgalians,k_lithuania,e_wendish_empire,false,,867,CK3 00_landed_titles.txt
b_gulmi,c_lumbini,d_khasa,k_himalaya,e_rajastan,false,,867,CK3 00_landed_titles.txt
b_gulpaygan,c_isfahan,d_isfahan,k_persia,e_persia,false,,867,CK3 00_landed_titles.txt
b_gultari,c_skardu,d_baltiyul,k_maryul,e_tibet,false,,867,CK3 00_landed_titles.txt
b_gulyus,c_tartas_SIB,d_vasyugan_mire,k_ob,e_siberia,false,,867,CK3 00_landed_titles.txt
b_guma,c_karghalik,d_khotan,k_khotan,e_turan,false,,867,CK3 00_landed_titles.txt
b_gumbu,c_awkar,d_wagadu,k_ghana,e_mali,false,,867,CK3 00_landed_titles.txt
b_gummi,c_kebbi,d_kebbi,k_hausaland,e_kanem_bornu,false,,867,CK3 00_landed_titles.txt
b_gumuz_north,c_gumuz,d_sennar,k_nubia,e_abyssinia,true,first_barony_in_county_block,867,CK3 00_landed_titles.txt
b_gumuz_south,c_gumuz,d_sennar,k_nubia,e_abyssinia,false,,867,CK3 00_landed_titles.txt
b_gumuz_west,c_gumuz,d_sennar,k_nubia,e_abyssinia,false,,867,CK3 00_landed_titles.txt
b_guna,c_candhoba,d_akara_dasarna,k_malwa,e_rajastan,false,,867,CK3 00_landed_titles.txt
b_gundijan,c_mandestan,d_fars,k_persia,e_persia,false,,867,CK3 00_landed_titles.txt
b_guoddemjavvr,c_jovvkuj,d_guoldat,k_sapmi,e_scandinavia,true,first_barony_in_county_block,867,CK3 00_landed_titles.txt
b_guovdageaidnu,c_aviovara,d_duortnoseatnu,k_sapmi,e_scandinavia,false,,867,CK3 00_landed_titles.txt
b_gurage,c_damot,d_damot,k_damot,e_abyssinia,false,,867,CK3 00_landed_titles.txt
b_gurgan,c_gurgan,d_gurgan,k_daylam,e_persia,true,first_barony_in_county_block,867,CK3 00_landed_titles.txt
b_gurganj,c_gurganj,d_khorezm,k_transoxiana,e_turan,true,first_barony_in_county_block,867,CK3 00_landed_titles.txt
b_gurgi,c_gurgi,d_jejakabhukti,k_kosala,e_rajastan,true,first_barony_in_county_block,867,CK3 00_landed_titles.txt
b_gurjaratra,c_gurjaratra,d_lahore,k_punjab,e_rajastan,true,first_barony_in_county_block,867,CK3 00_landed_titles.txt
b_gurma-rharous,c_upper_gurma,d_upper_gurma,k_gurma,e_mali,true,first_barony_in_county_block,867,CK3 00_landed_titles.txt
b_gurma-west,c_gurma,d_lower_gurma,k_gurma,e_mali,false,,867,CK3 00_landed_titles.txt
b_gursi,c_yatenga,d_yatenga,k_gurma,e_mali,false,,867,CK3 00_landed_titles.txt
b_gurunsi,c_po,d_wagadugu,k_gur,e_guinea,false,,867,CK3 00_landed_titles.txt
b_gurzivan,c_guzgan,d_merv,k_khorasan,e_persia,false,,867,CK3 00_landed_titles.txt
b_gusau,c_zaria,d_katsina,k_hausaland,e_kanem_bornu,false,,867,CK3 00_landed_titles.txt
b_gustrow,c_rostock,d_nordmark,k_pomerania,e_wendish_empire,false,,867,CK3 00_landed_titles.txt
b_gutti,c_gutti,d_nulambavadi,k_karnata,e_deccan,true,first_barony_in_county_block,867,CK3 00_landed_titles.txt
b_guwari,c_guwari,d_nupe,k_igbo-benue,e_guinea,true,first_barony_in_county_block,867,CK3 00_landed_titles.txt
b_guzkol,c_guzkol,d_alakol,k_zhetysu,e_tartaria,true,first_barony_in_county_block,867,CK3 00_landed_titles.txt
b_gwalior,c_gwalior,d_ajmer,k_rajputana,e_rajastan,true,first_barony_in_county_block,867,CK3 00_landed_titles.txt
b_gy,c_besancon,d_upper_burgundy,k_burgundy,e_france,false,,867,CK3 00_landed_titles.txt
b_gyaca,c_gyaca,d_yarlung,k_u,e_tibet,true,first_barony_in_county_block,867,CK3 00_landed_titles.txt
b_gyagog,c_nyima,d_nyima,k_tsang,e_tibet,false,,867,CK3 00_landed_titles.txt
b_gyaijepozhangge,c_zhidoi,d_zadoi,k_amdo,e_tibet,true,first_barony_in_county_block,867,CK3 00_landed_titles.txt
b_gyaitang,c_gyaitang,d_batang,k_kham,e_tibet,true,first_barony_in_county_block,867,CK3 00_landed_titles.txt
b_gyama,c_gyama,d_lhasa,k_u,e_tibet,true,first_barony_in_county_block,867,CK3 00_landed_titles.txt
b_gyangze,c_gyangze,d_xigaze,k_tsang,e_tibet,true,first_barony_in_county_block,867,CK3 00_landed_titles.txt
b_gyegumdo,c_gyegumdo,d_nangqen,k_kham,e_tibet,true,first_barony_in_county_block,867,CK3 00_landed_titles.txt
b_gyergyoszentmiklos,c_szekelyfold,d_transylvania,k_hungary,e_carpathia,false,,867,CK3 00_landed_titles.txt
b_gyesarco,c_coqen,d_purang,k_guge,e_tibet,false,,867,CK3 00_landed_titles.txt
b_gyezil,c_lhagang,d_chakla,k_gyalrong,e_tibet,false,,867,CK3 00_landed_titles.txt
b_gyimini,c_kong,d_kong,k_kong,e_guinea,false,,867,CK3 00_landed_titles.txt
b_gyirong,c_gyirong,d_sagya,k_tsang,e_tibet,false,,867,CK3 00_landed_titles.txt
b_gynaikokastron,c_thessalonika,d_thessalonika,k_thessalonika,e_byzantium,false,,867,CK3 00_landed_titles.txt
b_gyongospata,c_hewes,d_visegrad,k_hungary,e_carpathia,false,,867,CK3 00_landed_titles.txt
b_gyor,c_gyor,d_gyor,k_hungary,e_carpathia,true,first_barony_in_county_block,867,CK3 00_landed_titles.txt
b_gyozeg,c_bihar,d_bihar,k_hungary,e_carpathia,false,,867,CK3 00_landed_titles.txt
b_gyumai,c_baima,d_golog,k_gyalrong,e_tibet,false,,867,CK3 00_landed_titles.txt
b_haarlem,c_westfriesland,d_holland,k_frisia,e_germany,true,first_barony_in_county_block,867,CK3 00_landed_titles.txt
b_habiganj,c_srihatta,d_para_lauhitya,k_kamarupa,e_bengal,false,,867,CK3 00_landed_titles.txt
b_hadamakert,c_vaspurakan,d_vaspurakan,k_armenia,e_byzantium,false,,867,CK3 00_landed_titles.txt
b_haddington,c_lothian,d_lothian,k_scotland,e_britannia,false,,867,CK3 00_landed_titles.txt
b_hadejia,c_kano,d_kano,k_hausaland,e_kanem_bornu,false,,867,CK3 00_landed_titles.txt
b_hadithat-ana,c_hadithat-ana,d_euphrates,k_jazira,e_persia,true,first_barony_in_county_block,867,CK3 00_landed_titles.txt
b_hadrianeia,c_hadrianeia,d_thracesia,k_nikaea,e_byzantium,true,first_barony_in_county_block,867,CK3 00_landed_titles.txt
b_hadrianoi,c_mysia,d_opsikion,k_nikaea,e_byzantium,false,,867,CK3 00_landed_titles.txt
b_hadrianopolis,c_hadrianopolis,d_bucellaria,k_nikaea,e_byzantium,true,first_barony_in_county_block,867,CK3 00_landed_titles.txt
b_hadya,c_hadya,d_sharka,k_damot,e_abyssinia,true,first_barony_in_county_block,867,CK3 00_landed_titles.txt
b_haeyan,c_gerqen,d_tuyuhun,k_amdo,e_tibet,false,,867,CK3 00_landed_titles.txt
b_hafar,c_samman,d_bahrain,k_arabia,e_arabia,false,,867,CK3 00_landed_titles.txt
b_hafit,c_az-dhahira,d_oman,k_arabia,e_arabia,true,first_barony_in_county_block,867,CK3 00_landed_titles.txt
b_hafn,c_sjaelland,d_sjaelland,k_denmark,e_scandinavia,false,,867,CK3 00_landed_titles.txt
b_hafra,c_medelpad,d_norrland,k_sweden,e_scandinavia,false,,867,CK3 00_landed_titles.txt
b_hagen,c_mark,d_lower_lorraine,k_lotharingia,e_germany,false,,867,CK3 00_landed_titles.txt
b_haguenau,c_strassburg,d_alsace,k_east_francia,e_germany,false,,867,CK3 00_landed_titles.txt
b_hail,c_hail,d_najd,k_arabia,e_arabia,true,first_barony_in_county_block,867,CK3 00_landed_titles.txt
b_haimur,c_allaqi,d_naqis,k_blemmyia,e_abyssinia,false,,867,CK3 00_landed_titles.txt
b_haisyn,c_korsun,d_kiev,k_ruthenia,e_russia,false,,867,CK3 00_landed_titles.txt
b_hajipur,c_mithila,d_tirabhukti,k_bihar,e_bengal,false,,867,CK3 00_landed_titles.txt
b_hajir,c_sharaf,d_najd,k_arabia,e_arabia,false,,867,CK3 00_landed_titles.txt
b_hakkari,c_hakkari,d_diyarbakr,k_jazira,e_persia,true,first_barony_in_county_block,867,CK3 00_landed_titles.txt
b_halab,c_aleppo,d_aleppo,k_syria,e_arabia,true,first_barony_in_county_block,867,CK3 00_landed_titles.txt
b_halavand,c_wakhsh,d_khuttal,k_transoxiana,e_turan,true,first_barony_in_county_block,867,CK3 00_landed_titles.txt
b_halberstadt,c_halberstadt,d_anhalt,k_east_francia,e_germany,true,first_barony_in_county_block,867,CK3 00_landed_titles.txt
b_haldi,c_khaplu,d_baltiyul,k_maryul,e_tibet,false,,867,CK3 00_landed_titles.txt
b_haldi2,c_jaunpur,d_kasi,k_bihar,e_bengal,false,,867,CK3 00_landed_titles.txt
b_hali,c_tihama,d_mecca,k_arabia,e_arabia,false,,867,CK3 00_landed_titles.txt
b_halifax,c_west_riding,d_york,k_england,e_britannia,false,,867,CK3 00_landed_titles.txt
b_halikarnassos,c_ionia,d_ephese,k_nikaea,e_byzantium,false,,867,CK3 00_landed_titles.txt
b_hall,c_hohenlohe,d_east_franconia,k_east_francia,e_germany,false,,867,CK3 00_landed_titles.txt
b_halle,c_mersenburg,d_anhalt,k_east_francia,e_germany,false,,867,CK3 00_landed_titles.txt
b_hallein,c_salzburg,d_salzburg,k_bavaria,e_germany,false,,867,CK3 00_landed_titles.txt
b_hallstatt,c_hallstatt,d_salzburg,k_bavaria,e_germany,true,first_barony_in_county_block,867,CK3 00_landed_titles.txt
b_halmstad,c_halland,d_skane,k_denmark,e_scandinavia,true,first_barony_in_county_block,867,CK3 00_landed_titles.txt
b_halmyros,c_demetrias,d_thessaly,k_thessalonika,e_byzantium,false,,867,CK3 00_landed_titles.txt
b_halvad,c_dhamalpur,d_anartta,k_gujarat,e_rajastan,false,,867,CK3 00_landed_titles.txt
b_halych,c_halych,d_halych,k_galicia-volhynia,e_west_slavia,true,first_barony_in_county_block,867,CK3 00_landed_titles.txt
b_hama,c_hama,d_homs,k_syria,e_arabia,true,first_barony_in_county_block,867,CK3 00_landed_titles.txt
b_hamadan,c_hamadan,d_hamadan,k_persia,e_persia,true,first_barony_in_county_block,867,CK3 00_landed_titles.txt
b_hamadat_tinghert,c_tamentit,d_touat,k_anbiya,e_maghreb,false,,867,CK3 00_landed_titles.txt
b_hamarkinda,c_ostergotland,d_ostergotland,k_sweden,e_scandinavia,false,,867,CK3 00_landed_titles.txt
b_hamasen,c_serae,d_aksum,k_abyssinia,e_abyssinia,false,,867,CK3 00_landed_titles.txt
b_hamburg,c_hamburg,d_ostfalen,k_saxony,e_germany,true,first_barony_in_county_block,867,CK3 00_landed_titles.txt
b_hameenlinna,c_tavasts,d_finland,k_finland,e_scandinavia,true,first_barony_in_county_block,867,CK3 00_landed_titles.txt
b_hami,c_chamil,d_kara_khoja,k_dzungaria,e_tartaria,true,first_barony_in_county_block,867,CK3 00_landed_titles.txt
b_hamma,c_qashtiliya,d_jerid,k_africa,e_maghreb,false,,867,CK3 00_landed_titles.txt
b_hammelburg,c_wurzburg,d_east_franconia,k_east_francia,e_germany,false,,867,CK3 00_landed_titles.txt
b_hammerstein,c_miastko,d_pomerelia,k_pomerania,e_wendish_empire,true,first_barony_in_county_block,867,CK3 00_landed_titles.txt
b_hanan,c_gode,d_shabelle,k_bale,e_azania,false,,867,CK3 00_landed_titles.txt
b_hanau,c_frankfurt,d_west_franconia,k_east_francia,e_germany,false,,867,CK3 00_landed_titles.txt
b_hanbalik,c_saratov,d_chuvashia,k_mordvinia,e_volga-ural,false,,867,CK3 00_landed_titles.txt
b_handia,c_chauragarh,d_dahala,k_gondwana,e_bengal,false,,867,CK3 00_landed_titles.txt
b_hangal,c_vaijayanti,d_raichur_doab,k_karnata,e_deccan,false,,867,CK3 00_landed_titles.txt
b_hangu,c_bannu,d_gandhara,k_punjab,e_rajastan,false,,867,CK3 00_landed_titles.txt
b_hanhai,c_karabalgasun,d_orkhon,k_otuken,e_mongolia,false,,867,CK3 00_landed_titles.txt
b_hani,c_bakriya,d_diyarbakr,k_jazira,e_persia,true,first_barony_in_county_block,867,CK3 00_landed_titles.txt
b_hanle,c_demchok,d_ladakh,k_maryul,e_tibet,false,,867,CK3 00_landed_titles.txt
b_hannover,c_hannover,d_angria,k_saxony,e_germany,true,first_barony_in_county_block,867,CK3 00_landed_titles.txt
b_hapsal,c_wiek,d_esthonia,k_esthonia,e_wendish_empire,true,first_barony_in_county_block,867,CK3 00_landed_titles.txt
b_hapur,c_hastinapura,d_kuru,k_delhi,e_rajastan,false,,867,CK3 00_landed_titles.txt
b_harad,c_tihamat-al-yamani,d_sanaa,k_yemen,e_arabia,false,,867,CK3 00_landed_titles.txt
b_haradok,c_vitebsk,d_polotsk,k_white_rus,e_russia,false,,867,CK3 00_landed_titles.txt
b_harar,c_harar,d_adal,k_adal,e_abyssinia,true,first_barony_in_county_block,867,CK3 00_landed_titles.txt
b_harcourt,c_rouen,d_normandy,k_france,e_france,false,,867,CK3 00_landed_titles.txt
b_hardanger,c_hordalandi,d_vestlandi,k_norway,e_scandinavia,false,,867,CK3 00_landed_titles.txt
b_harderwijk,c_arnhem,d_gelre,k_frisia,e_germany,false,,867,CK3 00_landed_titles.txt
b_hardoi,c_lakhnau,d_kanyakubja,k_kosala,e_rajastan,false,,867,CK3 00_landed_titles.txt
b_hargaya,c_hargaya,d_adal,k_adal,e_abyssinia,true,first_barony_in_county_block,867,CK3 00_landed_titles.txt
b_hargaya-south,c_hargaya,d_adal,k_adal,e_abyssinia,false,,867,CK3 00_landed_titles.txt
b_hargaya-west,c_hargaya,d_adal,k_adal,e_abyssinia,false,,867,CK3 00_landed_titles.txt
b_hargeisa,c_fafan,d_adal,k_adal,e_abyssinia,false,,867,CK3 00_landed_titles.txt
b_harjumaa,c_reval,d_esthonia,k_esthonia,e_wendish_empire,false,,867,CK3 00_landed_titles.txt
b_harlau,c_dorohoi,d_bukovina,k_moldavia,e_carpathia,false,,867,CK3 00_landed_titles.txt
b_harlingen,c_frisia,d_frisia,k_frisia,e_germany,false,,867,CK3 00_landed_titles.txt
b_harran,c_harran,d_diyarmudar,k_jazira,e_persia,true,first_barony_in_county_block,867,CK3 00_landed_titles.txt
b_harshnath,c_vairata,d_ajmer,k_rajputana,e_rajastan,true,first_barony_in_county_block,867,CK3 00_landed_titles.txt
b_harszoc,c_hunyad,d_transylvania,k_hungary,e_carpathia,false,,867,CK3 00_landed_titles.txt
b_hartlepool,c_durham,d_northumberland,k_england,e_britannia,false,,867,CK3 00_landed_titles.txt
b_haruppeswara,c_haruppeswara,d_sutiya,k_kamarupa,e_bengal,true,first_barony_in_county_block,867,CK3 00_landed_titles.txt
b_hasik,c_dhofar,d_mahra,k_yemen,e_arabia,false,,867,CK3 00_landed_titles.txt
b_haskovo,c_beroe,d_philippopolis,k_bulgaria,e_byzantium,false,,867,CK3 00_landed_titles.txt
b_hastikundi,c_taradavadi,d_rattapadi,k_maharastra,e_deccan,false,,867,CK3 00_landed_titles.txt
b_hastinapura,c_hastinapura,d_kuru,k_delhi,e_rajastan,true,first_barony_in_county_block,867,CK3 00_landed_titles.txt
b_hastings,c_sussex,d_canterbury,k_england,e_britannia,false,,867,CK3 00_landed_titles.txt
b_haugelandi,c_rogalandi,d_vestlandi,k_norway,e_scandinavia,false,,867,CK3 00_landed_titles.txt
b_haugsdorf,c_krems,d_osterreich,k_bavaria,e_germany,false,,867,CK3 00_landed_titles.txt
b_havelberg,c_havelberg,d_ostmark,k_pomerania,e_wendish_empire,true,first_barony_in_county_block,867,CK3 00_landed_titles.txt
b_hawai,c_tezu,d_dzayul,k_lhomon,e_tibet,false,,867,CK3 00_landed_titles.txt
b_hayange,c_briey,d_bar,k_lotharingia,e_germany,false,,867,CK3 00_landed_titles.txt
b_haylan,c_mait,d_sanaag,k_adal,e_abyssinia,false,,867,CK3 00_landed_titles.txt
b_hayq,c_hayq,d_lasta,k_abyssinia,e_abyssinia,true,first_barony_in_county_block,867,CK3 00_landed_titles.txt
b_hazarasp,c_khiva,d_khorezm,k_transoxiana,e_turan,false,,867,CK3 00_landed_titles.txt
b_hazrat_pandua,c_laksmanavati,d_gauda,k_bengal,e_bengal,false,,867,CK3 00_landed_titles.txt
b_hebron,c_jerusalem,d_palestine,k_jerusalem,e_arabia,false,,867,CK3 00_landed_titles.txt
b_hedanger,c_medelpad,d_norrland,k_sweden,e_scandinavia,false,,867,CK3 00_landed_titles.txt
b_heddall,c_telemark,d_viken,k_norway,e_scandinavia,false,,867,CK3 00_landed_titles.txt
b_hedeby,c_slesvig,d_slesvig,k_denmark,e_scandinavia,true,first_barony_in_county_block,867,CK3 00_landed_titles.txt
b_hedmork,c_hedmork,d_dalir,k_norway,e_scandinavia,true,first_barony_in_county_block,867,CK3 00_landed_titles.txt
b_hei,c_isawa,d_hitakami,k_hitakami,e_amur,false,,867,CK3 00_landed_titles.txt
b_heiane,c_agdeside,d_agder,k_norway,e_scandinavia,false,,867,CK3 00_landed_titles.txt
b_heidelberg,c_speyer,d_west_franconia,k_east_francia,e_germany,false,,867,CK3 00_landed_titles.txt
b_heilbronn,c_vaihingen,d_west_franconia,k_east_francia,e_germany,false,,867,CK3 00_landed_titles.txt
b_heiligenberg,c_grunningen,d_swabia,k_east_francia,e_germany,false,,867,CK3 00_landed_titles.txt
b_helfenstein,c_ulm,d_swabia,k_east_francia,e_germany,false,,867,CK3 00_landed_titles.txt
b_helge,c_prusa,d_opsikion,k_nikaea,e_byzantium,false,,867,CK3 00_landed_titles.txt
b_helgum,c_helgum,d_jamtland,k_norway,e_scandinavia,true,first_barony_in_county_block,867,CK3 00_landed_titles.txt
b_hellenenstein,c_ulm,d_swabia,k_east_francia,e_germany,false,,867,CK3 00_landed_titles.txt
b_helsingborg,c_skane,d_skane,k_denmark,e_scandinavia,false,,867,CK3 00_landed_titles.txt
b_helsingora,c_sjaelland,d_sjaelland,k_denmark,e_scandinavia,false,,867,CK3 00_landed_titles.txt
b_helston,c_cornwall,d_cornwall,k_england,e_britannia,false,,867,CK3 00_landed_titles.txt
b_hemavati,c_parivi,d_nulambavadi,k_karnata,e_deccan,false,,867,CK3 00_landed_titles.txt
b_henamorum,c_dalabergslagen,d_bergslagen,k_sweden,e_scandinavia,false,,867,CK3 00_landed_titles.txt
b_henneberg,c_wiltberg,d_east_franconia,k_east_francia,e_germany,false,,867,CK3 00_landed_titles.txt
b_herakleia,c_honorias,d_bucellaria,k_nikaea,e_byzantium,true,first_barony_in_county_block,867,CK3 00_landed_titles.txt
b_herakleiaperinthos,c_brysis,d_thrace,k_thessalonika,e_byzantium,false,,867,CK3 00_landed_titles.txt
b_herat,c_herat,d_herat,k_khorasan,e_persia,true,first_barony_in_county_block,867,CK3 00_landed_titles.txt
b_hereford,c_hereford,d_powys,k_wales,e_britannia,true,first_barony_in_county_block,867,CK3 00_landed_titles.txt
b_herombial,c_dimapur,d_para_lauhitya,k_kamarupa,e_bengal,false,,867,CK3 00_landed_titles.txt
b_herpha,c_kaisereia,d_charsianon,k_anatolia,e_byzantium,false,,867,CK3 00_landed_titles.txt
b_herry,c_sancerre,d_orleans,k_france,e_france,false,,867,CK3 00_landed_titles.txt
b_hersfeld,c_fulda,d_hesse,k_east_francia,e_germany,false,,867,CK3 00_landed_titles.txt
b_hertford,c_hertfordshire,d_bedford,k_england,e_britannia,false,,867,CK3 00_landed_titles.txt
b_hervas,c_plasencia,d_badajoz,k_badajoz,e_spain,true,first_barony_in_county_block,867,CK3 00_landed_titles.txt
b_hesare-taq,c_farava,d_nasa,k_khorasan,e_persia,false,,867,CK3 00_landed_titles.txt
b_hesdin,c_boulogne,d_flanders,k_france,e_france,false,,867,CK3 00_landed_titles.txt
b_hetauda,c_kathmandu,d_nepal,k_himalaya,e_rajastan,false,,867,CK3 00_landed_titles.txt
b_hewes,c_hewes,d_visegrad,k_hungary,e_carpathia,true,first_barony_in_county_block,867,CK3 00_landed_titles.txt
b_hexham,c_northumberland,d_northumberland,k_england,e_britannia,false,,867,CK3 00_landed_titles.txt
b_hifair,c_basra,d_basra,k_mesopotamia,e_persia,false,,867,CK3 00_landed_titles.txt
b_hiiumaa,c_osel,d_esthonia,k_esthonia,e_wendish_empire,false,,867,CK3 00_landed_titles.txt
b_hildesheim,c_hildesheim,d_angria,k_saxony,e_germany,true,first_barony_in_county_block,867,CK3 00_landed_titles.txt
b_hileila,c_el_fasher,d_darfur,k_darfur,e_kanem_bornu,false,,867,CK3 00_landed_titles.txt
b_himara,c_avlonas,d_dyrrachion,k_epirus,e_byzantium,false,,867,CK3 00_landed_titles.txt
b_hims,c_homs,d_homs,k_syria,e_arabia,true,first_barony_in_county_block,867,CK3 00_landed_titles.txt
b_hinawr,c_kanara,d_konkana,k_maharastra,e_deccan,true,first_barony_in_county_block,867,CK3 00_landed_titles.txt
b_hiraab,c_hiraab,d_mogadishu,k_ajuraan,e_azania,true,first_barony_in_county_block,867,CK3 00_landed_titles.txt
b_hirschberg,c_eichstadt,d_nordgau,k_bavaria,e_germany,false,,867,CK3 00_landed_titles.txt
b_hiskampis,c_arbanon,d_dyrrachion,k_epirus,e_byzantium,false,,867,CK3 00_landed_titles.txt
b_hisn_al-abr,c_wabar,d_jawf-al-yamani,k_yemen,e_arabia,false,,867,CK3 00_landed_titles.txt
b_hisn_al-mashuq,c_samarra,d_samarra,k_mesopotamia,e_persia,false,,867,CK3 00_landed_titles.txt
b_hisn_di-l-qarnain,c_bakriya,d_diyarbakr,k_jazira,e_persia,false,,867,CK3 00_landed_titles.txt
b_hisn_kaifa,c_tall_basma,d_diyarbakr,k_jazira,e_persia,false,,867,CK3 00_landed_titles.txt
b_hisn_lawata,c_tahert,d_tahert,k_tahert,e_maghreb,false,,867,CK3 00_landed_titles.txt
b_hit,c_karbala,d_baghdad,k_mesopotamia,e_persia,false,,867,CK3 00_landed_titles.txt
b_hitrar,c_trandheim,d_trandalog,k_norway,e_scandinavia,false,,867,CK3 00_landed_titles.txt
b_hlivno,c_zavrsje,d_usora,k_croatia,e_byzantium,true,first_barony_in_county_block,867,CK3 00_landed_titles.txt
b_hlybokaye,c_lukoml,d_polotsk,k_white_rus,e_russia,false,,867,CK3 00_landed_titles.txt
b_hoboksar,c_hoboksar,d_gurbantunggut,k_dzungaria,e_tartaria,true,first_barony_in_county_block,867,CK3 00_landed_titles.txt
b_hobyo,c_hobyo,d_mogadishu,k_ajuraan,e_azania,true,first_barony_in_county_block,867,CK3 00_landed_titles.txt
b_hobyo-north,c_hobyo,d_mogadishu,k_ajuraan,e_azania,false,,867,CK3 00_landed_titles.txt
b_hochberg,c_wurzburg,d_east_franconia,k_east_francia,e_germany,false,,867,CK3 00_landed_titles.txt
b_hockenheim,c_speyer,d_west_franconia,k_east_francia,e_germany,false,,867,CK3 00_landed_titles.txt
b_hodh_south,c_hodh,d_tagant,k_ghana,e_mali,false,,867,CK3 00_landed_titles.txt
b_hodh_west,c_hodh,d_tagant,k_ghana,e_mali,false,,867,CK3 00_landed_titles.txt
b_hodonin,c_prerov,d_moravia,k_bohemia,e_west_slavia,false,,867,CK3 00_landed_titles.txt
b_hof,c_lobdaburg,d_thuringia,k_east_francia,e_germany,false,,867,CK3 00_landed_titles.txt
b_hofgeismar,c_kassel,d_hesse,k_east_francia,e_germany,false,,867,CK3 00_landed_titles.txt
b_hofn,c_austisland,d_iceland,k_norway,e_scandinavia,false,,867,CK3 00_landed_titles.txt
b_hogsby,c_more,d_smaland,k_sweden,e_scandinavia,false,,867,CK3 00_landed_titles.txt
b_hohaseco,c_hohaseco,d_nagormo,k_amdo,e_tibet,true,first_barony_in_county_block,867,CK3 00_landed_titles.txt
b_hohenau,c_hohenau,d_osterreich,k_bavaria,e_germany,true,first_barony_in_county_block,867,CK3 00_landed_titles.txt
b_hohenberg,c_hohenberg,d_swabia,k_east_francia,e_germany,true,first_barony_in_county_block,867,CK3 00_landed_titles.txt
b_hohenburg,c_hohenburg,d_nordgau,k_bavaria,e_germany,true,first_barony_in_county_block,867,CK3 00_landed_titles.txt
b_hohenschwangau,c_alpsee,d_augsburg,k_bavaria,e_germany,false,,867,CK3 00_landed_titles.txt
b_hohenstein,c_blankenburg,d_anhalt,k_east_francia,e_germany,false,,867,CK3 00_landed_titles.txt
b_holstebro,c_ringkobing,d_jylland,k_denmark,e_scandinavia,false,,867,CK3 00_landed_titles.txt
b_holyhead,c_anglesey,d_gwynedd,k_wales,e_britannia,false,,867,CK3 00_landed_titles.txt
b_hombori,c_upper_gurma,d_upper_gurma,k_gurma,e_mali,false,,867,CK3 00_landed_titles.txt
b_homburg,c_hildesheim,d_angria,k_saxony,e_germany,false,,867,CK3 00_landed_titles.txt
b_honnavalli,c_uchangidurga,d_nulambavadi,k_karnata,e_deccan,false,,867,CK3 00_landed_titles.txt
b_honnore,c_kanara,d_konkana,k_maharastra,e_deccan,false,,867,CK3 00_landed_titles.txt
b_hont,c_hont,d_nyitra,k_hungary,e_carpathia,true,first_barony_in_county_block,867,CK3 00_landed_titles.txt
b_hoosingo,c_ewaso_ngiro,d_pate,k_zanj,e_azania,false,,867,CK3 00_landed_titles.txt
b_hor,c_purang,d_purang,k_guge,e_tibet,false,,867,CK3 00_landed_titles.txt
b_hormuz,c_hormuz,d_hormuz,k_persia,e_persia,true,first_barony_in_county_block,867,CK3 00_landed_titles.txt
b_horn,c_krems,d_osterreich,k_bavaria,e_germany,false,,867,CK3 00_landed_titles.txt
b_hornachos,c_medellin,d_badajoz,k_badajoz,e_spain,false,,867,CK3 00_landed_titles.txt
b_horodnytsia,c_zvyahel,d_kiev,k_ruthenia,e_russia,false,,867,CK3 00_landed_titles.txt
b_horodok,c_terebovl,d_halych,k_galicia-volhynia,e_west_slavia,false,,867,CK3 00_landed_titles.txt
b_hoshangabad,c_chauragarh,d_dahala,k_gondwana,e_bengal,false,,867,CK3 00_landed_titles.txt
b_hoshyar,c_isfara,d_ferghana,k_transoxiana,e_turan,false,,867,CK3 00_landed_titles.txt
b_hotca,c_podrinje,d_rashka,k_serbia,e_byzantium,true,first_barony_in_county_block,867,CK3 00_landed_titles.txt
b_hotin,c_hotin,d_bukovina,k_moldavia,e_carpathia,true,first_barony_in_county_block,867,CK3 00_landed_titles.txt
b_hotta,c_nushiro,d_nushiro,k_hitakami,e_amur,false,,867,CK3 00_landed_titles.txt
b_houn,c_jabal_kufs,d_jabal_kufs,k_makran,e_persia,false,,867,CK3 00_landed_titles.txt
b_hoya,c_minden,d_angria,k_saxony,e_germany,false,,867,CK3 00_landed_titles.txt
b_hradec,c_hradec,d_bohemia,k_bohemia,e_west_slavia,true,first_barony_in_county_block,867,CK3 00_landed_titles.txt
b_hradec-nad-moravici,c_opava,d_moravia,k_bohemia,e_west_slavia,false,,867,CK3 00_landed_titles.txt
b_hradyzk,c_hradyzk,d_pereyaslavl,k_ruthenia,e_russia,true,first_barony_in_county_block,867,CK3 00_landed_titles.txt
b_hrazgrad,c_dorostorum,d_turnovo,k_bulgaria,e_byzantium,false,,867,CK3 00_landed_titles.txt
b_hubli,c_vaijayanti,d_raichur_doab,k_karnata,e_deccan,false,,867,CK3 00_landed_titles.txt
b_hudur,c_hiraab,d_mogadishu,k_ajuraan,e_azania,false,,867,CK3 00_landed_titles.txt
b_huelva,c_niebla,d_sevilla,k_andalusia,e_spain,false,,867,CK3 00_landed_titles.txt
b_huesca,c_huesca,d_aragon,k_aragon,e_spain,true,first_barony_in_county_block,867,CK3 00_landed_titles.txt
b_huescar,c_alcaraz,d_murcia,k_valencia,e_spain,false,,867,CK3 00_landed_titles.txt
b_huete,c_cuenca,d_toledo,k_andalusia,e_spain,false,,867,CK3 00_landed_titles.txt
b_hukeswag,c_mark,d_lower_lorraine,k_lotharingia,e_germany,false,,867,CK3 00_landed_titles.txt
b_hulbuk,c_khuttal,d_khuttal,k_transoxiana,e_turan,false,,867,CK3 00_landed_titles.txt
b_hulingsryd,c_sevede,d_smaland,k_sweden,e_scandinavia,false,,867,CK3 00_landed_titles.txt
b_hultaby,c_njudung,d_smaland,k_sweden,e_scandinavia,false,,867,CK3 00_landed_titles.txt
b_hulwan,c_hulwan,d_samarra,k_mesopotamia,e_persia,true,first_barony_in_county_block,867,CK3 00_landed_titles.txt
b_hulwan-cairo,c_cairo,d_cairo,k_egypt,e_arabia,false,,867,CK3 00_landed_titles.txt
b_humaniya,c_iskaf,d_baghdad,k_mesopotamia,e_persia,false,,867,CK3 00_landed_titles.txt
b_hunyan,c_hunyan,d_tlemcen,k_tahert,e_maghreb,true,first_barony_in_county_block,867,CK3 00_landed_titles.txt
b_hurayda,c_kinda_sakun,d_hadramawt,k_yemen,e_arabia,true,first_barony_in_county_block,867,CK3 00_landed_titles.txt
b_hurayz,c_dar_al-said,d_darfur,k_darfur,e_kanem_bornu,false,,867,CK3 00_landed_titles.txt
b_hurstingstone,c_huntingdonshire,d_hereford,k_england,e_britannia,true,first_barony_in_county_block,867,CK3 00_landed_titles.txt
b_husavik,c_nordrland,d_iceland,k_norway,e_scandinavia,true,first_barony_in_county_block,867,CK3 00_landed_titles.txt
b_husi,c_barlad,d_moldova,k_moldavia,e_carpathia,false,,867,CK3 00_landed_titles.txt
b_hustai,c_ulaanbaatar,d_ogrash,k_otuken,e_mongolia,false,,867,CK3 00_landed_titles.txt
b_husumbro,c_slesvig,d_slesvig,k_denmark,e_scandinavia,false,,867,CK3 00_landed_titles.txt
b_huszt,c_marmaros,d_transcarpathia,k_hungary,e_carpathia,false,,867,CK3 00_landed_titles.txt
b_huth,c_sanaa,d_sanaa,k_yemen,e_arabia,false,,867,CK3 00_landed_titles.txt
b_huw,c_qus,d_al-said,k_egypt,e_arabia,false,,867,CK3 00_landed_titles.txt
b_huwaiza,c_ahvaz,d_khuzestan,k_persia,e_persia,false,,867,CK3 00_landed_titles.txt
b_huy,c_liege,d_luxembourg,k_lotharingia,e_germany,false,,867,CK3 00_landed_titles.txt
b_huzu,c_sif-i-umara,d_hormuz,k_persia,e_persia,true,first_barony_in_county_block,867,CK3 00_landed_titles.txt
b_hvar,c_pagania,d_usora,k_croatia,e_byzantium,false,,867,CK3 00_landed_titles.txt
b_hyan,c_atyrau,d_atyrau,k_caspian_steppe,e_caspian-pontic_steppe,false,,867,CK3 00_landed_titles.txt
b_hypseie,c_colonea,d_chaldia,k_pontus,e_byzantium,false,,867,CK3 00_landed_titles.txt
b_hyspiratis,c_trebizond,d_chaldia,k_pontus,e_byzantium,false,,867,CK3 00_landed_titles.txt
b_hzo,c_jone,d_gainlho,k_gyalrong,e_tibet,false,,867,CK3 00_landed_titles.txt
b_iasi,c_iasi,d_moldova,k_moldavia,e_carpathia,true,first_barony_in_county_block,867,CK3 00_landed_titles.txt
b_iassus,c_ionia,d_ephese,k_nikaea,e_byzantium,false,,867,CK3 00_landed_titles.txt
b_iau,c_igaran,d_baraba_steppe,k_ob,e_siberia,false,,867,CK3 00_landed_titles.txt
b_iaya,c_torema,d_salair,k_ob,e_siberia,false,,867,CK3 00_landed_titles.txt
b_ibadan,c_ibadan,d_ibadan,k_yorubaland,e_guinea,true,first_barony_in_county_block,867,CK3 00_landed_titles.txt
b_ibah,c_igala,d_igboland,k_igbo-benue,e_guinea,false,,867,CK3 00_landed_titles.txt
b_ibarapa,c_ketu,d_ibadan,k_yorubaland,e_guinea,false,,867,CK3 00_landed_titles.txt
b_ibeitei,c_petropavolsk,d_tara,k_sibir,e_siberia,false,,867,CK3 00_landed_titles.txt
b_ibshaya,c_asyut,d_al-said,k_egypt,e_arabia,false,,867,CK3 00_landed_titles.txt
b_ibyar,c_al-gharbiya,d_delta,k_egypt,e_arabia,false,,867,CK3 00_landed_titles.txt
b_ichikta,c_lena,d_lena,k_angara,e_mongolia,false,,867,CK3 00_landed_titles.txt
b_ichiwooq,c_qayaliq,d_zhetysu,k_zhetysu,e_tartaria,false,,867,CK3 00_landed_titles.txt
b_idanha,c_castelo_branco,d_coimbra,k_portugal,e_spain,false,,867,CK3 00_landed_titles.txt
b_idar,c_mohadavasaka,d_gurjara_mandala,k_gujarat,e_rajastan,false,,867,CK3 00_landed_titles.txt
b_idhaj,c_ramhurmuz,d_khuzestan,k_persia,e_persia,false,,867,CK3 00_landed_titles.txt
b_idofian,c_igbomina,d_oyo,k_yorubaland,e_guinea,false,,867,CK3 00_landed_titles.txt
b_idoi,c_pogibi,d_sahaliyan,k_aynumosir,e_amur,false,,867,CK3 00_landed_titles.txt
b_idoma,c_idoma,d_igboland,k_igbo-benue,e_guinea,true,first_barony_in_county_block,867,CK3 00_landed_titles.txt
b_ierapetra,c_chandax,d_krete,k_krete,e_byzantium,false,,867,CK3 00_landed_titles.txt
b_ierrisos,c_chalkidike,d_thessalonika,k_thessalonika,e_byzantium,false,,867,CK3 00_landed_titles.txt
b_iesjavri,c_aviovara,d_duortnoseatnu,k_sapmi,e_scandinavia,false,,867,CK3 00_landed_titles.txt
b_ifat,c_ifat,d_showa,k_abyssinia,e_abyssinia,true,first_barony_in_county_block,867,CK3 00_landed_titles.txt
b_ifni,c_ifni,d_sous,k_maghreb,e_maghreb,true,first_barony_in_county_block,867,CK3 00_landed_titles.txt
b_ifonyin,c_ifonyin,d_ibadan,k_yorubaland,e_guinea,true,first_barony_in_county_block,867,CK3 00_landed_titles.txt
b_igala,c_igala,d_igboland,k_igbo-benue,e_guinea,true,first_barony_in_county_block,867,CK3 00_landed_titles.txt
b_igana,c_igana,d_oyo,k_yorubaland,e_guinea,true,first_barony_in_county_block,867,CK3 00_landed_titles.txt
b_igaran,c_igaran,d_baraba_steppe,k_ob,e_siberia,true,first_barony_in_county_block,867,CK3 00_landed_titles.txt
b_igbo-ukwu,c_igbo,d_igboland,k_igbo-benue,e_guinea,true,first_barony_in_county_block,867,CK3 00_landed_titles.txt
b_igbodo-saki,c_igana,d_oyo,k_yorubaland,e_guinea,false,,867,CK3 00_landed_titles.txt
b_igboho,c_oyo,d_oyo,k_yorubaland,e_guinea,false,,867,CK3 00_landed_titles.txt
b_igdy,c_kurtysh,d_uzboy,k_transoxiana,e_turan,false,,867,CK3 00_landed_titles.txt
b_igilliz,c_sous,d_sous,k_maghreb,e_maghreb,false,,867,CK3 00_landed_titles.txt
b_igiradyatuf,c_asfi,d_marrakesh,k_maghreb,e_maghreb,false,,867,CK3 00_landed_titles.txt
b_iglesias,c_cagliari,d_sardinia,k_sardinia,e_italy,false,,867,CK3 00_landed_titles.txt
b_igra,c_glazov,d_udmurtia,k_permia,e_volga-ural,false,,867,CK3 00_landed_titles.txt
b_iguidi_east,c_saoura,d_taghaza,k_anbiya,e_maghreb,false,,867,CK3 00_landed_titles.txt
b_iguidi_west,c_tindouf,d_zammour,k_anbiya,e_maghreb,false,,867,CK3 00_landed_titles.txt
b_ihrit,c_bahnasa,d_al-said,k_egypt,e_arabia,false,,867,CK3 00_landed_titles.txt
b_iijoki,c_peaccam,d_giemajohka,k_sapmi,e_scandinavia,false,,867,CK3 00_landed_titles.txt
b_ijaye,c_ibadan,d_ibadan,k_yorubaland,e_guinea,false,,867,CK3 00_landed_titles.txt
b_ijebu,c_ijebu,d_ife,k_yorubaland,e_guinea,true,first_barony_in_county_block,867,CK3 00_landed_titles.txt
b_ijesha,c_ife,d_ife,k_yorubaland,e_guinea,false,,867,CK3 00_landed_titles.txt
b_ijil,c_azukki,d_adrar,k_anbiya,e_maghreb,true,first_barony_in_county_block,867,CK3 00_landed_titles.txt
b_ikare,c_yagba,d_oyo,k_yorubaland,e_guinea,true,first_barony_in_county_block,867,CK3 00_landed_titles.txt
b_ikh_bogd,c_ikh_bogd,d_ovorkhangai,k_naimania,e_mongolia,true,first_barony_in_county_block,867,CK3 00_landed_titles.txt
b_ikh_nogoon,c_tapsa,d_togina,k_tuva,e_mongolia,false,,867,CK3 00_landed_titles.txt
b_ikh_orgil,c_burugu_aallar,d_kargassia,k_khakassia,e_mongolia,false,,867,CK3 00_landed_titles.txt
b_ikh_uul,c_telmen,d_arkhangai,k_naimania,e_mongolia,false,,867,CK3 00_landed_titles.txt
b_ikhmin,c_asyut,d_al-said,k_egypt,e_arabia,false,,867,CK3 00_landed_titles.txt
b_ikhmindi,c_qurta,d_nobatia,k_nubia,e_abyssinia,false,,867,CK3 00_landed_titles.txt
b_ikjan,c_satif,d_bejaia,k_tahert,e_maghreb,false,,867,CK3 00_landed_titles.txt
b_ikonion,c_lycaonia,d_anatolia,k_anatolia,e_byzantium,true,first_barony_in_county_block,867,CK3 00_landed_titles.txt
b_ikorodu,c_ijebu,d_ife,k_yorubaland,e_guinea,false,,867,CK3 00_landed_titles.txt
b_ilam,c_ilam,d_limbuwan,k_himalaya,e_rajastan,true,first_barony_in_county_block,867,CK3 00_landed_titles.txt
b_ilaro,c_ifonyin,d_ibadan,k_yorubaland,e_guinea,false,,867,CK3 00_landed_titles.txt
b_ilchester,c_somerset,d_somerset,k_england,e_britannia,false,,867,CK3 00_landed_titles.txt
b_ile-ife,c_ife,d_ife,k_yorubaland,e_guinea,true,first_barony_in_county_block,867,CK3 00_landed_titles.txt
b_ilekskoi_gorodok,c_pecheneg,d_pecheneg,k_caspian_steppe,e_caspian-pontic_steppe,false,,867,CK3 00_landed_titles.txt
b_ilerena,c_badajoz,d_badajoz,k_badajoz,e_spain,false,,867,CK3 00_landed_titles.txt
b_ilesa,c_ilesa,d_borgu,k_borgu,e_guinea,true,first_barony_in_county_block,867,CK3 00_landed_titles.txt
b_iletsk,c_orenburg,d_aqtobe,k_caspian_steppe,e_caspian-pontic_steppe,false,,867,CK3 00_landed_titles.txt
b_ilga,c_ilga,d_lena,k_angara,e_mongolia,false,,867,CK3 00_landed_titles.txt
b_iligh,c_ifni,d_sous,k_maghreb,e_maghreb,false,,867,CK3 00_landed_titles.txt
b_ilim_MON,c_ilga,d_lena,k_angara,e_mongolia,true,first_barony_in_county_block,867,CK3 00_landed_titles.txt
b_ilion,c_abydos,d_aegean_islands,k_thessalonika,e_byzantium,false,,867,CK3 00_landed_titles.txt
b_iliq,c_iliq,d_ili-alatau,k_zhetysu,e_tartaria,true,first_barony_in_county_block,867,CK3 00_landed_titles.txt
b_ilmunster,c_rothenburg,d_bavaria,k_bavaria,e_germany,false,,867,CK3 00_landed_titles.txt
b_ilo,c_ilo,d_borgu,k_borgu,e_guinea,true,first_barony_in_county_block,867,CK3 00_landed_titles.txt
b_ilok,c_szerem,d_syrmia,k_hungary,e_carpathia,false,,867,CK3 00_landed_titles.txt
b_ilorin,c_ilorin,d_oyo,k_yorubaland,e_guinea,true,first_barony_in_county_block,867,CK3 00_landed_titles.txt
b_ilza,c_radomska,d_lesser_poland,k_poland,e_west_slavia,false,,867,CK3 00_landed_titles.txt
b_imola,c_ravenna,d_romagna,k_romagna,e_italy,false,,867,CK3 00_landed_titles.txt
b_imotski,c_zavrsje,d_usora,k_croatia,e_byzantium,false,,867,CK3 00_landed_titles.txt
b_impruneta,c_firenze,d_toscana,k_italy,e_italy,false,,867,CK3 00_landed_titles.txt
b_inat,c_hadramawt,d_hadramawt,k_yemen,e_arabia,false,,867,CK3 00_landed_titles.txt
b_indal,c_helgum,d_jamtland,k_norway,e_scandinavia,false,,867,CK3 00_landed_titles.txt
b_indegabtan,c_showa,d_showa,k_abyssinia,e_abyssinia,false,,867,CK3 00_landed_titles.txt
b_indraprastha,c_delhi,d_kuru,k_delhi,e_rajastan,true,first_barony_in_county_block,867,CK3 00_landed_titles.txt
b_indrasthana,c_hastinapura,d_kuru,k_delhi,e_rajastan,false,,867,CK3 00_landed_titles.txt
b_indur,c_balkonda,d_warangal,k_telingana,e_deccan,false,,867,CK3 00_landed_titles.txt
b_ingolstadt,c_ingolstadt,d_bavaria,k_bavaria,e_germany,true,first_barony_in_county_block,867,CK3 00_landed_titles.txt
b_inia,c_ob,d_salair,k_ob,e_siberia,false,,867,CK3 00_landed_titles.txt
b_innan_namdal,c_namdalfylki,d_halogaland,k_norway,e_scandinavia,false,,867,CK3 00_landed_titles.txt
b_innarya,c_innarya,d_damot,k_damot,e_abyssinia,true,first_barony_in_county_block,867,CK3 00_landed_titles.txt
b_innsbruck,c_innsbruck,d_tyrol,k_bavaria,e_germany,true,first_barony_in_county_block,867,CK3 00_landed_titles.txt
b_inowroclaw,c_kujawy,d_kuyavia,k_poland,e_west_slavia,false,,867,CK3 00_landed_titles.txt
b_insara,c_penza,d_chuvashia,k_mordvinia,e_volga-ural,false,,867,CK3 00_landed_titles.txt
b_insterburg,c_bartenstein,d_prussia,k_lithuania,e_wendish_empire,false,,867,CK3 00_landed_titles.txt
b_intarta,c_intarta,d_aksum,k_abyssinia,e_abyssinia,false,,867,CK3 00_landed_titles.txt
b_inverness,c_inverness,d_moray,k_scotland,e_britannia,true,first_barony_in_county_block,867,CK3 00_landed_titles.txt
b_inzer,c_yanokul,d_sakmara,k_bashkiria,e_volga-ural,false,,867,CK3 00_landed_titles.txt
b_ioaninna,c_epeiros,d_epirus,k_epirus,e_byzantium,true,first_barony_in_county_block,867,CK3 00_landed_titles.txt
b_ioci,c_ioci,d_sum,k_aynumosir,e_amur,true,first_barony_in_county_block,867,CK3 00_landed_titles.txt
b_ionopolis,c_paphlagonia,d_paphlagonia,k_pontus,e_byzantium,false,,867,CK3 00_landed_titles.txt
b_iphofen,c_bamberg,d_east_franconia,k_east_francia,e_germany,false,,867,CK3 00_landed_titles.txt
b_ipswich,c_suffolk,d_norfolk,k_england,e_britannia,true,first_barony_in_county_block,867,CK3 00_landed_titles.txt
b_iput,c_sum,d_sum,k_aynumosir,e_amur,false,,867,CK3 00_landed_titles.txt
b_iqlid,c_istakhr,d_fars,k_persia,e_persia,false,,867,CK3 00_landed_titles.txt
b_iqna,c_fayyum,d_cairo,k_egypt,e_arabia,false,,867,CK3 00_landed_titles.txt
b_iraklio,c_chandax,d_krete,k_krete,e_byzantium,true,first_barony_in_county_block,867,CK3 00_landed_titles.txt
b_irbid,c_irbid,d_urdunn,k_jerusalem,e_arabia,true,first_barony_in_county_block,867,CK3 00_landed_titles.txt
b_irbil,c_irbil,d_kurdistan,k_jazira,e_persia,true,first_barony_in_county_block,867,CK3 00_landed_titles.txt
b_irbit,c_yekaterinburg,d_vogulia,k_bashkiria,e_volga-ural,false,,867,CK3 00_landed_titles.txt
b_irdning,c_kammersberg,d_carinthia,k_bavaria,e_germany,false,,867,CK3 00_landed_titles.txt
b_iren-chabirga,c_ghulja,d_ili-alatau,k_zhetysu,e_tartaria,false,,867,CK3 00_landed_titles.txt
b_irgis,c_terekli,d_aral_karakum,k_oghuz_il,e_turan,false,,867,CK3 00_landed_titles.txt
b_iringu,c_loropeni,d_lobi,k_kong,e_guinea,false,,867,CK3 00_landed_titles.txt
b_irkutsk,c_irkutsk,d_tsagaanbaigal,k_buryatia,e_mongolia,true,first_barony_in_county_block,867,CK3 00_landed_titles.txt
b_irmengtau,c_burqin,d_altay,k_dzungaria,e_tartaria,false,,867,CK3 00_landed_titles.txt
b_iro,c_salamat,d_salamat,k_sao,e_kanem_bornu,false,,867,CK3 00_landed_titles.txt
b_irun,c_ipuskoa,d_viscaya,k_navarra,e_spain,true,first_barony_in_county_block,867,CK3 00_landed_titles.txt
b_isanbai,c_jaksybai,d_manatau,k_caspian_steppe,e_caspian-pontic_steppe,false,,867,CK3 00_landed_titles.txt
b_isaura,c_isauria,d_anatolia,k_anatolia,e_byzantium,true,first_barony_in_county_block,867,CK3 00_landed_titles.txt
b_isawa,c_isawa,d_hitakami,k_hitakami,e_amur,true,first_barony_in_county_block,867,CK3 00_landed_titles.txt
b_isenburg,c_sayn,d_lower_lorraine,k_lotharingia,e_germany,false,,867,CK3 00_landed_titles.txt
b_isernia,c_benevento,d_benevento,k_sicily,e_byzantium,false,,867,CK3 00_landed_titles.txt
b_iset,c_chadrinsk,d_vogulia,k_bashkiria,e_volga-ural,false,,867,CK3 00_landed_titles.txt
b_iseyin,c_igana,d_oyo,k_yorubaland,e_guinea,false,,867,CK3 00_landed_titles.txt
b_isfahan,c_isfahan,d_isfahan,k_persia,e_persia,true,first_barony_in_county_block,867,CK3 00_landed_titles.txt
b_isfara,c_isfara,d_ferghana,k_transoxiana,e_turan,false,,867,CK3 00_landed_titles.txt
b_isfarain,c_juwain,d_nishapur,k_khorasan,e_persia,false,,867,CK3 00_landed_titles.txt
b_isfijab,c_chah,d_chah,k_syr_darya,e_turan,false,,867,CK3 00_landed_titles.txt
b_ishgent,c_mumo,d_orkhon,k_otuken,e_mongolia,false,,867,CK3 00_landed_titles.txt
b_ishim,c_ishim,d_ishim,k_sibir,e_siberia,true,first_barony_in_county_block,867,CK3 00_landed_titles.txt
b_ishkamish,c_wakhan,d_badakhshan,k_transoxiana,e_turan,false,,867,CK3 00_landed_titles.txt
b_ishtikhan,c_samarkand,d_soghd,k_transoxiana,e_turan,false,,867,CK3 00_landed_titles.txt
b_ishwaripur,c_candradvipa,d_vanga,k_bengal,e_bengal,false,,867,CK3 00_landed_titles.txt
b_isili,c_arborea,d_sardinia,k_sardinia,e_italy,false,,867,CK3 00_landed_titles.txt
b_iskaf,c_iskaf,d_baghdad,k_mesopotamia,e_persia,true,first_barony_in_county_block,867,CK3 00_landed_titles.txt
b_iskar_hokkaido,c_iskar,d_sum,k_aynumosir,e_amur,true,first_barony_in_county_block,867,CK3 00_landed_titles.txt
b_islay,c_inner_hebrides,d_western_isles,k_scotland,e_britannia,true,first_barony_in_county_block,867,CK3 00_landed_titles.txt
b_issenjau,c_akkityk,d_jemba,k_oghuz_il,e_turan,false,,867,CK3 00_landed_titles.txt
b_issoudun,c_issoudun,d_berry,k_france,e_france,true,first_barony_in_county_block,867,CK3 00_landed_titles.txt
b_istakh,c_ghazna,d_zabulistan,k_kabulistan,e_persia,false,,867,CK3 00_landed_titles.txt
b_istakhbanat,c_darabjerd,d_fars,k_persia,e_persia,false,,867,CK3 00_landed_titles.txt
b_istakhr,c_istakhr,d_fars,k_persia,e_persia,true,first_barony_in_county_block,867,CK3 00_landed_titles.txt
b_itanagar,c_itanagar,d_lhoyul,k_lhomon,e_tibet,true,first_barony_in_county_block,867,CK3 00_landed_titles.txt
b_itantsa,c_kotokel,d_dauria,k_buryatia,e_mongolia,false,,867,CK3 00_landed_titles.txt
b_itil,c_itil,d_itil,k_caspian_steppe,e_caspian-pontic_steppe,true,first_barony_in_county_block,867,CK3 00_landed_titles.txt
b_ittagi,c_cumbum,d_udayagiri,k_andhra,e_deccan,true,first_barony_in_county_block,867,CK3 00_landed_titles.txt
b_itte-kichu,c_shelji,d_muyunkum,k_syr_darya,e_turan,false,,867,CK3 00_landed_titles.txt
b_itzehoe,c_ditmarschen,d_holstein,k_saxony,e_germany,false,,867,CK3 00_landed_titles.txt
b_iuliopolis,c_hadrianopolis,d_bucellaria,k_nikaea,e_byzantium,false,,867,CK3 00_landed_titles.txt
b_ivancice,c_brno,d_moravia,k_bohemia,e_west_slavia,false,,867,CK3 00_landed_titles.txt
b_ivankiv,c_chornobyl,d_kiev,k_ruthenia,e_russia,false,,867,CK3 00_landed_titles.txt
b_ivanovo,c_suzdal,d_opolye,k_opolye,e_russia,false,,867,CK3 00_landed_titles.txt
b_ivanovskoye,c_kuzeytorg,d_tana,k_pontic_steppe,e_caspian-pontic_steppe,false,,867,CK3 00_landed_titles.txt
b_ivda,c_ilga,d_lena,k_angara,e_mongolia,false,,867,CK3 00_landed_titles.txt
b_iviza,c_iviza,d_mallorca,k_valencia,e_spain,true,first_barony_in_county_block,867,CK3 00_landed_titles.txt
b_ivrea,c_canavese,d_savoie,k_burgundy,e_france,true,first_barony_in_county_block,867,CK3 00_landed_titles.txt
b_iwaki,c_iwaki,d_hitakami,k_hitakami,e_amur,true,first_barony_in_county_block,867,CK3 00_landed_titles.txt
b_iwase,c_iwase,d_hitakami,k_hitakami,e_amur,false,,867,CK3 00_landed_titles.txt
b_iya_TUV,c_karauda,d_eastern_sayan,k_khakassia,e_mongolia,false,,867,CK3 00_landed_titles.txt
b_izan,c_annaba,d_kroumerie,k_africa,e_maghreb,false,,867,CK3 00_landed_titles.txt
b_izborsk,c_pskov,d_novgorod,k_novgorod,e_russia,false,,867,CK3 00_landed_titles.txt
b_izerhan,c_gharb,d_fes,k_maghreb,e_maghreb,false,,867,CK3 00_landed_titles.txt
b_izhevsk,c_elabuga,d_kazan,k_volga_bulgaria,e_volga-ural,false,,867,CK3 00_landed_titles.txt
b_izurum,c_ipuskoa,d_viscaya,k_navarra,e_spain,false,,867,CK3 00_landed_titles.txt
b_jaalan,c_muscat,d_oman,k_arabia,e_arabia,false,,867,CK3 00_landed_titles.txt
b_jabal-al-fidda,c_badghis,d_herat,k_khorasan,e_persia,false,,867,CK3 00_landed_titles.txt
b_jabal_al-gharbi,c_barqa,d_cyrenaica,k_egypt,e_arabia,false,,867,CK3 00_landed_titles.txt
b_jabala,c_antiocheia,d_antioch,k_syria,e_arabia,false,,867,CK3 00_landed_titles.txt
b_jabalta,c_takrit,d_samarra,k_mesopotamia,e_persia,false,,867,CK3 00_landed_titles.txt
b_jabbul,c_iskaf,d_baghdad,k_mesopotamia,e_persia,false,,867,CK3 00_landed_titles.txt
b_jaca,c_alto_aragon,d_aragon,k_aragon,e_spain,true,first_barony_in_county_block,867,CK3 00_landed_titles.txt
b_jaceyl_bid,c_ras_hafun,d_hafun,k_ajuraan,e_azania,false,,867,CK3 00_landed_titles.txt
b_jadila,c_sharaf,d_najd,k_arabia,e_arabia,false,,867,CK3 00_landed_titles.txt
b_jaen,c_andujar,d_cordoba,k_andalusia,e_spain,true,first_barony_in_county_block,867,CK3 00_landed_titles.txt
b_jaffna,c_jaffna,d_sinhala,k_lanka,e_deccan,true,first_barony_in_county_block,867,CK3 00_landed_titles.txt
b_jagadamba,c_medapata,d_medapata,k_rajputana,e_rajastan,false,,867,CK3 00_landed_titles.txt
b_jagara,c_kasa,d_kasa,k_kaabu,e_mali,false,,867,CK3 00_landed_titles.txt
b_jagatipur,c_jagatipur,d_khasa,k_himalaya,e_rajastan,true,first_barony_in_county_block,867,CK3 00_landed_titles.txt
b_jaggang,c_banbar,d_qamdo,k_kham,e_tibet,false,,867,CK3 00_landed_titles.txt
b_jahanpanah,c_delhi,d_kuru,k_delhi,e_rajastan,false,,867,CK3 00_landed_titles.txt
b_jahkamakke,c_jahkamakke,d_aarjetje,k_sapmi,e_scandinavia,true,first_barony_in_county_block,867,CK3 00_landed_titles.txt
b_jahrum,c_lar,d_fars,k_persia,e_persia,false,,867,CK3 00_landed_titles.txt
b_jainca,c_rebgong,d_malho,k_gyalrong,e_tibet,false,,867,CK3 00_landed_titles.txt
b_jaisalmer,c_ludrava,d_stravani,k_rajputana,e_rajastan,false,,867,CK3 00_landed_titles.txt
b_jajarm,c_juwain,d_nishapur,k_khorasan,e_persia,true,first_barony_in_county_block,867,CK3 00_landed_titles.txt
b_jajce,c_donjikraji,d_bosna,k_croatia,e_byzantium,true,first_barony_in_county_block,867,CK3 00_landed_titles.txt
b_jajjanir,c_tribandapura,d_haritanaka,k_delhi,e_rajastan,false,,867,CK3 00_landed_titles.txt
b_jajmau,c_kanyakubja,d_kanyakubja,k_kosala,e_rajastan,false,,867,CK3 00_landed_titles.txt
b_jakharrad,c_awjila,d_cyrenaica,k_egypt,e_arabia,false,,867,CK3 00_landed_titles.txt
b_jaksy_kyzy_kurt,c_qyzylteniz,d_saryarka,k_cuman,e_tartaria,false,,867,CK3 00_landed_titles.txt
b_jaksybai,c_jaksybai,d_manatau,k_caspian_steppe,e_caspian-pontic_steppe,true,first_barony_in_county_block,867,CK3 00_landed_titles.txt
b_jalalghar,c_bangaon,d_tirabhukti,k_bihar,e_bengal,false,,867,CK3 00_landed_titles.txt
b_jalandhar,c_trigarta,d_lahore,k_punjab,e_rajastan,true,first_barony_in_county_block,867,CK3 00_landed_titles.txt
b_jalaun,c_kalpi,d_kanyakubja,k_kosala,e_rajastan,false,,867,CK3 00_landed_titles.txt
b_jaldak,c_zabulistan,d_zabulistan,k_kabulistan,e_persia,true,first_barony_in_county_block,867,CK3 00_landed_titles.txt
b_jalhaxi,c_nyagrong,d_litang,k_kham,e_tibet,false,,867,CK3 00_landed_titles.txt
b_jaligny,c_jaligny,d_bourbon,k_aquitaine,e_france,false,,867,CK3 00_landed_titles.txt
b_jalk,c_panjgur,d_makran,k_makran,e_persia,false,,867,CK3 00_landed_titles.txt
b_jalmat,c_jalmat,d_jalmat,k_volga_bulgaria,e_volga-ural,true,first_barony_in_county_block,867,CK3 00_landed_titles.txt
b_jalna,c_devagiri,d_devagiri,k_maharastra,e_deccan,false,,867,CK3 00_landed_titles.txt
b_jalor,c_godwad,d_maru,k_rajputana,e_rajastan,false,,867,CK3 00_landed_titles.txt
b_jalu,c_awjila,d_cyrenaica,k_egypt,e_arabia,false,,867,CK3 00_landed_titles.txt
b_jalula,c_kairwan,d_kairouan,k_africa,e_maghreb,false,,867,CK3 00_landed_titles.txt
b_jalula-hulwan,c_hulwan,d_samarra,k_mesopotamia,e_persia,false,,867,CK3 00_landed_titles.txt
b_jam-jam,c_dara,d_sharka,k_damot,e_abyssinia,false,,867,CK3 00_landed_titles.txt
b_jaman_akkul,c_turgay,d_turgay,k_cuman,e_tartaria,false,,867,CK3 00_landed_titles.txt
b_jaman_arganaty,c_ulytau,d_qyzylsaryarka,k_cuman,e_tartaria,false,,867,CK3 00_landed_titles.txt
b_jamantau,c_jamantau,d_barsuki,k_oghuz_il,e_turan,true,first_barony_in_county_block,867,CK3 00_landed_titles.txt
b_jambalar,c_jambalar,d_pecheneg,k_caspian_steppe,e_caspian-pontic_steppe,true,first_barony_in_county_block,867,CK3 00_landed_titles.txt
b_jammu,c_sakala,d_lahore,k_punjab,e_rajastan,false,,867,CK3 00_landed_titles.txt
b_janai_cheku,c_jilali,d_kokturgay,k_cuman,e_tartaria,false,,867,CK3 00_landed_titles.txt
b_janakpur,c_janakpur,d_nepal,k_himalaya,e_rajastan,true,first_barony_in_county_block,867,CK3 00_landed_titles.txt
b_jangalbari,c_srihatta,d_para_lauhitya,k_kamarupa,e_bengal,false,,867,CK3 00_landed_titles.txt
b_jangpa,c_markam,d_batang,k_kham,e_tibet,false,,867,CK3 00_landed_titles.txt
b_jangyztau,c_jangyztau,d_atbasar,k_qara_dala,e_tartaria,true,first_barony_in_county_block,867,CK3 00_landed_titles.txt
b_janitsa,c_beroe,d_philippopolis,k_bulgaria,e_byzantium,false,,867,CK3 00_landed_titles.txt
b_janjero,c_welamo,d_kaffa,k_damot,e_abyssinia,false,,867,CK3 00_landed_titles.txt
b_jannaba,c_arrajan,d_fars,k_persia,e_persia,false,,867,CK3 00_landed_titles.txt
b_jarabulus,c_aintab,d_edessa,k_syria,e_arabia,false,,867,CK3 00_landed_titles.txt
b_jarai_ka_math,c_chanderi,d_akara_dasarna,k_malwa,e_rajastan,false,,867,CK3 00_landed_titles.txt
b_jarash,c_irbid,d_urdunn,k_jerusalem,e_arabia,false,,867,CK3 00_landed_titles.txt
b_jarbaya,c_bamian,d_kabul,k_kabulistan,e_persia,false,,867,CK3 00_landed_titles.txt
b_jarjis,c_djerba,d_tripolitania,k_africa,e_maghreb,false,,867,CK3 00_landed_titles.txt
b_jarkul,c_sagiz,d_atyrau,k_caspian_steppe,e_caspian-pontic_steppe,false,,867,CK3 00_landed_titles.txt
b_jarli_butak,c_kosh_kurbay,d_mugodzhar_hills,k_caspian_steppe,e_caspian-pontic_steppe,false,,867,CK3 00_landed_titles.txt
b_jarmaq,c_mafaza,d_yazd,k_persia,e_persia,true,first_barony_in_county_block,867,CK3 00_landed_titles.txt
b_jarmaqan,c_samaiqan,d_nishapur,k_khorasan,e_persia,false,,867,CK3 00_landed_titles.txt
b_jaromer,c_hradec,d_bohemia,k_bohemia,e_west_slavia,false,,867,CK3 00_landed_titles.txt
b_jarquh,c_qumisha,d_isfahan,k_persia,e_persia,false,,867,CK3 00_landed_titles.txt
b_jarva,c_reval,d_esthonia,k_esthonia,e_wendish_empire,false,,867,CK3 00_landed_titles.txt
b_jask,c_jabal_kufs,d_jabal_kufs,k_makran,e_persia,true,first_barony_in_county_block,867,CK3 00_landed_titles.txt
b_jasky_kart,c_jasky_kart,d_karabas,k_saryarka,e_tartaria,true,first_barony_in_county_block,867,CK3 00_landed_titles.txt
b_jasnaul,c_lakhnau,d_kanyakubja,k_kosala,e_rajastan,false,,867,CK3 00_landed_titles.txt
b_jatharr,c_rogalandi,d_vestlandi,k_norway,e_scandinavia,true,first_barony_in_county_block,867,CK3 00_landed_titles.txt
b_jaund,c_sasaram,d_magadha,k_bihar,e_bengal,false,,867,CK3 00_landed_titles.txt
b_jaunpur,c_jaunpur,d_kasi,k_bihar,e_bengal,true,first_barony_in_county_block,867,CK3 00_landed_titles.txt
b_jebba,c_ilorin,d_oyo,k_yorubaland,e_guinea,false,,867,CK3 00_landed_titles.txt
b_jebel_abu_negila,c_wadi_el-milk,d_makuria,k_nubia,e_abyssinia,false,,867,CK3 00_landed_titles.txt
b_jebel_ahmar,c_harar,d_adal,k_adal,e_abyssinia,false,,867,CK3 00_landed_titles.txt
b_jebel_geili,c_naga,d_alwa,k_nubia,e_abyssinia,false,,867,CK3 00_landed_titles.txt
b_jebel_moya,c_sennar,d_sennar,k_nubia,e_abyssinia,false,,867,CK3 00_landed_titles.txt
b_jedburgh,c_teviotdale,d_lothian,k_scotland,e_britannia,false,,867,CK3 00_landed_titles.txt
b_jedrzejow,c_krakowska,d_lesser_poland,k_poland,e_west_slavia,false,,867,CK3 00_landed_titles.txt
b_jekabpils,c_jersika,d_latgalians,k_lithuania,e_wendish_empire,false,,867,CK3 00_landed_titles.txt
b_jelavi,c_airyuk,d_barsuki,k_oghuz_il,e_turan,false,,867,CK3 00_landed_titles.txt
b_jelibakoro,c_kankan,d_manding,k_mali,e_mali,false,,867,CK3 00_landed_titles.txt
b_jelling,c_aarhus,d_jylland,k_denmark,e_scandinavia,false,,867,CK3 00_landed_titles.txt
b_jeminay,c_kaerji,d_gurbantunggut,k_dzungaria,e_tartaria,false,,867,CK3 00_landed_titles.txt
b_jend,c_jend,d_syr_darya,k_syr_darya,e_turan,true,first_barony_in_county_block,867,CK3 00_landed_titles.txt
b_jenne-jeno,c_jenne,d_jenne,k_jenne,e_mali,true,first_barony_in_county_block,867,CK3 00_landed_titles.txt
b_jerba,c_djerba,d_tripolitania,k_africa,e_maghreb,true,first_barony_in_county_block,867,CK3 00_landed_titles.txt
b_jerez,c_cadiz,d_sevilla,k_andalusia,e_spain,false,,867,CK3 00_landed_titles.txt
b_jergin,c_muya,d_dauria,k_buryatia,e_mongolia,false,,867,CK3 00_landed_titles.txt
b_jerjul,c_jerjul,d_khakass_hollow,k_khakassia,e_mongolia,true,first_barony_in_county_block,867,CK3 00_landed_titles.txt
b_jerm,c_badakhshan,d_badakhshan,k_transoxiana,e_turan,false,,867,CK3 00_landed_titles.txt
b_jersika,c_jersika,d_latgalians,k_lithuania,e_wendish_empire,true,first_barony_in_county_block,867,CK3 00_landed_titles.txt
b_jerusalem,c_jerusalem,d_palestine,k_jerusalem,e_arabia,true,first_barony_in_county_block,867,CK3 00_landed_titles.txt
b_jhalawar,c_sarangpur,d_akara_dasarna,k_malwa,e_rajastan,false,,867,CK3 00_landed_titles.txt
b_jhalod,c_mohadavasaka,d_gurjara_mandala,k_gujarat,e_rajastan,false,,867,CK3 00_landed_titles.txt
b_jhansi,c_chanderi,d_akara_dasarna,k_malwa,e_rajastan,false,,867,CK3 00_landed_titles.txt
b_jhelum,c_gurjaratra,d_lahore,k_punjab,e_rajastan,false,,867,CK3 00_landed_titles.txt
b_jhodga,c_devagiri,d_devagiri,k_maharastra,e_deccan,false,,867,CK3 00_landed_titles.txt
b_jibal-al-urd,c_surrah,d_najd,k_arabia,e_arabia,false,,867,CK3 00_landed_titles.txt
b_jibala,c_surrah,d_najd,k_arabia,e_arabia,false,,867,CK3 00_landed_titles.txt
b_jibat,c_damot,d_damot,k_damot,e_abyssinia,false,,867,CK3 00_landed_titles.txt
b_jida,c_karatsagaan,d_selenga_valley,k_otuken,e_mongolia,false,,867,CK3 00_landed_titles.txt
b_jidda,c_mecca,d_mecca,k_arabia,e_arabia,false,,867,CK3 00_landed_titles.txt
b_jie_DZU,c_jie_DZU,d_gurbantunggut,k_dzungaria,e_tartaria,true,first_barony_in_county_block,867,CK3 00_landed_titles.txt
b_jigdalik,c_kucha,d_karashar,k_khotan,e_turan,false,,867,CK3 00_landed_titles.txt
b_jigirbend,c_darghan,d_khorezm,k_transoxiana,e_turan,false,,867,CK3 00_landed_titles.txt
b_jigzhi,c_baima,d_golog,k_gyalrong,e_tibet,false,,867,CK3 00_landed_titles.txt
b_jihlava,c_jihlava,d_moravia,k_bohemia,e_west_slavia,true,first_barony_in_county_block,867,CK3 00_landed_titles.txt
b_jijel,c_bejaia,d_bejaia,k_tahert,e_maghreb,false,,867,CK3 00_landed_titles.txt
b_jilali,c_jilali,d_kokturgay,k_cuman,e_tartaria,true,first_barony_in_county_block,867,CK3 00_landed_titles.txt
b_jilanjik,c_jilanjik,d_qyzylsaryarka,k_cuman,e_tartaria,true,first_barony_in_county_block,867,CK3 00_landed_titles.txt
b_jildi,c_koi-bagar,d_kentarlau,k_kipchak,e_tartaria,false,,867,CK3 00_landed_titles.txt
b_jilib,c_jilib,d_west_ajuraan,k_ajuraan,e_azania,false,,867,CK3 00_landed_titles.txt
b_jimbale,c_mamprusi,d_mamprusi,k_gur,e_guinea,false,,867,CK3 00_landed_titles.txt
b_jimi,c_jimi,d_kanem,k_kanem,e_kanem_bornu,true,first_barony_in_county_block,867,CK3 00_landed_titles.txt
b_jimsar,c_jimsar,d_beshbalik,k_dzungaria,e_tartaria,true,first_barony_in_county_block,867,CK3 00_landed_titles.txt
b_jinghiz,c_jinghiz,d_jinghiz,k_kipchak,e_tartaria,true,first_barony_in_county_block,867,CK3 00_landed_titles.txt
b_jinji,c_tiruvannamalai,d_chola_nadu,k_tamilakam,e_deccan,false,,867,CK3 00_landed_titles.txt
b_jinsko,c_jinsko,d_tarbagatai,k_zhetysu,e_tartaria,true,first_barony_in_county_block,867,CK3 00_landed_titles.txt
b_jiranj,c_merv,d_merv,k_khorasan,e_persia,false,,867,CK3 00_landed_titles.txt
b_jiren_suat,c_jiren_suat,d_kentarlau,k_kipchak,e_tartaria,true,first_barony_in_county_block,867,CK3 00_landed_titles.txt
b_jirnanagara,c_kondana,d_nasikya,k_maharastra,e_deccan,false,,867,CK3 00_landed_titles.txt
b_jiruft,c_jiruft,d_kirman,k_persia,e_persia,true,first_barony_in_county_block,867,CK3 00_landed_titles.txt
b_jith,c_gurganj,d_khorezm,k_transoxiana,e_turan,false,,867,CK3 00_landed_titles.txt
b_jitikul,c_jitikul,d_mugodzhar_hills,k_caspian_steppe,e_caspian-pontic_steppe,true,first_barony_in_county_block,867,CK3 00_landed_titles.txt
b_jity_kul,c_mugodzhar_hills,d_mugodzhar_hills,k_caspian_steppe,e_caspian-pontic_steppe,false,,867,CK3 00_landed_titles.txt
b_jiwani,c_kiz,d_makran,k_makran,e_persia,false,,867,CK3 00_landed_titles.txt
b_joha,c_tigre,d_aksum,k_abyssinia,e_abyssinia,false,,867,CK3 00_landed_titles.txt
b_joinville,c_troyes,d_champagne,k_france,e_france,false,,867,CK3 00_landed_titles.txt
b_jolster,c_firdafylki,d_trandalog,k_norway,e_scandinavia,false,,867,CK3 00_landed_titles.txt
b_jomala,c_aland,d_svealand,k_sweden,e_scandinavia,false,,867,CK3 00_landed_titles.txt
b_jomda,c_lhatok,d_lhatok,k_kham,e_tibet,false,,867,CK3 00_landed_titles.txt
b_jone,c_jone,d_gainlho,k_gyalrong,e_tibet,true,first_barony_in_county_block,867,CK3 00_landed_titles.txt
b_jonkoping,c_njudung,d_smaland,k_sweden,e_scandinavia,false,,867,CK3 00_landed_titles.txt
b_jonzac,c_saintonge,d_aquitaine,k_aquitaine,e_france,false,,867,CK3 00_landed_titles.txt
b_jorga,c_jiren_suat,d_kentarlau,k_kipchak,e_tartaria,false,,867,CK3 00_landed_titles.txt
b_jorugul,c_sochur,d_ala_tau,k_ob,e_siberia,false,,867,CK3 00_landed_titles.txt
b_jos,c_bauchi,d_kwararafa,k_igbo-benue,e_guinea,false,,867,CK3 00_landed_titles.txt
b_josse,c_nordmark,d_vastergotland,k_sweden,e_scandinavia,false,,867,CK3 00_landed_titles.txt
b_jovvkuj,c_ter,d_guoldat,k_sapmi,e_scandinavia,false,,867,CK3 00_landed_titles.txt
b_jowhaar,c_mogadishu,d_mogadishu,k_ajuraan,e_azania,false,,867,CK3 00_landed_titles.txt
b_jowol,c_jowol,d_silla,k_takrur,e_mali,true,first_barony_in_county_block,867,CK3 00_landed_titles.txt
b_jubba,c_ahvaz,d_khuzestan,k_persia,e_persia,false,,867,CK3 00_landed_titles.txt
b_jubba-ajuraan,c_jubba,d_west_ajuraan,k_ajuraan,e_azania,false,,867,CK3 00_landed_titles.txt
b_jubba-hail,c_hail,d_najd,k_arabia,e_arabia,false,,867,CK3 00_landed_titles.txt
b_jubba-north,c_jubba,d_west_ajuraan,k_ajuraan,e_azania,false,,867,CK3 00_landed_titles.txt
b_judenburg,c_knittelfeld,d_carinthia,k_bavaria,e_germany,false,,867,CK3 00_landed_titles.txt
b_judr,c_qaryatan,d_palmyra,k_syria,e_arabia,false,,867,CK3 00_landed_titles.txt
b_jugha,c_suenik,d_greater_armenia,k_armenia,e_byzantium,false,,867,CK3 00_landed_titles.txt
b_juhaina,c_mosul,d_diyarrabia,k_jazira,e_persia,false,,867,CK3 00_landed_titles.txt
b_julevu,c_julevadno,d_vuovdisamieana,k_sapmi,e_scandinavia,true,first_barony_in_county_block,867,CK3 00_landed_titles.txt
b_julfa,c_isfahan,d_isfahan,k_persia,e_persia,false,,867,CK3 00_landed_titles.txt
b_julfar,c_julfar,d_oman,k_arabia,e_arabia,true,first_barony_in_county_block,867,CK3 00_landed_titles.txt
b_julym,c_julym,d_khakass_hollow,k_khakassia,e_mongolia,true,first_barony_in_county_block,867,CK3 00_landed_titles.txt
b_jumla,c_jumla,d_khasa,k_himalaya,e_rajastan,false,,867,CK3 00_landed_titles.txt
b_juna_barmer,c_ludrava,d_stravani,k_rajputana,e_rajastan,false,,867,CK3 00_landed_titles.txt
b_junabid,c_qain,d_kohestan,k_khorasan,e_persia,false,,867,CK3 00_landed_titles.txt
b_junkur_kul,c_kaska,d_saryarka,k_cuman,e_tartaria,false,,867,CK3 00_landed_titles.txt
b_junzi,c_iliq,d_ili-alatau,k_zhetysu,e_tartaria,false,,867,CK3 00_landed_titles.txt
b_jurash,c_bisha,d_mecca,k_arabia,e_arabia,false,,867,CK3 00_landed_titles.txt
b_jurbarkas,c_raseiniai,d_samogitia,k_lithuania,e_wendish_empire,false,,867,CK3 00_landed_titles.txt
b_jusiya,c_homs,d_homs,k_syria,e_arabia,false,,867,CK3 00_landed_titles.txt
b_juterbog,c_juterbog,d_lausitz,k_sorbia,e_west_slavia,true,first_barony_in_county_block,867,CK3 00_landed_titles.txt
b_juwain,c_farah,d_sistan,k_makran,e_persia,false,,867,CK3 00_landed_titles.txt
b_juwair,c_juwair,d_damascus,k_syria,e_arabia,true,first_barony_in_county_block,867,CK3 00_landed_titles.txt
b_juy-e-sard,c_luristan,d_isfahan,k_persia,e_persia,false,,867,CK3 00_landed_titles.txt
b_juza,c_hakkari,d_diyarbakr,k_jazira,e_persia,false,,867,CK3 00_landed_titles.txt
b_juzbay,c_ku_jeku,d_karabas,k_saryarka,e_tartaria,false,,867,CK3 00_landed_titles.txt
b_kaade,c_kokoli,d_futa_jalon,k_mali,e_mali,true,first_barony_in_county_block,867,CK3 00_landed_titles.txt
b_kabala,c_shaki,d_shirvan,k_daylam,e_persia,false,,867,CK3 00_landed_titles.txt
b_kabans,c_kotokel,d_dauria,k_buryatia,e_mongolia,false,,867,CK3 00_landed_titles.txt
b_kabara,c_tirakka,d_timbuktu,k_songhay,e_mali,false,,867,CK3 00_landed_titles.txt
b_kabirwala,c_multan,d_multan,k_punjab,e_rajastan,false,,867,CK3 00_landed_titles.txt
b_kabkabiya,c_masalit,d_west_darfur,k_darfur,e_kanem_bornu,false,,867,CK3 00_landed_titles.txt
b_kabtag,c_kabtag,d_naiman_gobi,k_dzungaria,e_tartaria,true,first_barony_in_county_block,867,CK3 00_landed_titles.txt
b_kabul,c_kabul,d_kabul,k_kabulistan,e_persia,true,first_barony_in_county_block,867,CK3 00_landed_titles.txt
b_kacharsku,c_kuchuk,d_kulyndy_steppe,k_ob,e_siberia,false,,867,CK3 00_landed_titles.txt
b_kachma,c_saran,d_saran,k_mordvinia,e_volga-ural,false,,867,CK3 00_landed_titles.txt
b_kachu,c_kachu,d_kulyndy_steppe,k_ob,e_siberia,true,first_barony_in_county_block,867,CK3 00_landed_titles.txt
b_kada_MON,c_kada,d_angara,k_angara,e_mongolia,true,first_barony_in_county_block,867,CK3 00_landed_titles.txt
b_kadam,c_kadam,d_wadai,k_darfur,e_kanem_bornu,true,first_barony_in_county_block,867,CK3 00_landed_titles.txt
b_kadam-south,c_kadam,d_wadai,k_darfur,e_kanem_bornu,false,,867,CK3 00_landed_titles.txt
b_kadam-west,c_kadam,d_wadai,k_darfur,e_kanem_bornu,false,,867,CK3 00_landed_titles.txt
b_kadan,c_zatec,d_bohemia,k_bohemia,e_west_slavia,false,,867,CK3 00_landed_titles.txt
b_kaddlhutt,c_akkel,d_giemajohka,k_sapmi,e_scandinavia,false,,867,CK3 00_landed_titles.txt
b_kadero,c_alodia,d_alwa,k_nubia,e_abyssinia,false,,867,CK3 00_landed_titles.txt
b_kadnikov,c_totma,d_chudia,k_bjarmaland,e_russia,false,,867,CK3 00_landed_titles.txt
b_kaduna,c_kaduna,d_katsina,k_hausaland,e_kanem_bornu,true,first_barony_in_county_block,867,CK3 00_landed_titles.txt
b_kaduy,c_tulun,d_chuna_valley,k_angara,e_mongolia,true,first_barony_in_county_block,867,CK3 00_landed_titles.txt
b_kadwaya,c_candhoba,d_akara_dasarna,k_malwa,e_rajastan,false,,867,CK3 00_landed_titles.txt
b_kaerji,c_kaerji,d_gurbantunggut,k_dzungaria,e_tartaria,true,first_barony_in_county_block,867,CK3 00_landed_titles.txt
b_kafa,c_kafa,d_atbasar,k_qara_dala,e_tartaria,true,first_barony_in_county_block,867,CK3 00_landed_titles.txt
b_kafartab,c_hama,d_homs,k_syria,e_arabia,false,,867,CK3 00_landed_titles.txt
b_kafartutha,c_upper_khabur,d_diyarrabia,k_jazira,e_persia,false,,867,CK3 00_landed_titles.txt
b_kafernburg,c_orlamunde,d_thuringia,k_east_francia,e_germany,false,,867,CK3 00_landed_titles.txt
b_kaffa,c_kaffa,d_kaffa,k_damot,e_abyssinia,false,,867,CK3 00_landed_titles.txt
b_kafirkot,c_kafirkot,d_multan,k_punjab,e_rajastan,true,first_barony_in_county_block,867,CK3 00_landed_titles.txt
b_kagar,c_kagar,d_ngamring,k_tsang,e_tibet,true,first_barony_in_county_block,867,CK3 00_landed_titles.txt
b_kaghan,c_allai,d_kasmira,k_kashmir,e_rajastan,false,,867,CK3 00_landed_titles.txt
b_kaginskoi,c_sakmara,d_sakmara,k_bashkiria,e_volga-ural,false,,867,CK3 00_landed_titles.txt
b_kagong,c_zogang,d_boyul,k_kham,e_tibet,false,,867,CK3 00_landed_titles.txt
b_kagusti,c_kanem,d_kanem,k_kanem,e_kanem_bornu,false,,867,CK3 00_landed_titles.txt
b_kahlur,c_trigarta,d_lahore,k_punjab,e_rajastan,false,,867,CK3 00_landed_titles.txt
b_kahone,c_saalum,d_wuli,k_kaabu,e_mali,false,,867,CK3 00_landed_titles.txt
b_kai,c_palniki,d_udmurtia,k_permia,e_volga-ural,false,,867,CK3 00_landed_titles.txt
b_kaiama,c_bussa,d_borgu,k_borgu,e_guinea,false,,867,CK3 00_landed_titles.txt
b_kainar,c_kainar,d_atyrau,k_caspian_steppe,e_caspian-pontic_steppe,true,first_barony_in_county_block,867,CK3 00_landed_titles.txt
b_kainsk,c_kainsk,d_lanikaz,k_sibir,e_siberia,true,first_barony_in_county_block,867,CK3 00_landed_titles.txt
b_kairouan,c_kairwan,d_kairouan,k_africa,e_maghreb,true,first_barony_in_county_block,867,CK3 00_landed_titles.txt
b_kaisereia,c_kaisereia,d_charsianon,k_anatolia,e_byzantium,true,first_barony_in_county_block,867,CK3 00_landed_titles.txt
b_kaiserslautern,c_kaiserslautern,d_west_franconia,k_east_francia,e_germany,true,first_barony_in_county_block,867,CK3 00_landed_titles.txt
b_kaisum,c_marash,d_edessa,k_syria,e_arabia,false,,867,CK3 00_landed_titles.txt
b_kajaani,c_kainuu,d_pohjanmaa,k_finland,e_scandinavia,true,first_barony_in_county_block,867,CK3 00_landed_titles.txt
b_kajdak,c_buzachi,d_transcaspiana,k_oghuz_il,e_turan,true,first_barony_in_county_block,867,CK3 00_landed_titles.txt
b_kak,c_karasu,d_kush-murun,k_qara_dala,e_tartaria,false,,867,CK3 00_landed_titles.txt
b_kakanda,c_kyadya,d_nupe,k_igbo-benue,e_guinea,false,,867,CK3 00_landed_titles.txt
b_kakisalmi,c_kakisalmi,d_karelia,k_finland,e_scandinavia,true,first_barony_in_county_block,867,CK3 00_landed_titles.txt
b_kaklouma,c_selge,d_anatolia,k_anatolia,e_byzantium,false,,867,CK3 00_landed_titles.txt
b_kakovka,c_oleshye,d_red_levedia,k_pontic_steppe,e_caspian-pontic_steppe,false,,867,CK3 00_landed_titles.txt
b_kalabagh,c_bannu,d_gandhara,k_punjab,e_rajastan,false,,867,CK3 00_landed_titles.txt
b_kalabsha,c_kalabsha,d_nobatia,k_nubia,e_abyssinia,true,first_barony_in_county_block,867,CK3 00_landed_titles.txt
b_kalahasti,c_nellore,d_tondai_nadu,k_tamilakam,e_deccan,false,,867,CK3 00_landed_titles.txt
b_kalam,c_acalapura,d_vidharba,k_maharastra,e_deccan,false,,867,CK3 00_landed_titles.txt
b_kalam_TARIM,c_golaghmuli,d_pamir,k_kashmir,e_rajastan,false,,867,CK3 00_landed_titles.txt
b_kalamata,c_messenia,d_achaia,k_hellas,e_byzantium,false,,867,CK3 00_landed_titles.txt
b_kalavryta,c_achaia,d_achaia,k_hellas,e_byzantium,false,,867,CK3 00_landed_titles.txt
b_kalbin,c_kalbin,d_semey,k_kipchak,e_tartaria,true,first_barony_in_county_block,867,CK3 00_landed_titles.txt
b_kalfou,c_diamare,d_wandala,k_sao,e_kanem_bornu,false,,867,CK3 00_landed_titles.txt
b_kalif,c_kalif,d_soghd,k_transoxiana,e_turan,true,first_barony_in_county_block,867,CK3 00_landed_titles.txt
b_kalimpong,c_chungthang,d_paro,k_lhomon,e_tibet,false,,867,CK3 00_landed_titles.txt
b_kalinganagara,c_kalinganagar,d_kalinga,k_orissa,e_bengal,false,,867,CK3 00_landed_titles.txt
b_kalinjar,c_kalanjara,d_jejakabhukti,k_kosala,e_rajastan,true,first_barony_in_county_block,867,CK3 00_landed_titles.txt
b_kalinkavichy,c_babruysk,d_pinsk,k_white_rus,e_russia,false,,867,CK3 00_landed_titles.txt
b_kalisz,c_kaliska,d_wielkopolska,k_poland,e_west_slavia,true,first_barony_in_county_block,867,CK3 00_landed_titles.txt
b_kalliopolis,c_kalliopolis,d_thrace,k_thessalonika,e_byzantium,true,first_barony_in_county_block,867,CK3 00_landed_titles.txt
b_kalmar,c_more,d_smaland,k_sweden,e_scandinavia,true,first_barony_in_county_block,867,CK3 00_landed_titles.txt
b_kalmas,c_aral_karakum,d_aral_karakum,k_oghuz_il,e_turan,true,first_barony_in_county_block,867,CK3 00_landed_titles.txt
b_kalmek-imel,c_jiren_suat,d_kentarlau,k_kipchak,e_tartaria,false,,867,CK3 00_landed_titles.txt
b_kalmikovsky,c_qyzylyaitsk,d_pecheneg,k_caspian_steppe,e_caspian-pontic_steppe,false,,867,CK3 00_landed_titles.txt
b_kalocsa,c_szekesfehervar,d_visegrad,k_hungary,e_carpathia,false,,867,CK3 00_landed_titles.txt
b_kalos_limen,c_kalos_limen,d_crimea,k_pontic_steppe,e_caspian-pontic_steppe,false,,867,CK3 00_landed_titles.txt
b_kalpa,c_kamru,d_kinnaur,k_guge,e_tibet,false,,867,CK3 00_landed_titles.txt
b_kalpi,c_kalpi,d_kanyakubja,k_kosala,e_rajastan,true,first_barony_in_county_block,867,CK3 00_landed_titles.txt
b_kalyaneshwari,c_radha,d_gauda,k_bengal,e_bengal,false,,867,CK3 00_landed_titles.txt
b_kalyani,c_kalyani,d_kalyani,k_karnata,e_deccan,true,first_barony_in_county_block,867,CK3 00_landed_titles.txt
b_kalyatta,c_rhodopes,d_philippopolis,k_bulgaria,e_byzantium,false,,867,CK3 00_landed_titles.txt
b_kalym,c_torema,d_salair,k_ob,e_siberia,false,,867,CK3 00_landed_titles.txt
b_kalyvia,c_veria,d_thessalonika,k_thessalonika,e_byzantium,false,,867,CK3 00_landed_titles.txt
b_kamabai-sanda,c_sanda,d_sapi,k_guinea,e_guinea,false,,867,CK3 00_landed_titles.txt
b_kamakhya,c_goalpara,d_para_lauhitya,k_kamarupa,e_bengal,false,,867,CK3 00_landed_titles.txt
b_kamalia,c_shorkot,d_lahore,k_punjab,e_rajastan,false,,867,CK3 00_landed_titles.txt
b_kamaran,c_tihamat-al-yamani,d_sanaa,k_yemen,e_arabia,false,,867,CK3 00_landed_titles.txt
b_kamaro,c_niani,d_manding,k_mali,e_mali,false,,867,CK3 00_landed_titles.txt
b_kamarupanagara,c_kamarupanagara,d_kamarupanagara,k_kamarupa,e_bengal,true,first_barony_in_county_block,867,CK3 00_landed_titles.txt
b_kamatapur,c_kamatapur,d_kamarupanagara,k_kamarupa,e_bengal,true,first_barony_in_county_block,867,CK3 00_landed_titles.txt
b_kamba,c_sagya,d_sagya,k_tsang,e_tibet,false,,867,CK3 00_landed_titles.txt
b_kambampet,c_kambampet,d_warangal,k_telingana,e_deccan,false,,867,CK3 00_landed_titles.txt
b_kambata,c_sharka,d_sharka,k_damot,e_abyssinia,false,,867,CK3 00_landed_titles.txt
b_kamboika,c_sarasvata_mandala,d_gurjara_mandala,k_gujarat,e_rajastan,false,,867,CK3 00_landed_titles.txt
b_kambu,c_kirinyaga,d_bonde_la_ufa,k_zanj,e_azania,false,,867,CK3 00_landed_titles.txt
b_kamelik,c_pecheneg,d_pecheneg,k_caspian_steppe,e_caspian-pontic_steppe,false,,867,CK3 00_landed_titles.txt
b_kamenz,c_cottbus,d_meissen,k_sorbia,e_west_slavia,false,,867,CK3 00_landed_titles.txt
b_kamgala,c_ansongo,d_kawkaw,k_songhay,e_mali,false,,867,CK3 00_landed_titles.txt
b_kamichly_kul,c_kush-murun,d_kush-murun,k_qara_dala,e_tartaria,false,,867,CK3 00_landed_titles.txt
b_kamisa,c_satala,d_chaldia,k_pontus,e_byzantium,false,,867,CK3 00_landed_titles.txt
b_kamlin,c_alodia,d_alwa,k_nubia,e_abyssinia,false,,867,CK3 00_landed_titles.txt
b_kammersberg,c_kammersberg,d_carinthia,k_bavaria,e_germany,true,first_barony_in_county_block,867,CK3 00_landed_titles.txt
b_kamnik,c_kranj,d_krain,k_bavaria,e_germany,false,,867,CK3 00_landed_titles.txt
b_kampen,c_oversticht,d_utrecht,k_frisia,e_germany,false,,867,CK3 00_landed_titles.txt
b_kampili,c_adoni,d_nulambavadi,k_karnata,e_deccan,false,,867,CK3 00_landed_titles.txt
b_kamru,c_kamru,d_kinnaur,k_guge,e_tibet,true,first_barony_in_county_block,867,CK3 00_landed_titles.txt
b_kamru_2,c_kangmar,d_xigaze,k_tsang,e_tibet,false,,867,CK3 00_landed_titles.txt
b_kamyanyets,c_berestye,d_volhynia,k_galicia-volhynia,e_west_slavia,false,,867,CK3 00_landed_titles.txt
b_kamychlov,c_yekaterinburg,d_vogulia,k_bashkiria,e_volga-ural,false,,867,CK3 00_landed_titles.txt
b_kamyshin,c_sarysyn,d_don_valley,k_pontic_steppe,e_caspian-pontic_steppe,false,,867,CK3 00_landed_titles.txt
b_kanais_al-hadid,c_sullum,d_alexandria,k_egypt,e_arabia,false,,867,CK3 00_landed_titles.txt
b_kanchipuram,c_kanchipuram,d_tondai_nadu,k_tamilakam,e_deccan,true,first_barony_in_county_block,867,CK3 00_landed_titles.txt
b_kandak,c_kishsh,d_soghd,k_transoxiana,e_turan,false,,867,CK3 00_landed_titles.txt
b_kandanavolu,c_gutti,d_nulambavadi,k_karnata,e_deccan,false,,867,CK3 00_landed_titles.txt
b_kandara,c_pompeiopolis,d_paphlagonia,k_pontus,e_byzantium,false,,867,CK3 00_landed_titles.txt
b_kandat_uul,c_chagdy_aallar,d_kargassia,k_khakassia,e_mongolia,true,first_barony_in_county_block,867,CK3 00_landed_titles.txt
b_kandava,c_vanemane,d_courland,k_lithuania,e_wendish_empire,false,,867,CK3 00_landed_titles.txt
b_kandi,c_nikki,d_borgu,k_borgu,e_guinea,false,,867,CK3 00_landed_titles.txt
b_kandiskaya,c_kartauzh,d_konda,k_yugra,e_siberia,false,,867,CK3 00_landed_titles.txt
b_kandygatai,c_kandygatai,d_jinghiz,k_kipchak,e_tartaria,true,first_barony_in_county_block,867,CK3 00_landed_titles.txt
b_kanem,c_kanem,d_kanem,k_kanem,e_kanem_bornu,false,,867,CK3 00_landed_titles.txt
b_kaneya,c_temne,d_sapi,k_guinea,e_guinea,false,,867,CK3 00_landed_titles.txt
b_kangaba,c_tabon,d_manding,k_mali,e_mali,false,,867,CK3 00_landed_titles.txt
b_kangmar,c_kangmar,d_xigaze,k_tsang,e_tibet,true,first_barony_in_county_block,867,CK3 00_landed_titles.txt
b_kangos,c_torne,d_vuovdisamieana,k_sapmi,e_scandinavia,false,,867,CK3 00_landed_titles.txt
b_kangra,c_kangra,d_lahore,k_punjab,e_rajastan,true,first_barony_in_county_block,867,CK3 00_landed_titles.txt
b_kangyu,c_bome,d_boyul,k_kham,e_tibet,false,,867,CK3 00_landed_titles.txt
b_kaniaga,c_kaniaga,d_kaniaga,k_ghana,e_mali,false,,867,CK3 00_landed_titles.txt
b_kaniana,c_jenne,d_jenne,k_jenne,e_mali,false,,867,CK3 00_landed_titles.txt
b_kaniv,c_kiev,d_kiev,k_ruthenia,e_russia,false,,867,CK3 00_landed_titles.txt
b_kankan,c_kankan,d_manding,k_mali,e_mali,true,first_barony_in_county_block,867,CK3 00_landed_titles.txt
b_kanker,c_cakrakuta,d_dandakaranya,k_orissa,e_bengal,false,,867,CK3 00_landed_titles.txt
b_kannanur,c_alupa,d_chera_nadu,k_tamilakam,e_deccan,true,first_barony_in_county_block,867,CK3 00_landed_titles.txt
b_kannanur_2,c_cholamandalam,d_chola_nadu,k_tamilakam,e_deccan,false,,867,CK3 00_landed_titles.txt
b_kano,c_kano,d_kano,k_hausaland,e_kanem_bornu,true,first_barony_in_county_block,867,CK3 00_landed_titles.txt
b_kansk,c_kansk,d_yenisei_kan,k_angara,e_mongolia,true,first_barony_in_county_block,867,CK3 00_landed_titles.txt
b_kantegir,c_kantegir,d_western_sayan,k_tuva,e_mongolia,false,,867,CK3 00_landed_titles.txt
b_kanthakota,c_kutch,d_anartta,k_gujarat,e_rajastan,true,first_barony_in_county_block,867,CK3 00_landed_titles.txt
b_kantit,c_chunar,d_kasi,k_bihar,e_bengal,false,,867,CK3 00_landed_titles.txt
b_kantor,c_wuli,d_wuli,k_kaabu,e_mali,false,,867,CK3 00_landed_titles.txt
b_kanyakubja,c_kanyakubja,d_kanyakubja,k_kosala,e_rajastan,true,first_barony_in_county_block,867,CK3 00_landed_titles.txt
b_kaoje,c_ilo,d_borgu,k_borgu,e_guinea,false,,867,CK3 00_landed_titles.txt
b_kaole,c_mrima,d_zanzibar,k_zanj,e_azania,false,,867,CK3 00_landed_titles.txt
b_kapan,c_suenik,d_greater_armenia,k_armenia,e_byzantium,true,first_barony_in_county_block,867,CK3 00_landed_titles.txt
b_kapfenberg,c_graz,d_steyermark,k_bavaria,e_germany,false,,867,CK3 00_landed_titles.txt
b_kaposvar,c_somogy,d_somogy,k_hungary,e_carpathia,false,,867,CK3 00_landed_titles.txt
b_kaptadyr,c_togotai,d_saryarka,k_cuman,e_tartaria,true,first_barony_in_county_block,867,CK3 00_landed_titles.txt
b_kapuvar,c_sopron,d_gyor,k_hungary,e_carpathia,false,,867,CK3 00_landed_titles.txt
b_kara,c_prayaga,d_kanyakubja,k_kosala,e_rajastan,false,,867,CK3 00_landed_titles.txt
b_kara-asirgan,c_kara_asirgan,d_naiman_gobi,k_dzungaria,e_tartaria,true,first_barony_in_county_block,867,CK3 00_landed_titles.txt
b_kara-mugai,c_kara-mugai,d_aral_il,k_oghuz_il,e_turan,true,first_barony_in_county_block,867,CK3 00_landed_titles.txt
b_kara_chumych,c_sorok,d_salair,k_ob,e_siberia,false,,867,CK3 00_landed_titles.txt
b_kara_khoja,c_kara_khoja,d_kara_khoja,k_dzungaria,e_tartaria,true,first_barony_in_county_block,867,CK3 00_landed_titles.txt
b_kara_khol_TUV,c_kara_khol,d_katu_yaryk,k_tuva,e_mongolia,true,first_barony_in_county_block,867,CK3 00_landed_titles.txt
b_kara_sor,c_eghiz_kara,d_qyzylsaryarka,k_cuman,e_tartaria,false,,867,CK3 00_landed_titles.txt
b_kara_urunkay,c_nurtay,d_karkaraly,k_saryarka,e_tartaria,false,,867,CK3 00_landed_titles.txt
b_karabalgasun,c_karabalgasun,d_orkhon,k_otuken,e_mongolia,true,first_barony_in_county_block,867,CK3 00_landed_titles.txt
b_karabas,c_karabas,d_karabas,k_saryarka,e_tartaria,true,first_barony_in_county_block,867,CK3 00_landed_titles.txt
b_karabash,c_karabash,d_uraltau,k_bashkiria,e_volga-ural,true,first_barony_in_county_block,867,CK3 00_landed_titles.txt
b_karabolam,c_karabolam,d_volga_bulgaria,k_volga_bulgaria,e_volga-ural,true,first_barony_in_county_block,867,CK3 00_landed_titles.txt
b_karabutak,c_mugodzhar_hills,d_mugodzhar_hills,k_caspian_steppe,e_caspian-pontic_steppe,true,first_barony_in_county_block,867,CK3 00_landed_titles.txt
b_karachev,c_karachev,d_karachev,k_ruthenia,e_russia,true,first_barony_in_county_block,867,CK3 00_landed_titles.txt
b_karagawa,c_mau,d_toro,k_guinea,e_guinea,false,,867,CK3 00_landed_titles.txt
b_karahataka,c_karahataka,d_rattapadi,k_maharastra,e_deccan,true,first_barony_in_county_block,867,CK3 00_landed_titles.txt
b_karaj-abu-dulad,c_nihawand,d_hamadan,k_persia,e_persia,false,,867,CK3 00_landed_titles.txt
b_karakoro,c_guidimaka,d_diafunu,k_ghana,e_mali,false,,867,CK3 00_landed_titles.txt
b_karakorum,c_karakorum,d_orkhon,k_otuken,e_mongolia,true,first_barony_in_county_block,867,CK3 00_landed_titles.txt
b_karakul,c_mushun,d_muyunkum,k_syr_darya,e_turan,false,,867,CK3 00_landed_titles.txt
b_karalbak,c_ulu_jitanjik,d_kokturgay,k_cuman,e_tartaria,false,,867,CK3 00_landed_titles.txt
b_karamay,c_karamay,d_tarbagatai,k_zhetysu,e_tartaria,true,first_barony_in_county_block,867,CK3 00_landed_titles.txt
b_karamuya,c_vitim,d_bargujin_tukum,k_buryatia,e_mongolia,false,,867,CK3 00_landed_titles.txt
b_karansebes,c_severin,d_oltenia,k_dacia,e_carpathia,false,,867,CK3 00_landed_titles.txt
b_karaoba,c_teke,d_kazakh,k_cuman,e_tartaria,false,,867,CK3 00_landed_titles.txt
b_karaoi,c_karabaigal,d_bargujin_tukum,k_buryatia,e_mongolia,false,,867,CK3 00_landed_titles.txt
b_karas_SIB,c_kolyvan,d_baraba_steppe,k_ob,e_siberia,false,,867,CK3 00_landed_titles.txt
b_karashar,c_karashar,d_karashar,k_khotan,e_turan,true,first_barony_in_county_block,867,CK3 00_landed_titles.txt
b_karasjohka,c_karasjohka,d_duortnoseatnu,k_sapmi,e_scandinavia,true,first_barony_in_county_block,867,CK3 00_landed_titles.txt
b_karasu,c_karasu,d_kush-murun,k_qara_dala,e_tartaria,true,first_barony_in_county_block,867,CK3 00_landed_titles.txt
b_karasuk,c_kainsk,d_lanikaz,k_sibir,e_siberia,false,,867,CK3 00_landed_titles.txt
b_karasye,c_mangyshlak,d_transcaspiana,k_oghuz_il,e_turan,false,,867,CK3 00_landed_titles.txt
b_karatangdy,c_eastern_tannu,d_tannu_ola,k_tuva,e_mongolia,true,first_barony_in_county_block,867,CK3 00_landed_titles.txt
b_karatayak,c_karatayak,d_voronezh,k_mordvinia,e_volga-ural,true,first_barony_in_county_block,867,CK3 00_landed_titles.txt
b_karates,c_tomorbulag,d_khovsgol,k_naimania,e_mongolia,false,,867,CK3 00_landed_titles.txt
b_karatsagaan,c_karatsagaan,d_selenga_valley,k_otuken,e_mongolia,true,first_barony_in_county_block,867,CK3 00_landed_titles.txt
b_karauda,c_karauda,d_eastern_sayan,k_khakassia,e_mongolia,true,first_barony_in_county_block,867,CK3 00_landed_titles.txt
b_karavur,c_kongu,d_pandya_nadu,k_tamilakam,e_deccan,true,first_barony_in_county_block,867,CK3 00_landed_titles.txt
b_karayu,c_dawaro,d_dawaro,k_adal,e_abyssinia,true,first_barony_in_county_block,867,CK3 00_landed_titles.txt
b_karbala,c_karbala,d_baghdad,k_mesopotamia,e_persia,true,first_barony_in_county_block,867,CK3 00_landed_titles.txt
b_kardang,c_dhankar,d_kinnaur,k_guge,e_tibet,false,,867,CK3 00_landed_titles.txt
b_karduran-khas,c_khiva,d_khorezm,k_transoxiana,e_turan,false,,867,CK3 00_landed_titles.txt
b_kareima,c_meroe,d_makuria,k_nubia,e_abyssinia,false,,867,CK3 00_landed_titles.txt
b_kargadan,c_kargadan,d_udmurtia,k_permia,e_volga-ural,true,first_barony_in_county_block,867,CK3 00_landed_titles.txt
b_kargalin,c_chich,d_vasyugan_mire,k_ob,e_siberia,false,,867,CK3 00_landed_titles.txt
b_kargat,c_ubins,d_baraba_steppe,k_ob,e_siberia,false,,867,CK3 00_landed_titles.txt
b_karghalik,c_karghalik,d_khotan,k_khotan,e_turan,true,first_barony_in_county_block,867,CK3 00_landed_titles.txt
b_kargopol,c_kargopol,d_chudia,k_bjarmaland,e_russia,true,first_barony_in_county_block,867,CK3 00_landed_titles.txt
b_karhada,c_karahataka,d_rattapadi,k_maharastra,e_deccan,false,,867,CK3 00_landed_titles.txt
b_kari_pospat_vosh,c_kharam-vosh,d_konda,k_yugra,e_siberia,false,,867,CK3 00_landed_titles.txt
b_karima,c_wargla,d_mzab,k_tahert,e_maghreb,false,,867,CK3 00_landed_titles.txt
b_karitsa,c_onsthia,d_vologda,k_bjarmaland,e_russia,false,,867,CK3 00_landed_titles.txt
b_kariyan,c_irahistan,d_fars,k_persia,e_persia,false,,867,CK3 00_landed_titles.txt
b_karkaraly,c_karkaraly,d_karkaraly,k_saryarka,e_tartaria,true,first_barony_in_county_block,867,CK3 00_landed_titles.txt
b_karkha,c_tib,d_wasit,k_mesopotamia,e_persia,false,,867,CK3 00_landed_titles.txt
b_karkuya,c_zaranj,d_sistan,k_makran,e_persia,false,,867,CK3 00_landed_titles.txt
b_karlivka,c_samar,d_levedia,k_pontic_steppe,e_caspian-pontic_steppe,false,,867,CK3 00_landed_titles.txt
b_karmanta,c_karmanta,d_vanga,k_bengal,e_bengal,true,first_barony_in_county_block,867,CK3 00_landed_titles.txt
b_karnalis,c_azysia,d_sebasteia,k_pontus,e_byzantium,true,first_barony_in_county_block,867,CK3 00_landed_titles.txt
b_karnaphuli,c_samatata,d_vanga,k_bengal,e_bengal,false,,867,CK3 00_landed_titles.txt
b_karnasubarna,c_gauda,d_gauda,k_bengal,e_bengal,true,first_barony_in_county_block,867,CK3 00_landed_titles.txt
b_karoonjar,c_sonda,d_sauvira,k_sindh,e_rajastan,false,,867,CK3 00_landed_titles.txt
b_karor,c_karor,d_multan,k_punjab,e_rajastan,true,first_barony_in_county_block,867,CK3 00_landed_titles.txt
b_karpathos,c_rhodos,d_aegean_islands,k_thessalonika,e_byzantium,false,,867,CK3 00_landed_titles.txt
b_kars,c_vanand,d_greater_armenia,k_armenia,e_byzantium,true,first_barony_in_county_block,867,CK3 00_landed_titles.txt
b_karsovay,c_kargadan,d_udmurtia,k_permia,e_volga-ural,false,,867,CK3 00_landed_titles.txt
b_kartaszevo,c_tara,d_tara,k_sibir,e_siberia,false,,867,CK3 00_landed_titles.txt
b_kartauzh,c_kartauzh,d_konda,k_yugra,e_siberia,true,first_barony_in_county_block,867,CK3 00_landed_titles.txt
b_kartikeyapura,c_kumaon,d_kurmanchal,k_himalaya,e_rajastan,true,first_barony_in_county_block,867,CK3 00_landed_titles.txt
b_karu_samys,c_teniz,d_saryarka,k_cuman,e_tartaria,true,first_barony_in_county_block,867,CK3 00_landed_titles.txt
b_karub,c_qamdo,d_qamdo,k_kham,e_tibet,false,,867,CK3 00_landed_titles.txt
b_karukh,c_herat,d_herat,k_khorasan,e_persia,false,,867,CK3 00_landed_titles.txt
b_karur,c_karur,d_multan,k_punjab,e_rajastan,true,first_barony_in_county_block,867,CK3 00_landed_titles.txt
b_karvuna,c_mesembria,d_dobrudja,k_bulgaria,e_byzantium,false,,867,CK3 00_landed_titles.txt
b_karymkary,c_koda,d_kazym,k_yugra,e_siberia,false,,867,CK3 00_landed_titles.txt
b_karytaina,c_messenia,d_achaia,k_hellas,e_byzantium,true,first_barony_in_county_block,867,CK3 00_landed_titles.txt
b_karzin,c_mandestan,d_fars,k_persia,e_persia,false,,867,CK3 00_landed_titles.txt
b_karzok,c_darcha,d_zanskar,k_maryul,e_tibet,false,,867,CK3 00_landed_titles.txt
b_kasa,c_kasa,d_kasa,k_kaabu,e_mali,true,first_barony_in_county_block,867,CK3 00_landed_titles.txt
b_kasan,c_ferghana,d_ferghana,k_transoxiana,e_turan,false,,867,CK3 00_landed_titles.txt
b_kasara,c_satyapura,d_stravani,k_rajputana,e_rajastan,false,,867,CK3 00_landed_titles.txt
b_kaseg,c_lika,d_croatia,k_croatia,e_byzantium,true,first_barony_in_county_block,867,CK3 00_landed_titles.txt
b_kash,c_kash,d_ili-alatau,k_zhetysu,e_tartaria,true,first_barony_in_county_block,867,CK3 00_landed_titles.txt
b_kashan,c_cherkassy,d_yedisan,k_pontic_steppe,e_caspian-pontic_steppe,false,,867,CK3 00_landed_titles.txt
b_kashan_VB,c_kazan,d_kazan,k_volga_bulgaria,e_volga-ural,false,,867,CK3 00_landed_titles.txt
b_kashgar,c_kashgar,d_kashgar,k_khotan,e_turan,true,first_barony_in_county_block,867,CK3 00_landed_titles.txt
b_kashid,c_bam,d_kirman,k_persia,e_persia,false,,867,CK3 00_landed_titles.txt
b_kashin,c_tver,d_opolye,k_opolye,e_russia,false,,867,CK3 00_landed_titles.txt
b_kashipur,c_radha,d_gauda,k_bengal,e_bengal,false,,867,CK3 00_landed_titles.txt
b_kashkarata,c_namastau,d_jemba,k_oghuz_il,e_turan,false,,867,CK3 00_landed_titles.txt
b_kasib,c_kargadan,d_udmurtia,k_permia,e_volga-ural,false,,867,CK3 00_landed_titles.txt
b_kaska,c_kaska,d_saryarka,k_cuman,e_tartaria,true,first_barony_in_county_block,867,CK3 00_landed_titles.txt
b_kaskar,c_wasit,d_wasit,k_mesopotamia,e_persia,false,,867,CK3 00_landed_titles.txt
b_kaskelen,c_kaskelen,d_zhetysu,k_zhetysu,e_tartaria,true,first_barony_in_county_block,867,CK3 00_landed_titles.txt
b_kaski,c_kaski,d_khasa,k_himalaya,e_rajastan,true,first_barony_in_county_block,867,CK3 00_landed_titles.txt
b_kasmala,c_barnaul,d_kulyndy_steppe,k_ob,e_siberia,false,,867,CK3 00_landed_titles.txt
b_kasr_al-kabir,c_tangiers,d_rif,k_maghreb,e_maghreb,false,,867,CK3 00_landed_titles.txt
b_kasriskari,c_svaneti,d_abkhazia,k_georgia,e_byzantium,true,first_barony_in_county_block,867,CK3 00_landed_titles.txt
b_kassa,c_abauj,d_ungvar,k_hungary,e_carpathia,false,,867,CK3 00_landed_titles.txt
b_kassala,c_kassala,d_baqlin,k_blemmyia,e_abyssinia,true,first_barony_in_county_block,867,CK3 00_landed_titles.txt
b_kassandreia,c_chalkidike,d_thessalonika,k_thessalonika,e_byzantium,false,,867,CK3 00_landed_titles.txt
b_kassarma,c_aralkizil,d_aral_il,k_oghuz_il,e_turan,true,first_barony_in_county_block,867,CK3 00_landed_titles.txt
b_kassel,c_kassel,d_hesse,k_east_francia,e_germany,true,first_barony_in_county_block,867,CK3 00_landed_titles.txt
b_kassi-markol,c_sai,d_makuria,k_nubia,e_abyssinia,false,,867,CK3 00_landed_titles.txt
b_kastoria,c_ohrid,d_bulgaria,k_bulgaria,e_byzantium,false,,867,CK3 00_landed_titles.txt
b_kasur,c_lahur,d_lahore,k_punjab,e_rajastan,false,,867,CK3 00_landed_titles.txt
b_katagum,c_katagum,d_kagha,k_kanem,e_kanem_bornu,true,first_barony_in_county_block,867,CK3 00_landed_titles.txt
b_katak,c_kataka,d_tosali,k_orissa,e_bengal,true,first_barony_in_county_block,867,CK3 00_landed_titles.txt
b_katakekaumene,c_lycaonia,d_anatolia,k_anatolia,e_byzantium,false,,867,CK3 00_landed_titles.txt
b_katargama,c_rohana,d_ruhunu,k_lanka,e_deccan,false,,867,CK3 00_landed_titles.txt
b_katasraj,c_bhera,d_lahore,k_punjab,e_rajastan,false,,867,CK3 00_landed_titles.txt
b_katata,c_showa,d_showa,k_abyssinia,e_abyssinia,true,first_barony_in_county_block,867,CK3 00_landed_titles.txt
b_kath,c_kath,d_khorezm,k_transoxiana,e_turan,true,first_barony_in_county_block,867,CK3 00_landed_titles.txt
b_kathmandu,c_kathmandu,d_nepal,k_himalaya,e_rajastan,true,first_barony_in_county_block,867,CK3 00_landed_titles.txt
b_katok,c_pelyul,d_dege,k_kham,e_tibet,false,,867,CK3 00_landed_titles.txt
b_katsina,c_katsina,d_katsina,k_hausaland,e_kanem_bornu,true,first_barony_in_county_block,867,CK3 00_landed_titles.txt
b_katu_yaryk,c_katu_yaryk,d_katu_yaryk,k_tuva,e_mongolia,true,first_barony_in_county_block,867,CK3 00_landed_titles.txt
b_katun,c_terektai,d_altaishan,k_ob,e_siberia,false,,867,CK3 00_landed_titles.txt
b_katyaion,c_prusa,d_opsikion,k_nikaea,e_byzantium,false,,867,CK3 00_landed_titles.txt
b_katzenelnbogen,c_mainz,d_west_franconia,k_east_francia,e_germany,false,,867,CK3 00_landed_titles.txt
b_kaufbeuren,c_augsburg,d_augsburg,k_bavaria,e_germany,false,,867,CK3 00_landed_titles.txt
b_kaulas,c_orangallu,d_warangal,k_telingana,e_deccan,false,,867,CK3 00_landed_titles.txt
b_kaunas,c_trakai,d_lithuanians,k_lithuania,e_wendish_empire,false,,867,CK3 00_landed_titles.txt
b_kaurestan,c_sif-i-umara,d_hormuz,k_persia,e_persia,false,,867,CK3 00_landed_titles.txt
b_kavala,c_serres,d_strymon,k_thessalonika,e_byzantium,false,,867,CK3 00_landed_titles.txt
b_kavurskotokale,c_rhodopes,d_philippopolis,k_bulgaria,e_byzantium,false,,867,CK3 00_landed_titles.txt
b_kawar_road,c_bilma,d_kawar,k_sahara,e_maghreb,false,,867,CK3 00_landed_titles.txt
b_kayal,c_madurai,d_pandya_nadu,k_tamilakam,e_deccan,false,,867,CK3 00_landed_titles.txt
b_kayan,c_lori,d_georgia,k_georgia,e_byzantium,false,,867,CK3 00_landed_titles.txt
b_kayao,c_wagadugu,d_wagadugu,k_gur,e_guinea,false,,867,CK3 00_landed_titles.txt
b_kayask,c_kolyvan,d_baraba_steppe,k_ob,e_siberia,false,,867,CK3 00_landed_titles.txt
b_kayaunpesh,c_uskes,d_sum,k_aynumosir,e_amur,false,,867,CK3 00_landed_titles.txt
b_kayavarohan,c_vadodara,d_lata,k_gujarat,e_rajastan,false,,867,CK3 00_landed_titles.txt
b_kazalinsk,c_yangikent,d_aral_il,k_oghuz_il,e_turan,false,,867,CK3 00_landed_titles.txt
b_kazan,c_kazan,d_kazan,k_volga_bulgaria,e_volga-ural,true,first_barony_in_county_block,867,CK3 00_landed_titles.txt
b_kazanka,c_kherson,d_kizilyedisan,k_pontic_steppe,e_caspian-pontic_steppe,false,,867,CK3 00_landed_titles.txt
b_kazanskaya,c_kazanskaya,d_don_valley,k_pontic_steppe,e_caspian-pontic_steppe,true,first_barony_in_county_block,867,CK3 00_landed_titles.txt
b_kazanskoye,c_kazanskoye,d_tara,k_sibir,e_siberia,true,first_barony_in_county_block,867,CK3 00_landed_titles.txt
b_kazarki,c_golden_hills,d_don_valley,k_pontic_steppe,e_caspian-pontic_steppe,false,,867,CK3 00_landed_titles.txt
b_kazarun,c_shiraz,d_fars,k_persia,e_persia,false,,867,CK3 00_landed_titles.txt
b_kazas,c_chagdy_aallar,d_kargassia,k_khakassia,e_mongolia,false,,867,CK3 00_landed_titles.txt
b_kazima,c_samman,d_bahrain,k_arabia,e_arabia,true,first_barony_in_county_block,867,CK3 00_landed_titles.txt
b_kazyr,c_chagdy_aallar,d_kargassia,k_khakassia,e_mongolia,false,,867,CK3 00_landed_titles.txt
b_kbumak,c_kbumak,d_aqtobe,k_caspian_steppe,e_caspian-pontic_steppe,true,first_barony_in_county_block,867,CK3 00_landed_titles.txt
b_kebbi,c_kebbi,d_kebbi,k_hausaland,e_kanem_bornu,true,first_barony_in_county_block,867,CK3 00_landed_titles.txt
b_kecskemet,c_visegrad,d_visegrad,k_hungary,e_carpathia,false,,867,CK3 00_landed_titles.txt
b_kedainiai,c_raseiniai,d_samogitia,k_lithuania,e_wendish_empire,false,,867,CK3 00_landed_titles.txt
b_kedama,c_masin,d_wagadu,k_ghana,e_mali,true,first_barony_in_county_block,867,CK3 00_landed_titles.txt
b_keffi,c_keffi,d_kwararafa,k_igbo-benue,e_guinea,true,first_barony_in_county_block,867,CK3 00_landed_titles.txt
b_kegen,c_almaty,d_zhetysu,k_zhetysu,e_tartaria,false,,867,CK3 00_landed_titles.txt
b_kehan,c_karghalik,d_khotan,k_khotan,e_turan,false,,867,CK3 00_landed_titles.txt
b_keitele,c_pielinen,d_savo,k_finland,e_scandinavia,false,,867,CK3 00_landed_titles.txt
b_keith,c_moray,d_moray,k_scotland,e_britannia,false,,867,CK3 00_landed_titles.txt
b_keladi,c_vatapi,d_raichur_doab,k_karnata,e_deccan,false,,867,CK3 00_landed_titles.txt
b_keli,c_abwab,d_makuria,k_nubia,e_abyssinia,false,,867,CK3 00_landed_titles.txt
b_keljiga,c_narim,d_ala_tau,k_ob,e_siberia,false,,867,CK3 00_landed_titles.txt
b_kelrayan,c_tagadur,d_chola_nadu,k_tamilakam,e_deccan,false,,867,CK3 00_landed_titles.txt
b_kelso,c_teviotdale,d_lothian,k_scotland,e_britannia,true,first_barony_in_county_block,867,CK3 00_landed_titles.txt
b_keltzine,c_trebizond,d_chaldia,k_pontus,e_byzantium,false,,867,CK3 00_landed_titles.txt
b_kelycyre,c_antipatreia,d_dyrrachion,k_epirus,e_byzantium,false,,867,CK3 00_landed_titles.txt
b_kem,c_viena,d_karelia,k_finland,e_scandinavia,true,first_barony_in_county_block,867,CK3 00_landed_titles.txt
b_kem_MON,c_krasnoyarsk,d_yenisei_kan,k_angara,e_mongolia,false,,867,CK3 00_landed_titles.txt
b_kembavi,c_sagar,d_kalyani,k_karnata,e_deccan,false,,867,CK3 00_landed_titles.txt
b_kemchug,c_krasnoyarsk,d_yenisei_kan,k_angara,e_mongolia,false,,867,CK3 00_landed_titles.txt
b_kemijavri,c_peaccam,d_giemajohka,k_sapmi,e_scandinavia,false,,867,CK3 00_landed_titles.txt
b_kemna,c_dongola,d_makuria,k_nubia,e_abyssinia,false,,867,CK3 00_landed_titles.txt
b_kempten,c_kempten,d_augsburg,k_bavaria,e_germany,true,first_barony_in_county_block,867,CK3 00_landed_titles.txt
b_kend-i-badam,c_khojand,d_ferghana,k_transoxiana,e_turan,false,,867,CK3 00_landed_titles.txt
b_kendal,c_westmorland,d_lancaster,k_england,e_britannia,true,first_barony_in_county_block,867,CK3 00_landed_titles.txt
b_kenduli,c_rajrappa,d_jharkand,k_bihar,e_bengal,false,,867,CK3 00_landed_titles.txt
b_kensala,c_kaabu,d_kaabu,k_kaabu,e_mali,false,,867,CK3 00_landed_titles.txt
b_kent_KAZ,c_karkaraly,d_karkaraly,k_saryarka,e_tartaria,false,,867,CK3 00_landed_titles.txt
b_kenu,c_ilesa,d_borgu,k_borgu,e_guinea,false,,867,CK3 00_landed_titles.txt
b_kera,c_kera,d_wandala,k_sao,e_kanem_bornu,true,first_barony_in_county_block,867,CK3 00_landed_titles.txt
b_kerak,c_kerak,d_oultrejourdain,k_jerusalem,e_arabia,true,first_barony_in_county_block,867,CK3 00_landed_titles.txt
b_kerch,c_kerch,d_crimea,k_pontic_steppe,e_caspian-pontic_steppe,true,first_barony_in_county_block,867,CK3 00_landed_titles.txt
b_kerend,c_dihistan,d_gurgan,k_daylam,e_persia,true,first_barony_in_county_block,867,CK3 00_landed_titles.txt
b_kerend-kermanshah,c_kermanshah,d_kermanshah,k_persia,e_persia,false,,867,CK3 00_landed_titles.txt
b_kerimeri,c_mahur,d_warangal,k_telingana,e_deccan,false,,867,CK3 00_landed_titles.txt
b_keriya,c_keriya,d_khotan,k_khotan,e_turan,true,first_barony_in_county_block,867,CK3 00_landed_titles.txt
b_kerken,c_kerken,d_ural,k_permia,e_volga-ural,true,first_barony_in_county_block,867,CK3 00_landed_titles.txt
b_kerker,c_dar-al-rih,d_darfur,k_darfur,e_kanem_bornu,false,,867,CK3 00_landed_titles.txt
b_kerkinitis,c_kalos_limen,d_crimea,k_pontic_steppe,e_caspian-pontic_steppe,true,first_barony_in_county_block,867,CK3 00_landed_titles.txt
b_kermanshah,c_kermanshah,d_kermanshah,k_persia,e_persia,true,first_barony_in_county_block,867,CK3 00_landed_titles.txt
b_kerminiya,c_dabusiya,d_soghd,k_transoxiana,e_turan,false,,867,CK3 00_landed_titles.txt
b_kernave,c_kernave,d_lithuanians,k_lithuania,e_wendish_empire,true,first_barony_in_county_block,867,CK3 00_landed_titles.txt
b_kesaria,c_simaramapura,d_tirabhukti,k_bihar,e_bengal,false,,867,CK3 00_landed_titles.txt
b_kesen,c_korehari,d_hitakami,k_hitakami,e_amur,false,,867,CK3 00_landed_titles.txt
b_keshmar,c_baihaq,d_nishapur,k_khorasan,e_persia,true,first_barony_in_county_block,867,CK3 00_landed_titles.txt
b_kesmark,c_spis,d_ungvar,k_hungary,e_carpathia,false,,867,CK3 00_landed_titles.txt
b_ket,c_tomsk,d_ala_tau,k_ob,e_siberia,false,,867,CK3 00_landed_titles.txt
b_keta,c_ewe,d_eweland,k_akan,e_guinea,false,,867,CK3 00_landed_titles.txt
b_kete-karachi,c_nanumba,d_eweland,k_akan,e_guinea,false,,867,CK3 00_landed_titles.txt
b_kettering,c_northamptonshire,d_hereford,k_england,e_britannia,false,,867,CK3 00_landed_titles.txt
b_ketu,c_ketu,d_ibadan,k_yorubaland,e_guinea,true,first_barony_in_county_block,867,CK3 00_landed_titles.txt
b_ketuni,c_tarayka,d_sahaliyan,k_aynumosir,e_amur,false,,867,CK3 00_landed_titles.txt
b_kevevar,c_keve,d_temes,k_hungary,e_carpathia,true,first_barony_in_county_block,867,CK3 00_landed_titles.txt
b_kevrola,c_kevrola,d_ustyug,k_bjarmaland,e_russia,true,first_barony_in_county_block,867,CK3 00_landed_titles.txt
b_khabis,c_kirman,d_kirman,k_persia,e_persia,true,first_barony_in_county_block,867,CK3 00_landed_titles.txt
b_khabushan,c_abivard,d_nasa,k_khorasan,e_persia,false,,867,CK3 00_landed_titles.txt
b_khaffan,c_safata,d_kufa,k_mesopotamia,e_persia,false,,867,CK3 00_landed_titles.txt
b_khajuraho,c_kalanjara,d_jejakabhukti,k_kosala,e_rajastan,false,,867,CK3 00_landed_titles.txt
b_khalatse,c_leh,d_ladakh,k_maryul,e_tibet,false,,867,CK3 00_landed_titles.txt
b_khalkhal,c_ardabil,d_azerbaijan,k_daylam,e_persia,false,,867,CK3 00_landed_titles.txt
b_khaluvana,c_sakarai,d_ajmer,k_rajputana,e_rajastan,false,,867,CK3 00_landed_titles.txt
b_khamar_daban,c_selenga,d_selenga_valley,k_otuken,e_mongolia,false,,867,CK3 00_landed_titles.txt
b_khambhat,c_khetaka,d_gurjara_mandala,k_gujarat,e_rajastan,false,,867,CK3 00_landed_titles.txt
b_khan_huhiin,c_uvs_nuur,d_ubsunur_hollow,k_naimania,e_mongolia,false,,867,CK3 00_landed_titles.txt
b_khan_khokhii,c_uvs_nuur,d_ubsunur_hollow,k_naimania,e_mongolia,false,,867,CK3 00_landed_titles.txt
b_khandwa,c_asirgarh,d_anupa,k_malwa,e_rajastan,false,,867,CK3 00_landed_titles.txt
b_khanijar,c_kirkuk,d_samarra,k_mesopotamia,e_persia,false,,867,CK3 00_landed_titles.txt
b_khanjargalant,c_khanjargalant,d_orkhon,k_otuken,e_mongolia,true,first_barony_in_county_block,867,CK3 00_landed_titles.txt
b_khannesin,c_rudbar,d_sistan,k_makran,e_persia,false,,867,CK3 00_landed_titles.txt
b_khanty-mansiisk,c_kazym,d_kazym,k_yugra,e_siberia,false,,867,CK3 00_landed_titles.txt
b_khaplu,c_khaplu,d_baltiyul,k_maryul,e_tibet,true,first_barony_in_county_block,867,CK3 00_landed_titles.txt
b_khar_us,c_khar_us,d_zavkhan,k_naimania,e_mongolia,true,first_barony_in_county_block,867,CK3 00_landed_titles.txt
b_kharad,c_merv,d_merv,k_khorasan,e_persia,false,,867,CK3 00_landed_titles.txt
b_kharam-vosh,c_kharam-vosh,d_konda,k_yugra,e_siberia,true,first_barony_in_county_block,867,CK3 00_landed_titles.txt
b_kharga,c_kharga,d_al-wahat,k_egypt,e_arabia,true,first_barony_in_county_block,867,CK3 00_landed_titles.txt
b_khargal,c_karatsagaan,d_selenga_valley,k_otuken,e_mongolia,false,,867,CK3 00_landed_titles.txt
b_khargone,c_asirgarh,d_anupa,k_malwa,e_rajastan,false,,867,CK3 00_landed_titles.txt
b_kharka,c_samar,d_levedia,k_pontic_steppe,e_caspian-pontic_steppe,false,,867,CK3 00_landed_titles.txt
b_kharnabuji,c_kakheti,d_georgia,k_georgia,e_byzantium,false,,867,CK3 00_landed_titles.txt
b_kharsa,c_quqen,d_gyalrong,k_gyalrong,e_tibet,false,,867,CK3 00_landed_titles.txt
b_khartomor_uul,c_uul_chors,d_shoria,k_khakassia,e_mongolia,false,,867,CK3 00_landed_titles.txt
b_khasagt_khairkhan,c_khasagt_khairkhan,d_ovorkhangai,k_naimania,e_mongolia,true,first_barony_in_county_block,867,CK3 00_landed_titles.txt
b_khasht,c_ghur,d_ghur,k_khorasan,e_persia,false,,867,CK3 00_landed_titles.txt
b_khawaf,c_bakharz,d_herat,k_khorasan,e_persia,false,,867,CK3 00_landed_titles.txt
b_khawaj,c_zaranj,d_sistan,k_makran,e_persia,false,,867,CK3 00_landed_titles.txt
b_khawas,c_oshrusana,d_osrushana,k_transoxiana,e_turan,false,,867,CK3 00_landed_titles.txt
b_khawr,c_khawr,d_makran,k_makran,e_persia,true,first_barony_in_county_block,867,CK3 00_landed_titles.txt
b_khawr_baraka,c_djarin,d_baqlin,k_blemmyia,e_abyssinia,false,,867,CK3 00_landed_titles.txt
b_khawr_nubt,c_wadi_amur,d_naqis,k_blemmyia,e_abyssinia,true,first_barony_in_county_block,867,CK3 00_landed_titles.txt
b_khaybar,c_khaybar,d_medina,k_arabia,e_arabia,true,first_barony_in_county_block,867,CK3 00_landed_titles.txt
b_khaylam,c_ferghana,d_ferghana,k_transoxiana,e_turan,false,,867,CK3 00_landed_titles.txt
b_khazana,c_yazd,d_yazd,k_persia,e_persia,false,,867,CK3 00_landed_titles.txt
b_khazaran,c_astrakhan,d_khazaria,k_caucasus,e_caspian-pontic_steppe,false,,867,CK3 00_landed_titles.txt
b_khemchiq,c_central_tannu,d_tannu_ola,k_tuva,e_mongolia,true,first_barony_in_county_block,867,CK3 00_landed_titles.txt
b_khentii,c_khentii,d_ogrash,k_otuken,e_mongolia,true,first_barony_in_county_block,867,CK3 00_landed_titles.txt
b_kheranion,c_satala,d_chaldia,k_pontus,e_byzantium,false,,867,CK3 00_landed_titles.txt
b_khereeoi,c_bratsk,d_chuna_valley,k_angara,e_mongolia,false,,867,CK3 00_landed_titles.txt
b_kherla,c_ramagiri,d_vidharba,k_maharastra,e_deccan,false,,867,CK3 00_landed_titles.txt
b_kherson,c_kherson,d_kizilyedisan,k_pontic_steppe,e_caspian-pontic_steppe,true,first_barony_in_county_block,867,CK3 00_landed_titles.txt
b_khetaka,c_khetaka,d_gurjara_mandala,k_gujarat,e_rajastan,true,first_barony_in_county_block,867,CK3 00_landed_titles.txt
b_khijjinga,c_khijjingakota,d_tosali,k_orissa,e_bengal,true,first_barony_in_county_block,867,CK3 00_landed_titles.txt
b_khilem_khamar,c_bargajan,d_dauria,k_buryatia,e_mongolia,false,,867,CK3 00_landed_titles.txt
b_khilgazar,c_uulynkhol,d_baigaluuls,k_buryatia,e_mongolia,false,,867,CK3 00_landed_titles.txt
b_khilok,c_chikoy,d_uda_valley,k_buryatia,e_mongolia,false,,867,CK3 00_landed_titles.txt
b_khin,c_sabzevar,d_herat,k_khorasan,e_persia,false,,867,CK3 00_landed_titles.txt
b_khindigtik_khol,c_western_tannu,d_tannu_ola,k_tuva,e_mongolia,false,,867,CK3 00_landed_titles.txt
b_khinisi,c_turuberan,d_vaspurakan,k_armenia,e_byzantium,false,,867,CK3 00_landed_titles.txt
b_khinjali,c_khinjali_mandala,d_tosali,k_orissa,e_bengal,true,first_barony_in_county_block,867,CK3 00_landed_titles.txt
b_khiva,c_khiva,d_khorezm,k_transoxiana,e_turan,true,first_barony_in_county_block,867,CK3 00_landed_titles.txt
b_khlat,c_apahunik,d_vaspurakan,k_armenia,e_byzantium,false,,867,CK3 00_landed_titles.txt
b_khodzhakala,c_dihistan,d_gurgan,k_daylam,e_persia,false,,867,CK3 00_landed_titles.txt
b_khogno_khan,c_karakorum,d_orkhon,k_otuken,e_mongolia,false,,867,CK3 00_landed_titles.txt
b_khoidkhiliin,c_kansk,d_yenisei_kan,k_angara,e_mongolia,false,,867,CK3 00_landed_titles.txt
b_khojand,c_khojand,d_ferghana,k_transoxiana,e_turan,true,first_barony_in_county_block,867,CK3 00_landed_titles.txt
b_khokand,c_nasaiya,d_ferghana,k_transoxiana,e_turan,false,,867,CK3 00_landed_titles.txt
b_khokhoo,c_khokhoo,d_selenga_valley,k_otuken,e_mongolia,true,first_barony_in_county_block,867,CK3 00_landed_titles.txt
b_kholm,c_cherven,d_cherven_cities,k_galicia-volhynia,e_west_slavia,false,,867,CK3 00_landed_titles.txt
b_kholm_NOV,c_luki,d_luki,k_novgorod,e_russia,false,,867,CK3 00_landed_titles.txt
b_kholmogory,c_kholmogory,d_biarmia,k_bjarmaland,e_russia,true,first_barony_in_county_block,867,CK3 00_landed_titles.txt
b_khoper,c_balachev,d_khopyor,k_mordvinia,e_volga-ural,false,,867,CK3 00_landed_titles.txt
b_khopyor,c_khopyor,d_khopyor,k_mordvinia,e_volga-ural,true,first_barony_in_county_block,867,CK3 00_landed_titles.txt
b_khoridol_saridag,c_darkhad_valley,d_khovsgol,k_naimania,e_mongolia,false,,867,CK3 00_landed_titles.txt
b_khortytsia,c_khortytsia,d_red_levedia,k_pontic_steppe,e_caspian-pontic_steppe,true,first_barony_in_county_block,867,CK3 00_landed_titles.txt
b_khorysdan,c_khursa,d_voronezh,k_mordvinia,e_volga-ural,false,,867,CK3 00_landed_titles.txt
b_khoshk-rud,c_nih,d_sistan,k_makran,e_persia,false,,867,CK3 00_landed_titles.txt
b_khost,c_urgun,d_gandhara,k_punjab,e_rajastan,false,,867,CK3 00_landed_titles.txt
b_khotan,c_khotan,d_khotan,k_khotan,e_turan,true,first_barony_in_county_block,867,CK3 00_landed_titles.txt
b_khotang,c_khotang,d_limbuwan,k_himalaya,e_rajastan,true,first_barony_in_county_block,867,CK3 00_landed_titles.txt
b_khoton,c_tavan_bogd,d_altaishan,k_ob,e_siberia,false,,867,CK3 00_landed_titles.txt
b_khoupum,c_manipur,d_para_lauhitya,k_kamarupa,e_bengal,false,,867,CK3 00_landed_titles.txt
b_khoyorgol,c_mumo,d_orkhon,k_otuken,e_mongolia,false,,867,CK3 00_landed_titles.txt
b_khubadan,c_arrajan,d_fars,k_persia,e_persia,false,,867,CK3 00_landed_titles.txt
b_khubayan,c_behabad,d_kirman,k_persia,e_persia,false,,867,CK3 00_landed_titles.txt
b_khudabad,c_ranikot,d_sauvira,k_sindh,e_rajastan,false,,867,CK3 00_landed_titles.txt
b_khudan_BUR,c_ulan_ude,d_uda_valley,k_buryatia,e_mongolia,false,,867,CK3 00_landed_titles.txt
b_khuftidkan,c_shahrazur,d_kurdistan,k_jazira,e_persia,false,,867,CK3 00_landed_titles.txt
b_khuftiyan,c_kurdistan,d_kurdistan,k_jazira,e_persia,false,,867,CK3 00_landed_titles.txt
b_khuisiin_naiman_nuur,c_tovkhon,d_ovorkhangai,k_naimania,e_mongolia,false,,867,CK3 00_landed_titles.txt
b_khuiten,c_tavan_bogd,d_altaishan,k_ob,e_siberia,true,first_barony_in_county_block,867,CK3 00_landed_titles.txt
b_khulays,c_mecca,d_mecca,k_arabia,e_arabia,false,,867,CK3 00_landed_titles.txt
b_khuldursgal,c_uulynkhol,d_baigaluuls,k_buryatia,e_mongolia,false,,867,CK3 00_landed_titles.txt
b_khulm,c_east-tokharestan,d_balkh,k_khorasan,e_persia,true,first_barony_in_county_block,867,CK3 00_landed_titles.txt
b_khunaj,c_maragha,d_azerbaijan,k_daylam,e_persia,false,,867,CK3 00_landed_titles.txt
b_khunasira,c_suriya,d_aleppo,k_syria,e_arabia,false,,867,CK3 00_landed_titles.txt
b_khur,c_tun,d_kohestan,k_khorasan,e_persia,false,,867,CK3 00_landed_titles.txt
b_khurayba,c_kinda_sakun,d_hadramawt,k_yemen,e_arabia,false,,867,CK3 00_landed_titles.txt
b_khurel_uul,c_monkh_saridag,d_eastern_sayan,k_khakassia,e_mongolia,false,,867,CK3 00_landed_titles.txt
b_khurnak,c_khurnak,d_aksai_chin,k_maryul,e_tibet,true,first_barony_in_county_block,867,CK3 00_landed_titles.txt
b_khursa,c_khursa,d_voronezh,k_mordvinia,e_volga-ural,true,first_barony_in_county_block,867,CK3 00_landed_titles.txt
b_khusf,c_qain,d_kohestan,k_khorasan,e_persia,false,,867,CK3 00_landed_titles.txt
b_khutag,c_bombogor,d_ovorkhangai,k_naimania,e_mongolia,false,,867,CK3 00_landed_titles.txt
b_khuwar,c_khuwar,d_rayy,k_persia,e_persia,true,first_barony_in_county_block,867,CK3 00_landed_titles.txt
b_khwash,c_sanij,d_makran,k_makran,e_persia,false,,867,CK3 00_landed_titles.txt
b_khyarhgas,c_ulaangom,d_ubsunur_hollow,k_naimania,e_mongolia,false,,867,CK3 00_landed_titles.txt
b_khyungchu,c_ngawa,d_gyalrong,k_gyalrong,e_tibet,false,,867,CK3 00_landed_titles.txt
b_kiang,c_jara,d_kaabu,k_kaabu,e_mali,false,,867,CK3 00_landed_titles.txt
b_kiangwe,c_lamu,d_pate,k_zanj,e_azania,false,,867,CK3 00_landed_titles.txt
b_kibithu,c_tezu,d_dzayul,k_lhomon,e_tibet,false,,867,CK3 00_landed_titles.txt
b_kibran,c_begemder,d_gondar,k_abyssinia,e_abyssinia,false,,867,CK3 00_landed_titles.txt
b_kicevo,c_skopje,d_bulgaria,k_bulgaria,e_byzantium,false,,867,CK3 00_landed_titles.txt
b_kidal,c_tadmekka,d_tadmekka,k_sahara,e_maghreb,false,,867,CK3 00_landed_titles.txt
b_kidderminster,c_worcestershire,d_hereford,k_england,e_britannia,false,,867,CK3 00_landed_titles.txt
b_kidila,c_sortavala,d_karelia,k_finland,e_scandinavia,false,,867,CK3 00_landed_titles.txt
b_kiel,c_lubeck,d_holstein,k_saxony,e_germany,false,,867,CK3 00_landed_titles.txt
b_kielce,c_sandomierska,d_lesser_poland,k_poland,e_west_slavia,false,,867,CK3 00_landed_titles.txt
b_kiev,c_kiev,d_kiev,k_ruthenia,e_russia,true,first_barony_in_county_block,867,CK3 00_landed_titles.txt
b_kiia,c_kiia,d_ala_tau,k_ob,e_siberia,true,first_barony_in_county_block,867,CK3 00_landed_titles.txt
b_kiilt,c_skolt,d_giemajohka,k_sapmi,e_scandinavia,false,,867,CK3 00_landed_titles.txt
b_kilcudbrite,c_galloway,d_galloway,k_scotland,e_britannia,true,first_barony_in_county_block,867,CK3 00_landed_titles.txt
b_kildare,c_dublin,d_meath,k_ireland,e_britannia,false,,867,CK3 00_landed_titles.txt
b_kilimanjaro,c_kilimanjaro,d_bonde_la_ufa,k_zanj,e_azania,true,first_barony_in_county_block,867,CK3 00_landed_titles.txt
b_kilkenny,c_ossory,d_leinster,k_ireland,e_britannia,false,,867,CK3 00_landed_titles.txt
b_killala,c_mayo,d_connacht,k_ireland,e_britannia,false,,867,CK3 00_landed_titles.txt
b_killi,c_tirakka,d_timbuktu,k_songhay,e_mali,false,,867,CK3 00_landed_titles.txt
b_kilmallock,c_thomond,d_munster,k_ireland,e_britannia,false,,867,CK3 00_landed_titles.txt
b_kilmarten,c_argyll,d_western_isles,k_scotland,e_britannia,true,first_barony_in_county_block,867,CK3 00_landed_titles.txt
b_kim,c_kuku,d_baguirmi,k_sao,e_kanem_bornu,false,,867,CK3 00_landed_titles.txt
b_kinasir,c_chupka,d_menas,k_aynumosir,e_amur,true,first_barony_in_county_block,867,CK3 00_landed_titles.txt
b_kincardine,c_mearns,d_albany,k_scotland,e_britannia,false,,867,CK3 00_landed_titles.txt
b_kincora,c_ennis,d_munster,k_ireland,e_britannia,false,,867,CK3 00_landed_titles.txt
b_kindaholm,c_vastergotland,d_vastergotland,k_sweden,e_scandinavia,false,,867,CK3 00_landed_titles.txt
b_kineshma,c_nizhny_novgorod,d_nizhny_novgorod,k_opolye,e_russia,false,,867,CK3 00_landed_titles.txt
b_kingston,c_surrey,d_canterbury,k_england,e_britannia,false,,867,CK3 00_landed_titles.txt
b_kingui,c_kingui,d_diafunu,k_ghana,e_mali,false,,867,CK3 00_landed_titles.txt
b_kinna,c_lower_galatia,d_cappadocia,k_anatolia,e_byzantium,false,,867,CK3 00_landed_titles.txt
b_kinnevald,c_varend,d_smaland,k_sweden,e_scandinavia,false,,867,CK3 00_landed_titles.txt
b_kinsale,c_desmond,d_munster,k_ireland,e_britannia,false,,867,CK3 00_landed_titles.txt
b_kintampo,c_bono,d_brong,k_akan,e_guinea,false,,867,CK3 00_landed_titles.txt
b_kintus,c_kintus,d_guoldat,k_sapmi,e_scandinavia,true,first_barony_in_county_block,867,CK3 00_landed_titles.txt
b_kipini,c_lamu,d_pate,k_zanj,e_azania,false,,867,CK3 00_landed_titles.txt
b_kiranapura,c_kiranapura,d_daksina_kosala,k_orissa,e_bengal,true,first_barony_in_county_block,867,CK3 00_landed_titles.txt
b_kiratakupa,c_satyapura,d_stravani,k_rajputana,e_rajastan,false,,867,CK3 00_landed_titles.txt
b_kircaldy,c_fife,d_albany,k_scotland,e_britannia,false,,867,CK3 00_landed_titles.txt
b_kirchberg,c_burgau,d_augsburg,k_bavaria,e_germany,false,,867,CK3 00_landed_titles.txt
b_kirei,c_tulun,d_chuna_valley,k_angara,e_mongolia,false,,867,CK3 00_landed_titles.txt
b_kirenga,c_baigaluuls,d_baigaluuls,k_buryatia,e_mongolia,true,first_barony_in_county_block,867,CK3 00_landed_titles.txt
b_kirgichanskaya,c_kumych,d_perm,k_permia,e_volga-ural,false,,867,CK3 00_landed_titles.txt
b_kiri-bara,c_jenne,d_jenne,k_jenne,e_mali,false,,867,CK3 00_landed_titles.txt
b_kirikongo,c_lobi,d_lobi,k_kong,e_guinea,false,,867,CK3 00_landed_titles.txt
b_kirillov,c_kirillov,d_chudia,k_bjarmaland,e_russia,true,first_barony_in_county_block,867,CK3 00_landed_titles.txt
b_kirina,c_sibi_mali,d_manding,k_mali,e_mali,false,,867,CK3 00_landed_titles.txt
b_kirinyaga,c_kirinyaga,d_bonde_la_ufa,k_zanj,e_azania,true,first_barony_in_county_block,867,CK3 00_landed_titles.txt
b_kirishi,c_tikhvin,d_vepsia,k_novgorod,e_russia,false,,867,CK3 00_landed_titles.txt
b_kirkuk,c_kirkuk,d_samarra,k_mesopotamia,e_persia,true,first_barony_in_county_block,867,CK3 00_landed_titles.txt
b_kirkwall,c_orkney,d_northern_isles,k_norway,e_scandinavia,true,first_barony_in_county_block,867,CK3 00_landed_titles.txt
b_kirman,c_kirman,d_kirman,k_persia,e_persia,false,,867,CK3 00_landed_titles.txt
b_kirriemuir,c_angus,d_albany,k_scotland,e_britannia,false,,867,CK3 00_landed_titles.txt
b_kirsanov,c_serdosk,d_saran,k_mordvinia,e_volga-ural,false,,867,CK3 00_landed_titles.txt
b_kirtipur,c_kathmandu,d_nepal,k_himalaya,e_rajastan,false,,867,CK3 00_landed_titles.txt
b_kish-rudbar,c_rudbar,d_sistan,k_makran,e_persia,false,,867,CK3 00_landed_titles.txt
b_kishm,c_badakhshan,d_badakhshan,k_transoxiana,e_turan,false,,867,CK3 00_landed_titles.txt
b_kishsh,c_kishsh,d_soghd,k_transoxiana,e_turan,true,first_barony_in_county_block,867,CK3 00_landed_titles.txt
b_kisi,c_kisi,d_loma,k_mali,e_mali,false,,867,CK3 00_landed_titles.txt
b_kiskunhalas,c_csongrad,d_bacs,k_hungary,e_carpathia,false,,867,CK3 00_landed_titles.txt
b_kismayo,c_pate,d_pate,k_zanj,e_azania,false,,867,CK3 00_landed_titles.txt
b_kissi,c_oudalan,d_upper_gurma,k_gurma,e_mali,true,first_barony_in_county_block,867,CK3 00_landed_titles.txt
b_kita,c_kita,d_kaniaga,k_ghana,e_mali,true,first_barony_in_county_block,867,CK3 00_landed_titles.txt
b_kitat,c_kiia,d_ala_tau,k_ob,e_siberia,false,,867,CK3 00_landed_titles.txt
b_kitka,c_kitka,d_giemajohka,k_sapmi,e_scandinavia,true,first_barony_in_county_block,867,CK3 00_landed_titles.txt
b_kitoi,c_kitoi,d_angara,k_angara,e_mongolia,true,first_barony_in_county_block,867,CK3 00_landed_titles.txt
b_kittal,c_kittila,d_vuovdisamieana,k_sapmi,e_scandinavia,true,first_barony_in_county_block,867,CK3 00_landed_titles.txt
b_kitzbuhel,c_berchtesgaden,d_salzburg,k_bavaria,e_germany,false,,867,CK3 00_landed_titles.txt
b_kiunga,c_pate,d_pate,k_zanj,e_azania,false,,867,CK3 00_landed_titles.txt
b_kiz,c_kiz,d_makran,k_makran,e_persia,true,first_barony_in_county_block,867,CK3 00_landed_titles.txt
b_kizir,c_kizir,d_blue_khakassia,k_khakassia,e_mongolia,true,first_barony_in_county_block,867,CK3 00_landed_titles.txt
b_kizlyar,c_samiran,d_ciscaucasia,k_caucasus,e_caspian-pontic_steppe,false,,867,CK3 00_landed_titles.txt
b_kjoosonoi,c_gatsuurgazar,d_lena,k_angara,e_mongolia,false,,867,CK3 00_landed_titles.txt
b_kladovo,c_vidin,d_vidin,k_bulgaria,e_byzantium,false,,867,CK3 00_landed_titles.txt
b_kladzko,c_hradec,d_bohemia,k_bohemia,e_west_slavia,false,,867,CK3 00_landed_titles.txt
b_klagenfurt,c_karnten,d_carinthia,k_bavaria,e_germany,true,first_barony_in_county_block,867,CK3 00_landed_titles.txt
b_klaustur,c_sudurland,d_iceland,k_norway,e_scandinavia,false,,867,CK3 00_landed_titles.txt
b_klenovskaya,c_kumych,d_perm,k_permia,e_volga-ural,false,,867,CK3 00_landed_titles.txt
b_klenow,c_havelberg,d_ostmark,k_pomerania,e_wendish_empire,false,,867,CK3 00_landed_titles.txt
b_klepiki,c_ryazan,d_ryazan,k_opolye,e_russia,false,,867,CK3 00_landed_titles.txt
b_kletsk,c_kletsk,d_pinsk,k_white_rus,e_russia,true,first_barony_in_county_block,867,CK3 00_landed_titles.txt
b_klevan,c_peresopnytsia,d_volhynia,k_galicia-volhynia,e_west_slavia,false,,867,CK3 00_landed_titles.txt
b_kleve,c_cleves,d_julich,k_lotharingia,e_germany,true,first_barony_in_county_block,867,CK3 00_landed_titles.txt
b_klichen,c_valdai,d_luki,k_novgorod,e_russia,false,,867,CK3 00_landed_titles.txt
b_klimavichy,c_roslavl,d_smolensk,k_white_rus,e_russia,false,,867,CK3 00_landed_titles.txt
b_klin,c_tver,d_opolye,k_opolye,e_russia,false,,867,CK3 00_landed_titles.txt
b_klingenberg,c_klingenberg,d_west_franconia,k_east_francia,e_germany,true,first_barony_in_county_block,867,CK3 00_landed_titles.txt
b_kljuc,c_zachlumia,d_usora,k_croatia,e_byzantium,false,,867,CK3 00_landed_titles.txt
b_kljucnasani,c_donjikraji,d_bosna,k_croatia,e_byzantium,false,,867,CK3 00_landed_titles.txt
b_klodawa,c_leczycka,d_kuyavia,k_poland,e_west_slavia,false,,867,CK3 00_landed_titles.txt
b_knin,c_knin,d_dalmatia,k_croatia,e_byzantium,true,first_barony_in_county_block,867,CK3 00_landed_titles.txt
b_knittelfeld,c_knittelfeld,d_carinthia,k_bavaria,e_germany,true,first_barony_in_county_block,867,CK3 00_landed_titles.txt
b_koardegk,c_east_kiilt,d_guoldat,k_sapmi,e_scandinavia,false,,867,CK3 00_landed_titles.txt
b_koblenz,c_koblenz,d_lower_lorraine,k_lotharingia,e_germany,true,first_barony_in_county_block,867,CK3 00_landed_titles.txt
b_kobryn,c_dorohychyn,d_volhynia,k_galicia-volhynia,e_west_slavia,false,,867,CK3 00_landed_titles.txt
b_koca,c_kargadan,d_udmurtia,k_permia,e_volga-ural,false,,867,CK3 00_landed_titles.txt
b_kodalaka,c_kodalaka_mandala,d_tosali,k_orissa,e_bengal,true,first_barony_in_county_block,867,CK3 00_landed_titles.txt
b_koflach,c_graz,d_steyermark,k_bavaria,e_germany,false,,867,CK3 00_landed_titles.txt
b_kohlu,c_kalat,d_multan,k_punjab,e_rajastan,false,,867,CK3 00_landed_titles.txt
b_koima,c_gao,d_kawkaw,k_songhay,e_mali,false,,867,CK3 00_landed_titles.txt
b_koivisto,c_kakisalmi,d_karelia,k_finland,e_scandinavia,false,,867,CK3 00_landed_titles.txt
b_koizak,c_buzachi,d_transcaspiana,k_oghuz_il,e_turan,false,,867,CK3 00_landed_titles.txt
b_koja_kul,c_teniz,d_saryarka,k_cuman,e_tartaria,false,,867,CK3 00_landed_titles.txt
b_kojuk,c_kojuk,d_ala_tau,k_ob,e_siberia,true,first_barony_in_county_block,867,CK3 00_landed_titles.txt
b_kokahdan,c_khawr,d_makran,k_makran,e_persia,false,,867,CK3 00_landed_titles.txt
b_kokasu,c_gola,d_kono,k_guinea,e_guinea,true,first_barony_in_county_block,867,CK3 00_landed_titles.txt
b_kokchetau,c_jiren_suat,d_kentarlau,k_kipchak,e_tartaria,false,,867,CK3 00_landed_titles.txt
b_kokchetav,c_kafa,d_atbasar,k_qara_dala,e_tartaria,false,,867,CK3 00_landed_titles.txt
b_kokenois,c_kokenois,d_latgalians,k_lithuania,e_wendish_empire,true,first_barony_in_county_block,867,CK3 00_landed_titles.txt
b_kokjetau,c_teniz,d_saryarka,k_cuman,e_tartaria,false,,867,CK3 00_landed_titles.txt
b_kokpektinsk,c_bazarka,d_alakol,k_zhetysu,e_tartaria,false,,867,CK3 00_landed_titles.txt
b_kokpekty,c_kokpekty,d_alakol,k_zhetysu,e_tartaria,true,first_barony_in_county_block,867,CK3 00_landed_titles.txt
b_koksengrisor,c_shchuchinsk,d_kazakh,k_cuman,e_tartaria,false,,867,CK3 00_landed_titles.txt
b_kokunya,c_futa_jalon,d_futa_jalon,k_mali,e_mali,false,,867,CK3 00_landed_titles.txt
b_kol,c_kol,d_mathura,k_delhi,e_rajastan,true,first_barony_in_county_block,867,CK3 00_landed_titles.txt
b_kolachi,c_debul,d_sauvira,k_sindh,e_rajastan,false,,867,CK3 00_landed_titles.txt
b_kolayat,c_vikramapura,d_jangladesh,k_rajputana,e_rajastan,false,,867,CK3 00_landed_titles.txt
b_kolding,c_vorbasse,d_slesvig,k_denmark,e_scandinavia,false,,867,CK3 00_landed_titles.txt
b_kolhapur,c_kolhapur,d_rattapadi,k_maharastra,e_deccan,true,first_barony_in_county_block,867,CK3 00_landed_titles.txt
b_kolima,c_mema,d_mema,k_ghana,e_mali,true,first_barony_in_county_block,867,CK3 00_landed_titles.txt
b_kollam,c_venadu,d_chera_nadu,k_tamilakam,e_deccan,true,first_barony_in_county_block,867,CK3 00_landed_titles.txt
b_kollapura,c_panaji,d_konkana,k_maharastra,e_deccan,false,,867,CK3 00_landed_titles.txt
b_kollipake,c_orangallu,d_warangal,k_telingana,e_deccan,false,,867,CK3 00_landed_titles.txt
b_kolno,c_lomzynska,d_mazovia,k_poland,e_west_slavia,false,,867,CK3 00_landed_titles.txt
b_koloberd,c_mesopotamia,d_mesopotamia,k_armenia,e_byzantium,false,,867,CK3 00_landed_titles.txt
b_kolobrzeg,c_kolobrzeg,d_pommerania,k_pomerania,e_wendish_empire,false,,867,CK3 00_landed_titles.txt
b_kolodiazhen,c_zvyahel,d_kiev,k_ruthenia,e_russia,false,,867,CK3 00_landed_titles.txt
b_kolokani,c_soso,d_kaniaga,k_ghana,e_mali,false,,867,CK3 00_landed_titles.txt
b_kolomna,c_moskva,d_opolye,k_opolye,e_russia,false,,867,CK3 00_landed_titles.txt
b_kolomyia,c_halych,d_halych,k_galicia-volhynia,e_west_slavia,false,,867,CK3 00_landed_titles.txt
b_kolon,c_kolon,d_somogy,k_hungary,e_carpathia,true,first_barony_in_county_block,867,CK3 00_landed_titles.txt
b_koloszvar,c_torda,d_transylvania,k_hungary,e_carpathia,false,,867,CK3 00_landed_titles.txt
b_koltun,c_jinsko,d_tarbagatai,k_zhetysu,e_tartaria,false,,867,CK3 00_landed_titles.txt
b_kolychev,c_durovka,d_tambov,k_mordvinia,e_volga-ural,false,,867,CK3 00_landed_titles.txt
b_kolyn,c_kolyn,d_udmurtia,k_permia,e_volga-ural,true,first_barony_in_county_block,867,CK3 00_landed_titles.txt
b_kolyvan,c_kolyvan,d_baraba_steppe,k_ob,e_siberia,true,first_barony_in_county_block,867,CK3 00_landed_titles.txt
b_komarom,c_komarom,d_visegrad,k_hungary,e_carpathia,true,first_barony_in_county_block,867,CK3 00_landed_titles.txt
b_kombo,c_jame,d_kasa,k_kaabu,e_mali,true,first_barony_in_county_block,867,CK3 00_landed_titles.txt
b_komoe,c_loropeni,d_lobi,k_kong,e_guinea,false,,867,CK3 00_landed_titles.txt
b_komorcbanya,c_bars,d_nyitra,k_hungary,e_carpathia,false,,867,CK3 00_landed_titles.txt
b_kompela,c_timbi,d_futa_jalon,k_mali,e_mali,false,,867,CK3 00_landed_titles.txt
b_kona_xahar,c_kashgar,d_kashgar,k_khotan,e_turan,false,,867,CK3 00_landed_titles.txt
b_konarak,c_kataka,d_tosali,k_orissa,e_bengal,false,,867,CK3 00_landed_titles.txt
b_konda_ob,c_konda_ob,d_baraba_steppe,k_ob,e_siberia,true,first_barony_in_county_block,867,CK3 00_landed_titles.txt
b_kondana,c_kondana,d_nasikya,k_maharastra,e_deccan,true,first_barony_in_county_block,867,CK3 00_landed_titles.txt
b_kondo,c_gola,d_kono,k_guinea,e_guinea,false,,867,CK3 00_landed_titles.txt
b_kondoma,c_kondoma,d_aley,k_ob,e_siberia,true,first_barony_in_county_block,867,CK3 00_landed_titles.txt
b_kondoma_MON,c_shor,d_shoria,k_khakassia,e_mongolia,true,first_barony_in_county_block,867,CK3 00_landed_titles.txt
b_konek,c_qyzylteniz,d_saryarka,k_cuman,e_tartaria,false,,867,CK3 00_landed_titles.txt
b_konfara,c_tabon,d_manding,k_mali,e_mali,false,,867,CK3 00_landed_titles.txt
b_kong,c_kong,d_kong,k_kong,e_guinea,false,,867,CK3 00_landed_titles.txt
b_kong-north,c_kong,d_kong,k_kong,e_guinea,true,first_barony_in_county_block,867,CK3 00_landed_titles.txt
b_kongque,c_karashar,d_karashar,k_khotan,e_turan,false,,867,CK3 00_landed_titles.txt
b_konigsberg,c_konigsberg,d_prussia,k_lithuania,e_wendish_empire,true,first_barony_in_county_block,867,CK3 00_landed_titles.txt
b_konin,c_gnieznienska,d_wielkopolska,k_poland,e_west_slavia,false,,867,CK3 00_landed_titles.txt
b_konitsa,c_epeiros,d_epirus,k_epirus,e_byzantium,false,,867,CK3 00_landed_titles.txt
b_konitz,c_berent,d_pomerelia,k_pomerania,e_wendish_empire,false,,867,CK3 00_landed_titles.txt
b_konjic,c_zelengora,d_usora,k_croatia,e_byzantium,false,,867,CK3 00_landed_titles.txt
b_konko,c_konko,d_bambuk,k_mali,e_mali,true,first_barony_in_county_block,867,CK3 00_landed_titles.txt
b_konkure,c_nalu,d_sapi,k_guinea,e_guinea,false,,867,CK3 00_landed_titles.txt
b_konnevesi,c_sysma,d_savo,k_finland,e_scandinavia,false,,867,CK3 00_landed_titles.txt
b_konni,c_gobir,d_gobir,k_hausaland,e_kanem_bornu,false,,867,CK3 00_landed_titles.txt
b_kono,c_kono,d_kono,k_guinea,e_guinea,true,first_barony_in_county_block,867,CK3 00_landed_titles.txt
b_konotop,c_putyvl,d_chernigov,k_ruthenia,e_russia,false,,867,CK3 00_landed_titles.txt
b_konstanz,c_sankt_gallen,d_currezia,k_east_francia,e_germany,false,,867,CK3 00_landed_titles.txt
b_kontokoro,c_yauri,d_kebbi,k_hausaland,e_kanem_bornu,false,,867,CK3 00_landed_titles.txt
b_kontupohja,c_kontupohja,d_karelia,k_finland,e_scandinavia,true,first_barony_in_county_block,867,CK3 00_landed_titles.txt
b_konz,c_trier,d_upper_lorraine,k_lotharingia,e_germany,false,,867,CK3 00_landed_titles.txt
b_kop_golyn,c_kyzylkul,d_blue_khakassia,k_khakassia,e_mongolia,false,,867,CK3 00_landed_titles.txt
b_kopal,c_uchkul,d_zhetysu,k_zhetysu,e_tartaria,false,,867,CK3 00_landed_titles.txt
b_kopathal,c_kopathal,d_zhetysu,k_zhetysu,e_tartaria,true,first_barony_in_county_block,867,CK3 00_landed_titles.txt
b_koporna,c_hont,d_nyitra,k_hungary,e_carpathia,false,,867,CK3 00_landed_titles.txt
b_koporye,c_vodi,d_novgorod,k_novgorod,e_russia,false,,867,CK3 00_landed_titles.txt
b_koppam,c_koppam,d_raichur_doab,k_karnata,e_deccan,true,first_barony_in_county_block,867,CK3 00_landed_titles.txt
b_koprivnica,c_zagorje,d_slavonia,k_croatia,e_byzantium,false,,867,CK3 00_landed_titles.txt
b_kopsis,c_kran,d_philippopolis,k_bulgaria,e_byzantium,false,,867,CK3 00_landed_titles.txt
b_kora,c_asni,d_kanyakubja,k_kosala,e_rajastan,false,,867,CK3 00_landed_titles.txt
b_korakesion,c_pamphylia,d_cibyrrhaeot,k_anatolia,e_byzantium,false,,867,CK3 00_landed_titles.txt
b_koralla,c_cerasus,d_chaldia,k_pontus,e_byzantium,false,,867,CK3 00_landed_titles.txt
b_korehari,c_korehari,d_hitakami,k_hitakami,e_amur,false,,867,CK3 00_landed_titles.txt
b_korelskoye,c_onega_BJA,d_biarmia,k_bjarmaland,e_russia,false,,867,CK3 00_landed_titles.txt
b_korginia,c_korgon,d_aley,k_ob,e_siberia,false,,867,CK3 00_landed_titles.txt
b_korgon,c_korgon,d_aley,k_ob,e_siberia,true,first_barony_in_county_block,867,CK3 00_landed_titles.txt
b_korhogo,c_leraba,d_kong,k_kong,e_guinea,false,,867,CK3 00_landed_titles.txt
b_koriakovsky,c_pavlodar,d_lanikaz,k_sibir,e_siberia,false,,867,CK3 00_landed_titles.txt
b_korienza,c_kurmina,d_jenne,k_jenne,e_mali,true,first_barony_in_county_block,867,CK3 00_landed_titles.txt
b_koriya,c_jharkand,d_jharkand,k_bihar,e_bengal,true,first_barony_in_county_block,867,CK3 00_landed_titles.txt
b_korkai,c_madurai,d_pandya_nadu,k_tamilakam,e_deccan,false,,867,CK3 00_landed_titles.txt
b_korla,c_karashar,d_karashar,k_khotan,e_turan,false,,867,CK3 00_landed_titles.txt
b_kormend,c_vas,d_gyor,k_hungary,e_carpathia,false,,867,CK3 00_landed_titles.txt
b_koro,c_worodugu,d_worodugu,k_kong,e_guinea,false,,867,CK3 00_landed_titles.txt
b_koro_toro,c_bodele,d_tibesti,k_sahara,e_maghreb,false,,867,CK3 00_landed_titles.txt
b_korosko,c_qasr_ibrim,d_nobatia,k_nubia,e_abyssinia,false,,867,CK3 00_landed_titles.txt
b_korosko_road,c_abu_hammad,d_shamir,k_nubia,e_abyssinia,false,,867,CK3 00_landed_titles.txt
b_korosten,c_korosten,d_turov,k_ruthenia,e_russia,true,first_barony_in_county_block,867,CK3 00_landed_titles.txt
b_koroussa,c_bure,d_manding,k_mali,e_mali,false,,867,CK3 00_landed_titles.txt
b_korsun,c_korsun,d_kiev,k_ruthenia,e_russia,true,first_barony_in_county_block,867,CK3 00_landed_titles.txt
b_kos,c_rhodos,d_aegean_islands,k_thessalonika,e_byzantium,false,,867,CK3 00_landed_titles.txt
b_kos-buwak,c_kos-buwak,d_jemba,k_oghuz_il,e_turan,true,first_barony_in_county_block,867,CK3 00_landed_titles.txt
b_kos_biryuk,c_kos_uba,d_mugodzhar_hills,k_caspian_steppe,e_caspian-pontic_steppe,false,,867,CK3 00_landed_titles.txt
b_kos_uba,c_kos_uba,d_mugodzhar_hills,k_caspian_steppe,e_caspian-pontic_steppe,true,first_barony_in_county_block,867,CK3 00_landed_titles.txt
b_koscian,c_wschowska,d_wielkopolska,k_poland,e_west_slavia,false,,867,CK3 00_landed_titles.txt
b_kosh_kurbay,c_kosh_kurbay,d_mugodzhar_hills,k_caspian_steppe,e_caspian-pontic_steppe,true,first_barony_in_county_block,867,CK3 00_landed_titles.txt
b_koshley_vosh,c_tobol,d_sibir,k_sibir,e_siberia,false,,867,CK3 00_landed_titles.txt
b_koshuki,c_koshuki,d_pelym,k_yugra,e_siberia,true,first_barony_in_county_block,867,CK3 00_landed_titles.txt
b_koskul,c_yangikent,d_aral_il,k_oghuz_il,e_turan,false,,867,CK3 00_landed_titles.txt
b_kosoge,c_semien,d_gondar,k_abyssinia,e_abyssinia,true,first_barony_in_county_block,867,CK3 00_landed_titles.txt
b_kostanay,c_kostanay,d_kurgan,k_qara_dala,e_tartaria,true,first_barony_in_county_block,867,CK3 00_landed_titles.txt
b_kosti,c_tagali,d_sennar,k_nubia,e_abyssinia,true,first_barony_in_county_block,867,CK3 00_landed_titles.txt
b_kostroma,c_manturovo,d_nizhny_novgorod,k_opolye,e_russia,false,,867,CK3 00_landed_titles.txt
b_kostschin,c_soldin,d_pommerania,k_pomerania,e_wendish_empire,false,,867,CK3 00_landed_titles.txt
b_koszalin,c_slupsk,d_pomerelia,k_pomerania,e_wendish_empire,false,,867,CK3 00_landed_titles.txt
b_koszeg,c_sopron,d_gyor,k_hungary,e_carpathia,false,,867,CK3 00_landed_titles.txt
b_kota,c_kota,d_medapata,k_rajputana,e_rajastan,true,first_barony_in_county_block,867,CK3 00_landed_titles.txt
b_kotera,c_kotera,d_bargujin_tukum,k_buryatia,e_mongolia,true,first_barony_in_county_block,867,CK3 00_landed_titles.txt
b_kotivarsa,c_kotivarsa,d_gauda,k_bengal,e_bengal,false,,867,CK3 00_landed_titles.txt
b_kotlas,c_ustyug,d_ustyug,k_bjarmaland,e_russia,false,,867,CK3 00_landed_titles.txt
b_kotokel,c_kotokel,d_dauria,k_buryatia,e_mongolia,true,first_barony_in_county_block,867,CK3 00_landed_titles.txt
b_kotokol,c_sokode,d_savalu,k_borgu,e_guinea,false,,867,CK3 00_landed_titles.txt
b_kotorvaros,c_donjikraji,d_bosna,k_croatia,e_byzantium,false,,867,CK3 00_landed_titles.txt
b_kottar,c_venadu,d_chera_nadu,k_tamilakam,e_deccan,false,,867,CK3 00_landed_titles.txt
b_kottayam,c_kerala,d_chera_nadu,k_tamilakam,e_deccan,false,,867,CK3 00_landed_titles.txt
b_kotte,c_dakhina_desa,d_dakhina_desa,k_lanka,e_deccan,false,,867,CK3 00_landed_titles.txt
b_kouande,c_pendjari,d_mamprusi,k_gur,e_guinea,false,,867,CK3 00_landed_titles.txt
b_kouga,c_kouga,d_mema,k_ghana,e_mali,true,first_barony_in_county_block,867,CK3 00_landed_titles.txt
b_kouki,c_fitri,d_wadai,k_darfur,e_kanem_bornu,false,,867,CK3 00_landed_titles.txt
b_koulajavri,c_kitka,d_giemajohka,k_sapmi,e_scandinavia,false,,867,CK3 00_landed_titles.txt
b_koulikoro,c_sibi_mali,d_manding,k_mali,e_mali,false,,867,CK3 00_landed_titles.txt
b_kousseri,c_kotoko,d_wandala,k_sao,e_kanem_bornu,false,,867,CK3 00_landed_titles.txt
b_koutajoki,c_koutajoki,d_giemajohka,k_sapmi,e_scandinavia,true,first_barony_in_county_block,867,CK3 00_landed_titles.txt
b_kovai,c_kongu,d_pandya_nadu,k_tamilakam,e_deccan,false,,867,CK3 00_landed_titles.txt
b_kovaszna,c_barcasag,d_transylvania,k_hungary,e_carpathia,false,,867,CK3 00_landed_titles.txt
b_kovel,c_volodymyr,d_volhynia,k_galicia-volhynia,e_west_slavia,false,,867,CK3 00_landed_titles.txt
b_koy-bagar,c_koi-bagar,d_kentarlau,k_kipchak,e_tartaria,true,first_barony_in_county_block,867,CK3 00_landed_titles.txt
b_kozelsk,c_kozelsk,d_karachev,k_ruthenia,e_russia,true,first_barony_in_county_block,867,CK3 00_landed_titles.txt
b_kozlov,c_kozlov,d_saran,k_mordvinia,e_volga-ural,true,first_barony_in_county_block,867,CK3 00_landed_titles.txt
b_kozmin,c_kaliska,d_wielkopolska,k_poland,e_west_slavia,false,,867,CK3 00_landed_titles.txt
b_koznik,c_sumadija,d_rashka,k_serbia,e_byzantium,false,,867,CK3 00_landed_titles.txt
b_kpelle,c_gola,d_kono,k_guinea,e_guinea,false,,867,CK3 00_landed_titles.txt
b_kpessi,c_savalu,d_savalu,k_borgu,e_guinea,false,,867,CK3 00_landed_titles.txt
b_kragujevac,c_beograd,d_macva,k_serbia,e_byzantium,false,,867,CK3 00_landed_titles.txt
b_krakow,c_krakowska,d_lesser_poland,k_poland,e_west_slavia,true,first_barony_in_county_block,867,CK3 00_landed_titles.txt
b_kran,c_kran,d_philippopolis,k_bulgaria,e_byzantium,true,first_barony_in_county_block,867,CK3 00_landed_titles.txt
b_kran_DZU,c_altay,d_altay,k_dzungaria,e_tartaria,false,,867,CK3 00_landed_titles.txt
b_kranj,c_kranj,d_krain,k_bavaria,e_germany,true,first_barony_in_county_block,867,CK3 00_landed_titles.txt
b_krapina,c_zagorje,d_slavonia,k_croatia,e_byzantium,true,first_barony_in_county_block,867,CK3 00_landed_titles.txt
b_krasnokamsk,c_votkinsk,d_ural,k_permia,e_volga-ural,false,,867,CK3 00_landed_titles.txt
b_krasnooufimsk,c_perm,d_perm,k_permia,e_volga-ural,false,,867,CK3 00_landed_titles.txt
b_krasnoyarsk,c_krasnoyarsk,d_yenisei_kan,k_angara,e_mongolia,true,first_barony_in_county_block,867,CK3 00_landed_titles.txt
b_krasny_bor,c_shenkursk,d_ustyug,k_bjarmaland,e_russia,false,,867,CK3 00_landed_titles.txt
b_krasso,c_krasso,d_temes,k_hungary,e_carpathia,true,first_barony_in_county_block,867,CK3 00_landed_titles.txt
b_kraszna,c_szatmar,d_bihar,k_hungary,e_carpathia,false,,867,CK3 00_landed_titles.txt
b_krateia,c_hadrianopolis,d_bucellaria,k_nikaea,e_byzantium,false,,867,CK3 00_landed_titles.txt
b_kratovo,c_velbazhd,d_bulgaria,k_bulgaria,e_byzantium,false,,867,CK3 00_landed_titles.txt
b_krawi,c_grebo,d_wenyon,k_guinea,e_guinea,true,first_barony_in_county_block,867,CK3 00_landed_titles.txt
b_krems,c_krems,d_osterreich,k_bavaria,e_germany,true,first_barony_in_county_block,867,CK3 00_landed_titles.txt
b_kreusnach,c_kaiserslautern,d_west_franconia,k_east_francia,e_germany,false,,867,CK3 00_landed_titles.txt
b_kreuz,c_landsberg,d_pommerania,k_pomerania,e_wendish_empire,false,,867,CK3 00_landed_titles.txt
b_kreuzburg,c_opole,d_upper_silesia,k_poland,e_west_slavia,false,,867,CK3 00_landed_titles.txt
b_kreva,c_kernave,d_lithuanians,k_lithuania,e_wendish_empire,false,,867,CK3 00_landed_titles.txt
b_kri,c_dodugu,d_jenne,k_jenne,e_mali,false,,867,CK3 00_landed_titles.txt
b_krichim,c_philippopolis,d_philippopolis,k_bulgaria,e_byzantium,false,,867,CK3 00_landed_titles.txt
b_krishnajanmabhoomi,c_mathura,d_mathura,k_delhi,e_rajastan,false,,867,CK3 00_landed_titles.txt
b_kriucha,c_khopyor,d_khopyor,k_mordvinia,e_volga-ural,false,,867,CK3 00_landed_titles.txt
b_krizevci,c_zagorje,d_slavonia,k_croatia,e_byzantium,false,,867,CK3 00_landed_titles.txt
b_krk,c_cherso,d_croatia,k_croatia,e_byzantium,false,,867,CK3 00_landed_titles.txt
b_krokar,c_jamtfir,d_jamtland,k_norway,e_scandinavia,false,,867,CK3 00_landed_titles.txt
b_krolu,c_kiia,d_ala_tau,k_ob,e_siberia,false,,867,CK3 00_landed_titles.txt
b_krom,c_karachev,d_karachev,k_ruthenia,e_russia,false,,867,CK3 00_landed_titles.txt
b_kromeriz,c_olomouc,d_moravia,k_bohemia,e_west_slavia,false,,867,CK3 00_landed_titles.txt
b_kronberg,c_frankfurt,d_west_franconia,k_east_francia,e_germany,false,,867,CK3 00_landed_titles.txt
b_kropot,c_kropot,d_eastern_sayan,k_khakassia,e_mongolia,true,first_barony_in_county_block,867,CK3 00_landed_titles.txt
b_krsko,c_kranj,d_krain,k_bavaria,e_germany,false,,867,CK3 00_landed_titles.txt
b_kruje,c_arbanon,d_dyrrachion,k_epirus,e_byzantium,true,first_barony_in_county_block,867,CK3 00_landed_titles.txt
b_krumlov,c_doudleby,d_bohemia,k_bohemia,e_west_slavia,false,,867,CK3 00_landed_titles.txt
b_krupa,c_pset,d_bosna,k_croatia,e_byzantium,false,,867,CK3 00_landed_titles.txt
b_krupanj,c_macva,d_macva,k_serbia,e_byzantium,false,,867,CK3 00_landed_titles.txt
b_krusevac,c_sumadija,d_rashka,k_serbia,e_byzantium,true,first_barony_in_county_block,867,CK3 00_landed_titles.txt
b_kruszwica,c_kujawy,d_kuyavia,k_poland,e_west_slavia,true,first_barony_in_county_block,867,CK3 00_landed_titles.txt
b_ktenia,c_aytos,d_turnovo,k_bulgaria,e_byzantium,false,,867,CK3 00_landed_titles.txt
b_ktis,c_khachen,d_greater_armenia,k_armenia,e_byzantium,false,,867,CK3 00_landed_titles.txt
b_ku_jeku,c_ku_jeku,d_karabas,k_saryarka,e_tartaria,true,first_barony_in_county_block,867,CK3 00_landed_titles.txt
b_kuba,c_derbent,d_ciscaucasia,k_caucasus,e_caspian-pontic_steppe,false,,867,CK3 00_landed_titles.txt
b_kuban,c_tmutarakan,d_azov,k_caucasus,e_caspian-pontic_steppe,false,,867,CK3 00_landed_titles.txt
b_kubanjan,c_shiraz,d_fars,k_persia,e_persia,false,,867,CK3 00_landed_titles.txt
b_kubayh,c_ayn_farah,d_west_darfur,k_darfur,e_kanem_bornu,false,,867,CK3 00_landed_titles.txt
b_kucevo,c_branicevo,d_vidin,k_bulgaria,e_byzantium,false,,867,CK3 00_landed_titles.txt
b_kucha,c_kucha,d_karashar,k_khotan,e_turan,true,first_barony_in_county_block,867,CK3 00_landed_titles.txt
b_kuchaman,c_nagauda,d_jangladesh,k_rajputana,e_rajastan,false,,867,CK3 00_landed_titles.txt
b_kuchuk,c_kuchuk,d_kulyndy_steppe,k_ob,e_siberia,true,first_barony_in_county_block,867,CK3 00_landed_titles.txt
b_kuclat,c_vhrbosna,d_bosna,k_croatia,e_byzantium,false,,867,CK3 00_landed_titles.txt
b_kudala,c_banavasi,d_nulambavadi,k_karnata,e_deccan,false,,867,CK3 00_landed_titles.txt
b_kudalasangama,c_vatapi,d_raichur_doab,k_karnata,e_deccan,false,,867,CK3 00_landed_titles.txt
b_kudalasangama_bis,c_muluvagil,d_tondai_nadu,k_tamilakam,e_deccan,false,,867,CK3 00_landed_titles.txt
b_kudevan,c_shaki,d_shirvan,k_daylam,e_persia,false,,867,CK3 00_landed_titles.txt
b_kudu,c_katagum,d_kagha,k_kanem,e_kanem_bornu,false,,867,CK3 00_landed_titles.txt
b_kufan_kanawa,c_kano,d_kano,k_hausaland,e_kanem_bornu,false,,867,CK3 00_landed_titles.txt
b_kufstein,c_innsbruck,d_tyrol,k_bavaria,e_germany,false,,867,CK3 00_landed_titles.txt
b_kugaral,c_aralkizil,d_aral_il,k_oghuz_il,e_turan,false,,867,CK3 00_landed_titles.txt
b_kugunek,c_sarykamysh,d_uzboy,k_transoxiana,e_turan,false,,867,CK3 00_landed_titles.txt
b_kuisugu,c_kuisugu,d_mamprusi,k_gur,e_guinea,true,first_barony_in_county_block,867,CK3 00_landed_titles.txt
b_kukawa,c_yau,d_bornu,k_kanem,e_kanem_bornu,false,,867,CK3 00_landed_titles.txt
b_kukes,c_debar,d_dyrrachion,k_epirus,e_byzantium,false,,867,CK3 00_landed_titles.txt
b_kukiya,c_kukiya,d_kawkaw,k_songhay,e_mali,true,first_barony_in_county_block,867,CK3 00_landed_titles.txt
b_kukkutapada,c_gaya,d_magadha,k_bihar,e_bengal,false,,867,CK3 00_landed_titles.txt
b_kukullovar,c_feher,d_transylvania,k_hungary,e_carpathia,false,,867,CK3 00_landed_titles.txt
b_kula,c_timbi,d_futa_jalon,k_mali,e_mali,false,,867,CK3 00_landed_titles.txt
b_kulan_utmas,c_kulan_utmas,d_tokumbay,k_saryarka,e_tartaria,true,first_barony_in_county_block,867,CK3 00_landed_titles.txt
b_kulandy,c_aralkizil,d_aral_il,k_oghuz_il,e_turan,false,,867,CK3 00_landed_titles.txt
b_kulango,c_wa,d_lobi,k_kong,e_guinea,false,,867,CK3 00_landed_titles.txt
b_kulema,c_tara,d_tara,k_sibir,e_siberia,false,,867,CK3 00_landed_titles.txt
b_kulfo,c_nupe,d_nupe,k_igbo-benue,e_guinea,false,,867,CK3 00_landed_titles.txt
b_kuliya,c_toro,d_toro,k_guinea,e_guinea,false,,867,CK3 00_landed_titles.txt
b_kulm,c_torun,d_masuria,k_lithuania,e_wendish_empire,true,first_barony_in_county_block,867,CK3 00_landed_titles.txt
b_kulmbach,c_leuchtenburg,d_nordgau,k_bavaria,e_germany,false,,867,CK3 00_landed_titles.txt
b_kulris,c_altay,d_altay,k_dzungaria,e_tartaria,false,,867,CK3 00_landed_titles.txt
b_kulunda,c_kulunda,d_kulyndy_steppe,k_ob,e_siberia,true,first_barony_in_county_block,867,CK3 00_landed_titles.txt
b_kum-sebszen,c_oglamych,d_garabogazkol,k_oghuz_il,e_turan,false,,867,CK3 00_landed_titles.txt
b_kum_sai,c_mugodzhar_hills,d_mugodzhar_hills,k_caspian_steppe,e_caspian-pontic_steppe,false,,867,CK3 00_landed_titles.txt
b_kumarhati,c_saptagrama,d_nadia,k_bengal,e_bengal,false,,867,CK3 00_landed_titles.txt
b_kumasi,c_kumasi,d_ashanti,k_akan,e_guinea,true,first_barony_in_county_block,867,CK3 00_landed_titles.txt
b_kumausi,c_uskes,d_sum,k_aynumosir,e_amur,false,,867,CK3 00_landed_titles.txt
b_kumayri,c_hayk,d_greater_armenia,k_armenia,e_byzantium,false,,867,CK3 00_landed_titles.txt
b_kumbi,c_awkar,d_wagadu,k_ghana,e_mali,false,,867,CK3 00_landed_titles.txt
b_kumertau,c_kumertau,d_bugurslan,k_volga_bulgaria,e_volga-ural,true,first_barony_in_county_block,867,CK3 00_landed_titles.txt
b_kumstan,c_qoshagyl,d_jemba,k_oghuz_il,e_turan,false,,867,CK3 00_landed_titles.txt
b_kumtag,c_kumtag,d_loulan,k_khotan,e_turan,true,first_barony_in_county_block,867,CK3 00_landed_titles.txt
b_kumukh,c_derbent,d_ciscaucasia,k_caucasus,e_caspian-pontic_steppe,false,,867,CK3 00_landed_titles.txt
b_kumya,c_sikasso,d_bobo,k_jenne,e_mali,false,,867,CK3 00_landed_titles.txt
b_kumych,c_kumych,d_perm,k_permia,e_volga-ural,true,first_barony_in_county_block,867,CK3 00_landed_titles.txt
b_kunar,c_chitral,d_kabul,k_kabulistan,e_persia,false,,867,CK3 00_landed_titles.txt
b_kundi,c_dar_al-said,d_darfur,k_darfur,e_kanem_bornu,false,,867,CK3 00_landed_titles.txt
b_kundina,c_kundina,d_sutiya,k_kamarupa,e_bengal,true,first_barony_in_county_block,867,CK3 00_landed_titles.txt
b_kundina_SOUTHINDIA,c_ramagiri,d_vidharba,k_maharastra,e_deccan,false,,867,CK3 00_landed_titles.txt
b_kungahalla,c_vastergotland,d_vastergotland,k_sweden,e_scandinavia,false,,867,CK3 00_landed_titles.txt
b_kunges,c_kash,d_ili-alatau,k_zhetysu,e_tartaria,false,,867,CK3 00_landed_titles.txt
b_kunggar,c_gyama,d_lhasa,k_u,e_tibet,false,,867,CK3 00_landed_titles.txt
b_kunglung,c_caze,d_ngamring,k_tsang,e_tibet,false,,867,CK3 00_landed_titles.txt
b_kungtang,c_gyirong,d_sagya,k_tsang,e_tibet,true,first_barony_in_county_block,867,CK3 00_landed_titles.txt
b_kungur,c_perm,d_perm,k_permia,e_volga-ural,false,,867,CK3 00_landed_titles.txt
b_kuniki,c_kono,d_kono,k_guinea,e_guinea,false,,867,CK3 00_landed_titles.txt
b_kunjah,c_gurjaratra,d_lahore,k_punjab,e_rajastan,false,,867,CK3 00_landed_titles.txt
b_kunjakari,c_kerala,d_chera_nadu,k_tamilakam,e_deccan,false,,867,CK3 00_landed_titles.txt
b_kunjan,c_gangaran,d_bambuk,k_mali,e_mali,false,,867,CK3 00_landed_titles.txt
b_kuntun_kul,c_manaka,d_betpa,k_saryarka,e_tartaria,false,,867,CK3 00_landed_titles.txt
b_kura,c_rano,d_kano,k_hausaland,e_kanem_bornu,false,,867,CK3 00_landed_titles.txt
b_kuramora,c_kono,d_kono,k_guinea,e_guinea,false,,867,CK3 00_landed_titles.txt
b_kuranka,c_kuranko,d_loma,k_mali,e_mali,true,first_barony_in_county_block,867,CK3 00_landed_titles.txt
b_kurchum,c_narym_DZU,d_akaltay,k_dzungaria,e_tartaria,false,,867,CK3 00_landed_titles.txt
b_kurdai,c_kaskelen,d_zhetysu,k_zhetysu,e_tartaria,false,,867,CK3 00_landed_titles.txt
b_kurdar,c_kurdar,d_khorezm,k_transoxiana,e_turan,true,first_barony_in_county_block,867,CK3 00_landed_titles.txt
b_kuressare,c_osel,d_esthonia,k_esthonia,e_wendish_empire,true,first_barony_in_county_block,867,CK3 00_landed_titles.txt
b_kurgan,c_kurgan,d_kurgan,k_qara_dala,e_tartaria,true,first_barony_in_county_block,867,CK3 00_landed_titles.txt
b_kurguni,c_narym_DZU,d_akaltay,k_dzungaria,e_tartaria,false,,867,CK3 00_landed_titles.txt
b_kurgus,c_kurgus,d_shamir,k_nubia,e_abyssinia,true,first_barony_in_county_block,867,CK3 00_landed_titles.txt
b_kuria,c_kulunda,d_kulyndy_steppe,k_ob,e_siberia,false,,867,CK3 00_landed_titles.txt
b_kuriyagawa,c_isawa,d_hitakami,k_hitakami,e_amur,false,,867,CK3 00_landed_titles.txt
b_kurk,c_riqan,d_jabal_kufs,k_makran,e_persia,false,,867,CK3 00_landed_titles.txt
b_kurkat,c_kada,d_angara,k_angara,e_mongolia,false,,867,CK3 00_landed_titles.txt
b_kurkath,c_oshrusana,d_osrushana,k_transoxiana,e_turan,false,,867,CK3 00_landed_titles.txt
b_kurmaed,c_kurmaed,d_bumthang,k_lhomon,e_tibet,true,first_barony_in_county_block,867,CK3 00_landed_titles.txt
b_kursara,c_maragha,d_azerbaijan,k_daylam,e_persia,false,,867,CK3 00_landed_titles.txt
b_kursk,c_kursk,d_chernigov,k_ruthenia,e_russia,true,first_barony_in_county_block,867,CK3 00_landed_titles.txt
b_kurtan,c_dolgujar,d_ishim,k_sibir,e_siberia,false,,867,CK3 00_landed_titles.txt
b_kurtoed,c_bumthang,d_bumthang,k_lhomon,e_tibet,false,,867,CK3 00_landed_titles.txt
b_kurtysh,c_kurtysh,d_uzboy,k_transoxiana,e_turan,true,first_barony_in_county_block,867,CK3 00_landed_titles.txt
b_kurunagala,c_kotte,d_sinhala,k_lanka,e_deccan,false,,867,CK3 00_landed_titles.txt
b_kurundaka,c_kolhapur,d_rattapadi,k_maharastra,e_deccan,false,,867,CK3 00_landed_titles.txt
b_kush-murun,c_kush-murun,d_kush-murun,k_qara_dala,e_tartaria,true,first_barony_in_county_block,867,CK3 00_landed_titles.txt
b_kushaniya,c_dabusiya,d_soghd,k_transoxiana,e_turan,false,,867,CK3 00_landed_titles.txt
b_kushmaihan,c_merv,d_merv,k_khorasan,e_persia,false,,867,CK3 00_landed_titles.txt
b_kusinagara,c_kusinagara,d_tirabhukti,k_bihar,e_bengal,true,first_barony_in_county_block,867,CK3 00_landed_titles.txt
b_kustranda,c_povenets,d_biarmia,k_bjarmaland,e_russia,false,,867,CK3 00_landed_titles.txt
b_kusunkotan,c_kusunkotan,d_sahaliyan,k_aynumosir,e_amur,true,first_barony_in_county_block,867,CK3 00_landed_titles.txt
b_kusunnay,c_kusunkotan,d_sahaliyan,k_aynumosir,e_amur,false,,867,CK3 00_landed_titles.txt
b_kusuri,c_simenas,d_menas,k_aynumosir,e_amur,true,first_barony_in_county_block,867,CK3 00_landed_titles.txt
b_kusuy,c_badghis,d_herat,k_khorasan,e_persia,true,first_barony_in_county_block,867,CK3 00_landed_titles.txt
b_kutaisi,c_odishi,d_abkhazia,k_georgia,e_byzantium,true,first_barony_in_county_block,867,CK3 00_landed_titles.txt
b_kutamych,c_lysva,d_perm,k_permia,e_volga-ural,false,,867,CK3 00_landed_titles.txt
b_kuthba,c_bisha,d_mecca,k_arabia,e_arabia,false,,867,CK3 00_landed_titles.txt
b_kutigi,c_nupe,d_nupe,k_igbo-benue,e_guinea,false,,867,CK3 00_landed_titles.txt
b_kutina,c_pozega,d_slavonia,k_croatia,e_byzantium,false,,867,CK3 00_landed_titles.txt
b_kutlovitsa,c_vratsa,d_turnovo,k_bulgaria,e_byzantium,false,,867,CK3 00_landed_titles.txt
b_kutukan_ondort,c_lena,d_lena,k_angara,e_mongolia,false,,867,CK3 00_landed_titles.txt
b_kutulo,c_el_waak,d_samalo,k_bale,e_azania,false,,867,CK3 00_landed_titles.txt
b_kutur-ogly,c_khortytsia,d_red_levedia,k_pontic_steppe,e_caspian-pontic_steppe,false,,867,CK3 00_landed_titles.txt
b_kuusama,c_peaccam,d_giemajohka,k_sapmi,e_scandinavia,false,,867,CK3 00_landed_titles.txt
b_kuusema,c_viena,d_karelia,k_finland,e_scandinavia,false,,867,CK3 00_landed_titles.txt
b_kuvalala,c_muluvagil,d_tondai_nadu,k_tamilakam,e_deccan,false,,867,CK3 00_landed_titles.txt
b_kuweib,c_shamir,d_shamir,k_nubia,e_abyssinia,false,,867,CK3 00_landed_titles.txt
b_kuytun,c_jinsko,d_tarbagatai,k_zhetysu,e_tartaria,false,,867,CK3 00_landed_titles.txt
b_kuzalatau,c_kuzbas,d_shoria,k_khakassia,e_mongolia,false,,867,CK3 00_landed_titles.txt
b_kuzeytorg,c_kuzeytorg,d_tana,k_pontic_steppe,e_caspian-pontic_steppe,true,first_barony_in_county_block,867,CK3 00_landed_titles.txt
b_kuznetsk,c_kuzbas,d_shoria,k_khakassia,e_mongolia,true,first_barony_in_county_block,867,CK3 00_landed_titles.txt
b_kuztom,c_kuzbas,d_shoria,k_khakassia,e_mongolia,false,,867,CK3 00_landed_titles.txt
b_kvara,c_svaneti,d_abkhazia,k_georgia,e_byzantium,false,,867,CK3 00_landed_titles.txt
b_kwa_mgogo,c_kilimanjaro,d_bonde_la_ufa,k_zanj,e_azania,false,,867,CK3 00_landed_titles.txt
b_kwahu-south,c_kwahu-akyem,d_ashanti,k_akan,e_guinea,true,first_barony_in_county_block,867,CK3 00_landed_titles.txt
b_kwang,c_kuku,d_baguirmi,k_sao,e_kanem_bornu,true,first_barony_in_county_block,867,CK3 00_landed_titles.txt
b_kwararafa,c_kwararafa,d_kwararafa,k_igbo-benue,e_guinea,true,first_barony_in_county_block,867,CK3 00_landed_titles.txt
b_kweni,c_boron,d_kong,k_kong,e_guinea,false,,867,CK3 00_landed_titles.txt
b_kweni-east,c_boron,d_kong,k_kong,e_guinea,false,,867,CK3 00_landed_titles.txt
b_kyadya,c_kyadya,d_nupe,k_igbo-benue,e_guinea,true,first_barony_in_county_block,867,CK3 00_landed_titles.txt
b_kyakyaru,c_kyakyaru,d_sagya,k_tsang,e_tibet,true,first_barony_in_county_block,867,CK3 00_landed_titles.txt
b_kyin,c_kyin,d_salair,k_ob,e_siberia,true,first_barony_in_county_block,867,CK3 00_landed_titles.txt
b_kyle,c_ayrshire,d_galloway,k_scotland,e_britannia,true,first_barony_in_county_block,867,CK3 00_landed_titles.txt
b_kymyl_tey,c_kymyl_tey,d_angara,k_angara,e_mongolia,true,first_barony_in_county_block,867,CK3 00_landed_titles.txt
b_kyngarga,c_tunka,d_selenga_valley,k_otuken,e_mongolia,false,,867,CK3 00_landed_titles.txt
b_kypsela,c_kalliopolis,d_thrace,k_thessalonika,e_byzantium,false,,867,CK3 00_landed_titles.txt
b_kytkol,c_kumkol,d_nagormo,k_amdo,e_tibet,false,,867,CK3 00_landed_titles.txt
b_kyunglung,c_kyunglung,d_ngari,k_guge,e_tibet,true,first_barony_in_county_block,867,CK3 00_landed_titles.txt
b_kyz_imchik,c_manatau,d_manatau,k_caspian_steppe,e_caspian-pontic_steppe,false,,867,CK3 00_landed_titles.txt
b_kyzikos,c_nikaea,d_opsikion,k_nikaea,e_byzantium,false,,867,CK3 00_landed_titles.txt
b_kyzistra,c_kyzistra,d_charsianon,k_anatolia,e_byzantium,true,first_barony_in_county_block,867,CK3 00_landed_titles.txt
b_kyzyl-kan,c_mana,d_yenisei_kan,k_angara,e_mongolia,false,,867,CK3 00_landed_titles.txt
b_kyzyl-su,c_garabogazkol,d_garabogazkol,k_oghuz_il,e_turan,true,first_barony_in_county_block,867,CK3 00_landed_titles.txt
b_kyzyl_cheku,c_achu,d_kokturgay,k_cuman,e_tartaria,false,,867,CK3 00_landed_titles.txt
b_kyzyl_jar,c_oleshye,d_red_levedia,k_pontic_steppe,e_caspian-pontic_steppe,false,,867,CK3 00_landed_titles.txt
b_kyzyl_kusku,c_aigun,d_kentarlau,k_kipchak,e_tartaria,false,,867,CK3 00_landed_titles.txt
b_kyzyl_ray,c_nurtay,d_karkaraly,k_saryarka,e_tartaria,false,,867,CK3 00_landed_titles.txt
b_kyzyl_suu,c_almaty,d_zhetysu,k_zhetysu,e_tartaria,false,,867,CK3 00_landed_titles.txt
b_kyzyl_yar,c_tumar,d_turgay,k_cuman,e_tartaria,false,,867,CK3 00_landed_titles.txt
b_la_fleche,c_anjou,d_anjou,k_france,e_france,false,,867,CK3 00_landed_titles.txt
b_la_haye,c_berry,d_berry,k_france,e_france,false,,867,CK3 00_landed_titles.txt
b_la_peyrade,c_rouergue,d_toulouse,k_aquitaine,e_france,false,,867,CK3 00_landed_titles.txt
b_la_roche,c_liege,d_luxembourg,k_lotharingia,e_germany,false,,867,CK3 00_landed_titles.txt
b_la_rochelle,c_aunis,d_aquitaine,k_aquitaine,e_france,true,first_barony_in_county_block,867,CK3 00_landed_titles.txt
b_la_salle,c_rouergue,d_toulouse,k_aquitaine,e_france,false,,867,CK3 00_landed_titles.txt
b_la_teste_de_buch,c_albret,d_gascogne,k_aquitaine,e_france,false,,867,CK3 00_landed_titles.txt
b_la_tour,c_clermont_sur_allier,d_auvergne,k_aquitaine,e_france,false,,867,CK3 00_landed_titles.txt
b_la_tremouille,c_bellac,d_bourbon,k_aquitaine,e_france,false,,867,CK3 00_landed_titles.txt
b_laa,c_hohenau,d_osterreich,k_bavaria,e_germany,false,,867,CK3 00_landed_titles.txt
b_laa_baol,c_baol,d_djolof,k_takrur,e_mali,false,,867,CK3 00_landed_titles.txt
b_laadrada,c_avila,d_leon,k_leon,e_spain,false,,867,CK3 00_landed_titles.txt
b_laas_qoray,c_mait,d_sanaag,k_adal,e_abyssinia,false,,867,CK3 00_landed_titles.txt
b_labda,c_labda,d_syrte,k_africa,e_maghreb,true,first_barony_in_county_block,867,CK3 00_landed_titles.txt
b_labe,c_futa_jalon,d_futa_jalon,k_mali,e_mali,true,first_barony_in_county_block,867,CK3 00_landed_titles.txt
b_labiau,c_konigsberg,d_prussia,k_lithuania,e_wendish_empire,false,,867,CK3 00_landed_titles.txt
b_labin,c_pula,d_istria,k_italy,e_italy,false,,867,CK3 00_landed_titles.txt
b_labrang,c_zhongba,d_purang,k_guge,e_tibet,true,first_barony_in_county_block,867,CK3 00_landed_titles.txt
b_lacedaemonia,c_laconia,d_achaia,k_hellas,e_byzantium,false,,867,CK3 00_landed_titles.txt
b_lachyk-uba,c_lachyk-uba,d_mordvinia,k_mordvinia,e_volga-ural,true,first_barony_in_county_block,867,CK3 00_landed_titles.txt
b_lacko,c_skara,d_vastergotland,k_sweden,e_scandinavia,true,first_barony_in_county_block,867,CK3 00_landed_titles.txt
b_ladhir,c_sanij,d_makran,k_makran,e_persia,false,,867,CK3 00_landed_titles.txt
b_ladnu,c_nagauda,d_jangladesh,k_rajputana,e_rajastan,false,,867,CK3 00_landed_titles.txt
b_ladoga,c_novgorod,d_novgorod,k_novgorod,e_russia,false,,867,CK3 00_landed_titles.txt
b_ladoi,c_nyima,d_nyima,k_tsang,e_tibet,false,,867,CK3 00_landed_titles.txt
b_ladyzyn,c_ladyzyn,d_yedisan,k_pontic_steppe,e_caspian-pontic_steppe,true,first_barony_in_county_block,867,CK3 00_landed_titles.txt
b_lafak,c_khotan,d_khotan,k_khotan,e_turan,false,,867,CK3 00_landed_titles.txt
b_lafana,c_masa,d_baguirmi,k_sao,e_kanem_bornu,false,,867,CK3 00_landed_titles.txt
b_laft,c_hormuz,d_hormuz,k_persia,e_persia,false,,867,CK3 00_landed_titles.txt
b_lag_dera,c_lag_dera,d_samalo,k_bale,e_azania,true,first_barony_in_county_block,867,CK3 00_landed_titles.txt
b_lagania,c_hadrianopolis,d_bucellaria,k_nikaea,e_byzantium,false,,867,CK3 00_landed_titles.txt
b_laggujakka,c_karasjohka,d_duortnoseatnu,k_sapmi,e_scandinavia,false,,867,CK3 00_landed_titles.txt
b_lagh_bogal,c_marsabit,d_samalo,k_bale,e_azania,false,,867,CK3 00_landed_titles.txt
b_lagos,c_silves,d_algarve,k_badajoz,e_spain,false,,867,CK3 00_landed_titles.txt
b_lagowa,c_west_kordofan,d_kordofan,k_darfur,e_kanem_bornu,false,,867,CK3 00_landed_titles.txt
b_lahij,c_gilan,d_daylam,k_daylam,e_persia,false,,867,CK3 00_landed_titles.txt
b_lahishyn,c_pinsk,d_pinsk,k_white_rus,e_russia,false,,867,CK3 00_landed_titles.txt
b_laholm,c_halland,d_skane,k_denmark,e_scandinavia,false,,867,CK3 00_landed_titles.txt
b_lahoysk,c_minsk,d_minsk,k_white_rus,e_russia,false,,867,CK3 00_landed_titles.txt
b_lahti,c_tavasts,d_finland,k_finland,e_scandinavia,false,,867,CK3 00_landed_titles.txt
b_lahur,c_lahur,d_lahore,k_punjab,e_rajastan,true,first_barony_in_county_block,867,CK3 00_landed_titles.txt
b_laia,c_laia,d_ostyaki,k_yugra,e_siberia,true,first_barony_in_county_block,867,CK3 00_landed_titles.txt
b_lairi,c_fellata,d_wadai,k_darfur,e_kanem_bornu,false,,867,CK3 00_landed_titles.txt
b_lais,c_ubmejeiednuo,d_aarjetje,k_sapmi,e_scandinavia,false,,867,CK3 00_landed_titles.txt
b_lajara,c_malagon,d_toledo,k_andalusia,e_spain,false,,867,CK3 00_landed_titles.txt
b_lak_bor,c_fudalhi,d_samalo,k_bale,e_azania,false,,867,CK3 00_landed_titles.txt
b_lakhimpur,c_naimisa,d_saryupara,k_kosala,e_rajastan,false,,867,CK3 00_landed_titles.txt
b_lakhnau,c_lakhnau,d_kanyakubja,k_kosala,e_rajastan,true,first_barony_in_county_block,867,CK3 00_landed_titles.txt
b_lakhnor,c_radha,d_gauda,k_bengal,e_bengal,true,first_barony_in_county_block,867,CK3 00_landed_titles.txt
b_lakhota,c_dhamalpur,d_anartta,k_gujarat,e_rajastan,false,,867,CK3 00_landed_titles.txt
b_laksmanavati,c_laksmanavati,d_gauda,k_bengal,e_bengal,true,first_barony_in_county_block,867,CK3 00_landed_titles.txt
b_lalganj,c_manikpur,d_kanyakubja,k_kosala,e_rajastan,false,,867,CK3 00_landed_titles.txt
b_lalibela,c_lasta,d_lasta,k_abyssinia,e_abyssinia,true,first_barony_in_county_block,867,CK3 00_landed_titles.txt
b_lalitpur,c_bhaktapur,d_nepal,k_himalaya,e_rajastan,false,,867,CK3 00_landed_titles.txt
b_lalpur,c_dvaraka,d_anartta,k_gujarat,e_rajastan,false,,867,CK3 00_landed_titles.txt
b_lambaye,c_baol,d_djolof,k_takrur,e_mali,false,,867,CK3 00_landed_titles.txt
b_lamego,c_aveiro,d_coimbra,k_portugal,e_spain,false,,867,CK3 00_landed_titles.txt
b_lamghan,c_kabul,d_kabul,k_kabulistan,e_persia,false,,867,CK3 00_landed_titles.txt
b_lampsakos,c_abydos,d_aegean_islands,k_thessalonika,e_byzantium,false,,867,CK3 00_landed_titles.txt
b_lamu,c_lamu,d_pate,k_zanj,e_azania,true,first_barony_in_county_block,867,CK3 00_landed_titles.txt
b_lamych,c_kuchuk,d_kulyndy_steppe,k_ob,e_siberia,false,,867,CK3 00_landed_titles.txt
b_lanark,c_lanarkshire,d_lothian,k_scotland,e_britannia,true,first_barony_in_county_block,867,CK3 00_landed_titles.txt
b_lanba,c_soso,d_kaniaga,k_ghana,e_mali,false,,867,CK3 00_landed_titles.txt
b_lancaster,c_lancashire,d_lancaster,k_england,e_britannia,true,first_barony_in_county_block,867,CK3 00_landed_titles.txt
b_lanciano,c_lanciano,d_spoleto,k_romagna,e_italy,true,first_barony_in_county_block,867,CK3 00_landed_titles.txt
b_landay,c_rudbar,d_sistan,k_makran,e_persia,false,,867,CK3 00_landed_titles.txt
b_landsberg,c_landsberg,d_pommerania,k_pomerania,e_wendish_empire,true,first_barony_in_county_block,867,CK3 00_landed_titles.txt
b_langades,c_thessalonika,d_thessalonika,k_thessalonika,e_byzantium,false,,867,CK3 00_landed_titles.txt
b_langarkanan,c_mugan,d_shirvan,k_daylam,e_persia,false,,867,CK3 00_landed_titles.txt
b_langeac,c_gevaudan,d_toulouse,k_aquitaine,e_france,false,,867,CK3 00_landed_titles.txt
b_langon,c_albret,d_gascogne,k_aquitaine,e_france,false,,867,CK3 00_landed_titles.txt
b_langres,c_langres,d_burgundy,k_france,e_france,true,first_barony_in_county_block,867,CK3 00_landed_titles.txt
b_lanjika,c_kiranapura,d_daksina_kosala,k_orissa,e_bengal,false,,867,CK3 00_landed_titles.txt
b_lanzarote,c_fuerteventura,d_canarias,k_maghreb,e_maghreb,false,,867,CK3 00_landed_titles.txt
b_laodamogou,c_dondan_oilik,d_khotan,k_khotan,e_turan,false,,867,CK3 00_landed_titles.txt
b_laodikeia,c_chonae,d_thracesia,k_nikaea,e_byzantium,false,,867,CK3 00_landed_titles.txt
b_laon,c_vermandois,d_valois,k_france,e_france,false,,867,CK3 00_landed_titles.txt
b_laposbanya,c_beszterce,d_transylvania,k_hungary,e_carpathia,false,,867,CK3 00_landed_titles.txt
b_lapueblademontalban,c_malagon,d_toledo,k_andalusia,e_spain,false,,867,CK3 00_landed_titles.txt
b_lapusna,c_lapusna,d_bugeac,k_moldavia,e_carpathia,true,first_barony_in_county_block,867,CK3 00_landed_titles.txt
b_lar,c_lar,d_fars,k_persia,e_persia,true,first_barony_in_county_block,867,CK3 00_landed_titles.txt
b_laranalia,c_isauria,d_anatolia,k_anatolia,e_byzantium,false,,867,CK3 00_landed_titles.txt
b_larijan,c_baduspan,d_tabaristan,k_daylam,e_persia,false,,867,CK3 00_landed_titles.txt
b_larino,c_foggia,d_benevento,k_sicily,e_byzantium,false,,867,CK3 00_landed_titles.txt
b_larissa,c_thessalia,d_thessaly,k_thessalonika,e_byzantium,true,first_barony_in_county_block,867,CK3 00_landed_titles.txt
b_larkana,c_bhakkar,d_bhakkar,k_sindh,e_rajastan,false,,867,CK3 00_landed_titles.txt
b_larung,c_sertar,d_chakla,k_gyalrong,e_tibet,false,,867,CK3 00_landed_titles.txt
b_lasta,c_lasta,d_lasta,k_abyssinia,e_abyssinia,false,,867,CK3 00_landed_titles.txt
b_latakia,c_antiocheia,d_antioch,k_syria,e_arabia,false,,867,CK3 00_landed_titles.txt
b_lattalura,c_ashmaka,d_rattapadi,k_maharastra,e_deccan,true,first_barony_in_county_block,867,CK3 00_landed_titles.txt
b_laufen,c_salzburg,d_salzburg,k_bavaria,e_germany,false,,867,CK3 00_landed_titles.txt
b_laukental,c_berchtesgaden,d_salzburg,k_bavaria,e_germany,false,,867,CK3 00_landed_titles.txt
b_laukitten,c_natangia,d_prussia,k_lithuania,e_wendish_empire,true,first_barony_in_county_block,867,CK3 00_landed_titles.txt
b_launceston,c_cornwall,d_cornwall,k_england,e_britannia,true,first_barony_in_county_block,867,CK3 00_landed_titles.txt
b_lausanne,c_bern,d_transjurania,k_burgundy,e_france,false,,867,CK3 00_landed_titles.txt
b_lautenburg,c_bartenstein,d_prussia,k_lithuania,e_wendish_empire,true,first_barony_in_county_block,867,CK3 00_landed_titles.txt
b_lauterbach,c_fulda,d_hesse,k_east_francia,e_germany,false,,867,CK3 00_landed_titles.txt
b_laval,c_sable,d_anjou,k_france,e_france,false,,867,CK3 00_landed_titles.txt
b_lawdar,c_taizz,d_taizz,k_yemen,e_arabia,false,,867,CK3 00_landed_titles.txt
b_le_lude,c_anjou,d_anjou,k_france,e_france,false,,867,CK3 00_landed_titles.txt
b_le_mans,c_maine,d_anjou,k_france,e_france,true,first_barony_in_county_block,867,CK3 00_landed_titles.txt
b_le_puy,c_velay,d_auvergne,k_aquitaine,e_france,true,first_barony_in_county_block,867,CK3 00_landed_titles.txt
b_leal,c_wiek,d_esthonia,k_esthonia,e_wendish_empire,false,,867,CK3 00_landed_titles.txt
b_leba,c_xaitongmoin,d_ngamring,k_tsang,e_tibet,false,,867,CK3 00_landed_titles.txt
b_lebedos,c_ionia,d_ephese,k_nikaea,e_byzantium,false,,867,CK3 00_landed_titles.txt
b_lebno,c_slupsk,d_pomerelia,k_pomerania,e_wendish_empire,false,,867,CK3 00_landed_titles.txt
b_lebus,c_lubusz,d_wielkopolska,k_poland,e_west_slavia,true,first_barony_in_county_block,867,CK3 00_landed_titles.txt
b_lecce,c_lecce,d_apulia,k_sicily,e_byzantium,true,first_barony_in_county_block,867,CK3 00_landed_titles.txt
b_lechrain,c_augsburg,d_augsburg,k_bavaria,e_germany,false,,867,CK3 00_landed_titles.txt
b_lectoure,c_armagnac,d_armagnac,k_aquitaine,e_france,false,,867,CK3 00_landed_titles.txt
b_leczyca,c_leczycka,d_kuyavia,k_poland,e_west_slavia,true,first_barony_in_county_block,867,CK3 00_landed_titles.txt
b_leeds,c_west_riding,d_york,k_england,e_britannia,true,first_barony_in_county_block,867,CK3 00_landed_titles.txt
b_leer,c_oldenburg,d_angria,k_saxony,e_germany,false,,867,CK3 00_landed_titles.txt
b_leeuwarden,c_frisia,d_frisia,k_frisia,e_germany,true,first_barony_in_county_block,867,CK3 00_landed_titles.txt
b_legnica,c_legnica,d_lower_silesia,k_poland,e_west_slavia,true,first_barony_in_county_block,867,CK3 00_landed_titles.txt
b_leh,c_leh,d_ladakh,k_maryul,e_tibet,true,first_barony_in_county_block,867,CK3 00_landed_titles.txt
b_lehnin,c_brandenburg,d_ostmark,k_pomerania,e_wendish_empire,false,,867,CK3 00_landed_titles.txt
b_leicester,c_leicestershire,d_hereford,k_england,e_britannia,true,first_barony_in_county_block,867,CK3 00_landed_titles.txt
b_leightonstone,c_huntingdonshire,d_hereford,k_england,e_britannia,false,,867,CK3 00_landed_titles.txt
b_leipzig,c_mersenburg,d_anhalt,k_east_francia,e_germany,false,,867,CK3 00_landed_titles.txt
b_leiria,c_coimbra,d_coimbra,k_portugal,e_spain,false,,867,CK3 00_landed_titles.txt
b_leisning,c_osterland,d_meissen,k_sorbia,e_west_slavia,false,,867,CK3 00_landed_titles.txt
b_lejjavvr,c_jovvkuj,d_guoldat,k_sapmi,e_scandinavia,false,,867,CK3 00_landed_titles.txt
b_lejlotka,c_tuluchezeva,d_khopyor,k_mordvinia,e_volga-ural,false,,867,CK3 00_landed_titles.txt
b_leksand,c_dalabergslagen,d_bergslagen,k_sweden,e_scandinavia,false,,867,CK3 00_landed_titles.txt
b_lelchytsy,c_korosten,d_turov,k_ruthenia,e_russia,false,,867,CK3 00_landed_titles.txt
b_lele,c_kisi,d_loma,k_mali,e_mali,false,,867,CK3 00_landed_titles.txt
b_lemisele,c_vidzeme,d_livonia,k_esthonia,e_wendish_empire,false,,867,CK3 00_landed_titles.txt
b_lemnos,c_lesbos,d_aegean_islands,k_thessalonika,e_byzantium,false,,867,CK3 00_landed_titles.txt
b_lena,c_lena,d_lena,k_angara,e_mongolia,true,first_barony_in_county_block,867,CK3 00_landed_titles.txt
b_lengenfeld,c_parsberg,d_nordgau,k_bavaria,e_germany,false,,867,CK3 00_landed_titles.txt
b_lenggu,c_lenggu,d_litang,k_kham,e_tibet,true,first_barony_in_county_block,867,CK3 00_landed_titles.txt
b_lenghu,c_lenghu,d_nagormo,k_amdo,e_tibet,true,first_barony_in_county_block,867,CK3 00_landed_titles.txt
b_lennewarden,c_kokenois,d_latgalians,k_lithuania,e_wendish_empire,false,,867,CK3 00_landed_titles.txt
b_lentini,c_siracusa,d_sicily,k_sicily,e_byzantium,false,,867,CK3 00_landed_titles.txt
b_leo,c_daboya,d_dagomba,k_gur,e_guinea,false,,867,CK3 00_landed_titles.txt
b_leoben,c_graz,d_steyermark,k_bavaria,e_germany,false,,867,CK3 00_landed_titles.txt
b_leon,c_leon,d_leon,k_leon,e_spain,true,first_barony_in_county_block,867,CK3 00_landed_titles.txt
b_leonfelden,c_linz,d_salzburg,k_bavaria,e_germany,false,,867,CK3 00_landed_titles.txt
b_leonsberg,c_regensburg,d_bavaria,k_bavaria,e_germany,false,,867,CK3 00_landed_titles.txt
b_lepsink,c_lepsink,d_alakol,k_zhetysu,e_tartaria,true,first_barony_in_county_block,867,CK3 00_landed_titles.txt
b_leraba,c_leraba,d_kong,k_kong,e_guinea,true,first_barony_in_county_block,867,CK3 00_landed_titles.txt
b_lerma,c_burgos,d_castilla,k_castille,e_spain,false,,867,CK3 00_landed_titles.txt
b_lessinia,c_verona,d_verona,k_italy,e_italy,false,,867,CK3 00_landed_titles.txt
b_letenye,c_kolon,d_somogy,k_hungary,e_carpathia,false,,867,CK3 00_landed_titles.txt
b_letningen,c_kaiserslautern,d_west_franconia,k_east_francia,e_germany,false,,867,CK3 00_landed_titles.txt
b_leuchtenburg,c_leuchtenburg,d_nordgau,k_bavaria,e_germany,true,first_barony_in_county_block,867,CK3 00_landed_titles.txt
b_leuven,c_brabant,d_brabant,k_lotharingia,e_germany,true,first_barony_in_county_block,867,CK3 00_landed_titles.txt
b_levadia,c_boeotia,d_athens,k_hellas,e_byzantium,true,first_barony_in_county_block,867,CK3 00_landed_titles.txt
b_levanluhta,c_mustasaari,d_pohjanmaa,k_finland,e_scandinavia,false,,867,CK3 00_landed_titles.txt
b_lewes,c_sussex,d_canterbury,k_england,e_britannia,true,first_barony_in_county_block,867,CK3 00_landed_titles.txt
b_lewis,c_outer_hebrides,d_western_isles,k_scotland,e_britannia,false,,867,CK3 00_landed_titles.txt
b_leylan,c_maragha,d_azerbaijan,k_daylam,e_persia,false,,867,CK3 00_landed_titles.txt
b_lezhe,c_arbanon,d_dyrrachion,k_epirus,e_byzantium,false,,867,CK3 00_landed_titles.txt
b_lhagang,c_lhagang,d_chakla,k_gyalrong,e_tibet,true,first_barony_in_county_block,867,CK3 00_landed_titles.txt
b_lhagcang,c_kyakyaru,d_sagya,k_tsang,e_tibet,false,,867,CK3 00_landed_titles.txt
b_lhari,c_lhari,d_nagchu,k_u,e_tibet,true,first_barony_in_county_block,867,CK3 00_landed_titles.txt
b_lhasa,c_lhasa,d_lhasa,k_u,e_tibet,false,,867,CK3 00_landed_titles.txt
b_lhatok,c_lhatok,d_lhatok,k_kham,e_tibet,true,first_barony_in_county_block,867,CK3 00_landed_titles.txt
b_lhaxi,c_baqen,d_qamdo,k_kham,e_tibet,false,,867,CK3 00_landed_titles.txt
b_lhaze,c_sagya,d_sagya,k_tsang,e_tibet,false,,867,CK3 00_landed_titles.txt
b_lhomar,c_nagchu,d_nagchu,k_u,e_tibet,false,,867,CK3 00_landed_titles.txt
b_lhorong,c_banbar,d_qamdo,k_kham,e_tibet,false,,867,CK3 00_landed_titles.txt
b_lhozhag,c_comai,d_yarlung,k_u,e_tibet,false,,867,CK3 00_landed_titles.txt
b_lhuentse,c_bumthang,d_bumthang,k_lhomon,e_tibet,false,,867,CK3 00_landed_titles.txt
b_lhunze,c_lhunze,d_monyul,k_lhomon,e_tibet,true,first_barony_in_county_block,867,CK3 00_landed_titles.txt
b_lhunzhub,c_lhunzhub,d_lhasa,k_u,e_tibet,true,first_barony_in_county_block,867,CK3 00_landed_titles.txt
b_liaotun,c_barkul,d_kara_khoja,k_dzungaria,e_tartaria,false,,867,CK3 00_landed_titles.txt
b_libtripoli,c_tripolitana,d_tripolitania,k_africa,e_maghreb,true,first_barony_in_county_block,867,CK3 00_landed_titles.txt
b_lichtberg,c_strassburg,d_alsace,k_east_francia,e_germany,false,,867,CK3 00_landed_titles.txt
b_lichtenfels,c_coburg,d_east_franconia,k_east_francia,e_germany,false,,867,CK3 00_landed_titles.txt
b_lida,c_grodno,d_grodno,k_white_rus,e_russia,false,,867,CK3 00_landed_titles.txt
b_lidh,c_medelpad,d_norrland,k_sweden,e_scandinavia,false,,867,CK3 00_landed_titles.txt
b_lidoriki,c_aetolia,d_epirus,k_epirus,e_byzantium,false,,867,CK3 00_landed_titles.txt
b_liebnitz,c_liebnitz,d_steyermark,k_bavaria,e_germany,true,first_barony_in_county_block,867,CK3 00_landed_titles.txt
b_liege,c_liege,d_luxembourg,k_lotharingia,e_germany,true,first_barony_in_county_block,867,CK3 00_landed_titles.txt
b_lienz,c_lienz,d_tyrol,k_bavaria,e_germany,true,first_barony_in_county_block,867,CK3 00_landed_titles.txt
b_liezen,c_hallstatt,d_salzburg,k_bavaria,e_germany,false,,867,CK3 00_landed_titles.txt
b_liguri,c_south_kordofan,d_kordofan,k_darfur,e_kanem_bornu,false,,867,CK3 00_landed_titles.txt
b_liinmaa,c_satakunta,d_finland,k_finland,e_scandinavia,false,,867,CK3 00_landed_titles.txt
b_lille,c_lille,d_flanders,k_france,e_france,true,first_barony_in_county_block,867,CK3 00_landed_titles.txt
b_lima,c_dalarna,d_bergslagen,k_sweden,e_scandinavia,false,,867,CK3 00_landed_titles.txt
b_limba,c_solimana,d_loma,k_mali,e_mali,false,,867,CK3 00_landed_titles.txt
b_limbourg,c_aachen,d_julich,k_lotharingia,e_germany,false,,867,CK3 00_landed_titles.txt
b_limburg,c_frankfurt,d_west_franconia,k_east_francia,e_germany,false,,867,CK3 00_landed_titles.txt
b_limerick,c_thomond,d_munster,k_ireland,e_britannia,true,first_barony_in_county_block,867,CK3 00_landed_titles.txt
b_limia,c_monterrei,d_galicia,k_spanish_galicia,e_spain,false,,867,CK3 00_landed_titles.txt
b_liminka,c_oulu,d_pohjanmaa,k_finland,e_scandinavia,false,,867,CK3 00_landed_titles.txt
b_limisol,c_nicosia,d_cyprus,k_cyprus,e_byzantium,false,,867,CK3 00_landed_titles.txt
b_limoges,c_limousin,d_aquitaine,k_aquitaine,e_france,true,first_barony_in_county_block,867,CK3 00_landed_titles.txt
b_limoux,c_carcassonne,d_languedoc,k_aquitaine,e_france,false,,867,CK3 00_landed_titles.txt
b_limyra,c_lycia,d_cibyrrhaeot,k_anatolia,e_byzantium,false,,867,CK3 00_landed_titles.txt
b_lina,c_thalabiya,d_jawf,k_arabia,e_arabia,false,,867,CK3 00_landed_titles.txt
b_lincoln,c_lincolnshire,d_york,k_england,e_britannia,true,first_barony_in_county_block,867,CK3 00_landed_titles.txt
b_lindholm,c_aalborg,d_jylland,k_denmark,e_scandinavia,false,,867,CK3 00_landed_titles.txt
b_lindisfarne,c_northumberland,d_northumberland,k_england,e_britannia,false,,867,CK3 00_landed_titles.txt
b_lindos,c_rhodos,d_aegean_islands,k_thessalonika,e_byzantium,false,,867,CK3 00_landed_titles.txt
b_lindow,c_ruppin,d_ostmark,k_pomerania,e_wendish_empire,false,,867,CK3 00_landed_titles.txt
b_lingshet,c_padum,d_zanskar,k_maryul,e_tibet,false,,867,CK3 00_landed_titles.txt
b_lingti,c_lhari,d_nagchu,k_u,e_tibet,false,,867,CK3 00_landed_titles.txt
b_lingtsang,c_lingtsang,d_lingtsang,k_kham,e_tibet,true,first_barony_in_county_block,867,CK3 00_landed_titles.txt
b_linguere,c_namandiru,d_djolof,k_takrur,e_mali,false,,867,CK3 00_landed_titles.txt
b_liniek,c_tobol,d_sibir,k_sibir,e_siberia,false,,867,CK3 00_landed_titles.txt
b_linlithgow,c_linlithgowshire,d_lothian,k_scotland,e_britannia,true,first_barony_in_county_block,867,CK3 00_landed_titles.txt
b_linten,c_jone,d_gainlho,k_gyalrong,e_tibet,false,,867,CK3 00_landed_titles.txt
b_linz,c_linz,d_salzburg,k_bavaria,e_germany,true,first_barony_in_county_block,867,CK3 00_landed_titles.txt
b_liongby,c_finnveden,d_smaland,k_sweden,e_scandinavia,false,,867,CK3 00_landed_titles.txt
b_lipetsk,c_voronezh,d_voronezh,k_mordvinia,e_volga-ural,false,,867,CK3 00_landed_titles.txt
b_lippa,c_arad,d_temes,k_hungary,e_carpathia,false,,867,CK3 00_landed_titles.txt
b_lippe,c_lippe,d_angria,k_saxony,e_germany,true,first_barony_in_county_block,867,CK3 00_landed_titles.txt
b_lippstadt,c_paderborn,d_westfalen,k_saxony,e_germany,false,,867,CK3 00_landed_titles.txt
b_liptoujvar,c_lipto,d_nyitra,k_hungary,e_carpathia,true,first_barony_in_county_block,867,CK3 00_landed_titles.txt
b_lisboa,c_lisboa,d_beja,k_badajoz,e_spain,true,first_barony_in_county_block,867,CK3 00_landed_titles.txt
b_lisieux,c_lisieux,d_normandy,k_france,e_france,true,first_barony_in_county_block,867,CK3 00_landed_titles.txt
b_lister,c_blekinge,d_skane,k_denmark,e_scandinavia,false,,867,CK3 00_landed_titles.txt
b_litang,c_litang,d_litang,k_kham,e_tibet,true,first_barony_in_county_block,867,CK3 00_landed_titles.txt
b_litomerice,c_litomerice,d_bohemia,k_bohemia,e_west_slavia,true,first_barony_in_county_block,867,CK3 00_landed_titles.txt
b_liubachev,c_belz,d_cherven_cities,k_galicia-volhynia,e_west_slavia,false,,867,CK3 00_landed_titles.txt
b_liubashivka,c_ladyzyn,d_yedisan,k_pontic_steppe,e_caspian-pontic_steppe,false,,867,CK3 00_landed_titles.txt
b_liubeshiv,c_dubrovytsia,d_turov,k_ruthenia,e_russia,false,,867,CK3 00_landed_titles.txt
b_liunga,c_kinda,d_ostergotland,k_sweden,e_scandinavia,true,first_barony_in_county_block,867,CK3 00_landed_titles.txt
b_livkand,c_wakhsh,d_khuttal,k_transoxiana,e_turan,false,,867,CK3 00_landed_titles.txt
b_livorno,c_pisa,d_pisa,k_italy,e_italy,false,,867,CK3 00_landed_titles.txt
b_liw,c_czerska,d_mazovia,k_poland,e_west_slavia,false,,867,CK3 00_landed_titles.txt
b_lizarra,c_navarra,d_navarra,k_navarra,e_spain,false,,867,CK3 00_landed_titles.txt
b_lizhensk,c_peremyshl,d_cherven_cities,k_galicia-volhynia,e_west_slavia,false,,867,CK3 00_landed_titles.txt
b_lizmajarvi,c_kontupohja,d_karelia,k_finland,e_scandinavia,false,,867,CK3 00_landed_titles.txt
b_ljubljana,c_ljubljana,d_krain,k_bavaria,e_germany,true,first_barony_in_county_block,867,CK3 00_landed_titles.txt
b_llandovery,c_carmarthenshire,d_deheubarth,k_wales,e_britannia,false,,867,CK3 00_landed_titles.txt
b_llandrindod,c_sir_faesyfed,d_powys,k_wales,e_britannia,true,first_barony_in_county_block,867,CK3 00_landed_titles.txt
b_llandudno,c_caernarfonshire,d_gwynedd,k_wales,e_britannia,false,,867,CK3 00_landed_titles.txt
b_lleida,c_lleida,d_barcelona,k_aragon,e_spain,true,first_barony_in_county_block,867,CK3 00_landed_titles.txt
b_llivia,c_puigcerda,d_barcelona,k_aragon,e_spain,false,,867,CK3 00_landed_titles.txt
b_llyn,c_caernarfonshire,d_gwynedd,k_wales,e_britannia,false,,867,CK3 00_landed_titles.txt
b_lobdaburg,c_lobdaburg,d_thuringia,k_east_francia,e_germany,true,first_barony_in_county_block,867,CK3 00_landed_titles.txt
b_lobez,c_kolobrzeg,d_pommerania,k_pomerania,e_wendish_empire,false,,867,CK3 00_landed_titles.txt
b_lobi,c_lobi,d_lobi,k_kong,e_guinea,false,,867,CK3 00_landed_titles.txt
b_loches,c_tourraine,d_berry,k_france,e_france,false,,867,CK3 00_landed_titles.txt
b_lodeve,c_beziers,d_languedoc,k_aquitaine,e_france,false,,867,CK3 00_landed_titles.txt
b_lodi,c_pavia,d_lombardia,k_italy,e_italy,false,,867,CK3 00_landed_titles.txt
b_lodose,c_vastergotland,d_vastergotland,k_sweden,e_scandinavia,true,first_barony_in_county_block,867,CK3 00_landed_titles.txt
b_lodz,c_leczycka,d_kuyavia,k_poland,e_west_slavia,false,,867,CK3 00_landed_titles.txt
b_logone-birni,c_banre,d_baguirmi,k_sao,e_kanem_bornu,false,,867,CK3 00_landed_titles.txt
b_logrono,c_najera,d_navarra,k_navarra,e_spain,false,,867,CK3 00_landed_titles.txt
b_loket,c_zatec,d_bohemia,k_bohemia,e_west_slavia,false,,867,CK3 00_landed_titles.txt
b_lokhrytsia,c_romen,d_pereyaslavl,k_ruthenia,e_russia,false,,867,CK3 00_landed_titles.txt
b_loknya,c_rusa,d_novgorod,k_novgorod,e_russia,false,,867,CK3 00_landed_titles.txt
b_lokoja,c_kyadya,d_nupe,k_igbo-benue,e_guinea,false,,867,CK3 00_landed_titles.txt
b_lokot,c_sevsk,d_karachev,k_ruthenia,e_russia,false,,867,CK3 00_landed_titles.txt
b_lolog,c_palniki,d_udmurtia,k_permia,e_volga-ural,false,,867,CK3 00_landed_titles.txt
b_lom,c_vratsa,d_turnovo,k_bulgaria,e_byzantium,false,,867,CK3 00_landed_titles.txt
b_lomagne,c_armagnac,d_armagnac,k_aquitaine,e_france,false,,867,CK3 00_landed_titles.txt
b_lome,c_ewe,d_eweland,k_akan,e_guinea,false,,867,CK3 00_landed_titles.txt
b_lomond,c_argyll,d_western_isles,k_scotland,e_britannia,false,,867,CK3 00_landed_titles.txt
b_lomza,c_lomzynska,d_mazovia,k_poland,e_west_slavia,true,first_barony_in_county_block,867,CK3 00_landed_titles.txt
b_london,c_middlesex,d_bedford,k_england,e_britannia,true,first_barony_in_county_block,867,CK3 00_landed_titles.txt
b_longbaoco,c_gyegumdo,d_nangqen,k_kham,e_tibet,false,,867,CK3 00_landed_titles.txt
b_longcheng,c_karakorum,d_orkhon,k_otuken,e_mongolia,false,,867,CK3 00_landed_titles.txt
b_longford,c_breifne,d_connacht,k_ireland,e_britannia,false,,867,CK3 00_landed_titles.txt
b_lonigo,c_padua,d_verona,k_italy,e_italy,false,,867,CK3 00_landed_titles.txt
b_lons_le_saunier,c_dole,d_upper_burgundy,k_burgundy,e_france,false,,867,CK3 00_landed_titles.txt
b_lopadion,c_nikaea,d_opsikion,k_nikaea,e_byzantium,false,,867,CK3 00_landed_titles.txt
b_lopshenga,c_kholmogory,d_biarmia,k_bjarmaland,e_russia,false,,867,CK3 00_landed_titles.txt
b_loralai,c_kalat,d_multan,k_punjab,e_rajastan,true,first_barony_in_county_block,867,CK3 00_landed_titles.txt
b_lorca,c_almeria,d_granada,k_andalusia,e_spain,false,,867,CK3 00_landed_titles.txt
b_loredo,c_girona,d_barcelona,k_aragon,e_spain,false,,867,CK3 00_landed_titles.txt
b_lori,c_lori,d_georgia,k_georgia,e_byzantium,true,first_barony_in_county_block,867,CK3 00_landed_titles.txt
b_lorient,c_cornouaille,d_brittany,k_brittany,e_france,false,,867,CK3 00_landed_titles.txt
b_loropeni,c_loropeni,d_lobi,k_kong,e_guinea,true,first_barony_in_county_block,867,CK3 00_landed_titles.txt
b_losonc,c_hont,d_nyitra,k_hungary,e_carpathia,false,,867,CK3 00_landed_titles.txt
b_lotoshino,c_mozhaysk,d_smolensk,k_white_rus,e_russia,false,,867,CK3 00_landed_titles.txt
b_lotzen,c_angerburg,d_masuria,k_lithuania,e_wendish_empire,true,first_barony_in_county_block,867,CK3 00_landed_titles.txt
b_loudun,c_poitiers,d_poitou,k_aquitaine,e_france,false,,867,CK3 00_landed_titles.txt
b_loulan,c_loulan,d_loulan,k_khotan,e_turan,true,first_barony_in_county_block,867,CK3 00_landed_titles.txt
b_lovech,c_nikopolis,d_turnovo,k_bulgaria,e_byzantium,false,,867,CK3 00_landed_titles.txt
b_lowenstein,c_vaihingen,d_west_franconia,k_east_francia,e_germany,false,,867,CK3 00_landed_titles.txt
b_lower_dawa,c_sidamo,d_bali,k_bale,e_azania,false,,867,CK3 00_landed_titles.txt
b_lower_grebo,c_grebo,d_wenyon,k_guinea,e_guinea,false,,867,CK3 00_landed_titles.txt
b_lower_guara,c_opanda,d_nupe,k_igbo-benue,e_guinea,false,,867,CK3 00_landed_titles.txt
b_lower_jubba,c_lag_dera,d_samalo,k_bale,e_azania,false,,867,CK3 00_landed_titles.txt
b_lower_karran,c_karran,d_badakhshan,k_transoxiana,e_turan,false,,867,CK3 00_landed_titles.txt
b_lower_kutulo,c_lag_dera,d_samalo,k_bale,e_azania,false,,867,CK3 00_landed_titles.txt
b_lower_lobo,c_lobo,d_kru,k_guinea,e_guinea,false,,867,CK3 00_landed_titles.txt
b_lower_nugaal,c_barbacadle,d_hafun,k_ajuraan,e_azania,false,,867,CK3 00_landed_titles.txt
b_lower_nyene,c_nyene,d_worodugu,k_kong,e_guinea,false,,867,CK3 00_landed_titles.txt
b_lower_odib,c_aydhab,d_naqis,k_blemmyia,e_abyssinia,false,,867,CK3 00_landed_titles.txt
b_lower_omo,c_gamo,d_kaffa,k_damot,e_abyssinia,false,,867,CK3 00_landed_titles.txt
b_lower_togdheer,c_nugaal,d_hafun,k_ajuraan,e_azania,true,first_barony_in_county_block,867,CK3 00_landed_titles.txt
b_lowicz,c_gostyninska,d_mazovia,k_poland,e_west_slavia,false,,867,CK3 00_landed_titles.txt
b_lozova,c_lozova,d_levedia,k_pontic_steppe,e_caspian-pontic_steppe,true,first_barony_in_county_block,867,CK3 00_landed_titles.txt
b_luacchagiri,c_chanderi,d_akara_dasarna,k_malwa,e_rajastan,false,,867,CK3 00_landed_titles.txt
b_luarca,c_pravia,d_asturias,k_leon,e_spain,false,,867,CK3 00_landed_titles.txt
b_lubben,c_cottbus,d_meissen,k_sorbia,e_west_slavia,false,,867,CK3 00_landed_titles.txt
b_lubeck,c_lubeck,d_holstein,k_saxony,e_germany,true,first_barony_in_county_block,867,CK3 00_landed_titles.txt
b_lublin,c_lubelska,d_lesser_poland,k_poland,e_west_slavia,true,first_barony_in_county_block,867,CK3 00_landed_titles.txt
b_lubliniec,c_bethen,d_upper_silesia,k_poland,e_west_slavia,false,,867,CK3 00_landed_titles.txt
b_lubny,c_voin,d_pereyaslavl,k_ruthenia,e_russia,false,,867,CK3 00_landed_titles.txt
b_luboml,c_volodymyr,d_volhynia,k_galicia-volhynia,e_west_slavia,false,,867,CK3 00_landed_titles.txt
b_lucca,c_lucca,d_toscana,k_italy,e_italy,true,first_barony_in_county_block,867,CK3 00_landed_titles.txt
b_lucera,c_foggia,d_benevento,k_sicily,e_byzantium,true,first_barony_in_county_block,867,CK3 00_landed_titles.txt
b_lucerne,c_aargau,d_transjurania,k_burgundy,e_france,false,,867,CK3 00_landed_titles.txt
b_luch,c_cykma,d_martyuba,k_volga_bulgaria,e_volga-ural,false,,867,CK3 00_landed_titles.txt
b_luchow,c_dannenberg,d_ostfalen,k_saxony,e_germany,false,,867,CK3 00_landed_titles.txt
b_ludlow,c_shropshire,d_hereford,k_england,e_britannia,false,,867,CK3 00_landed_titles.txt
b_ludrava,c_ludrava,d_stravani,k_rajputana,e_rajastan,true,first_barony_in_county_block,867,CK3 00_landed_titles.txt
b_luga,c_novgorod,d_novgorod,k_novgorod,e_russia,false,,867,CK3 00_landed_titles.txt
b_lugo,c_astorga,d_galicia,k_spanish_galicia,e_spain,false,,867,CK3 00_landed_titles.txt
b_lugos,c_temes,d_temes,k_hungary,e_carpathia,false,,867,CK3 00_landed_titles.txt
b_luigne,c_anjou,d_anjou,k_france,e_france,false,,867,CK3 00_landed_titles.txt
b_lujavvr,c_east_kiilt,d_guoldat,k_sapmi,e_scandinavia,true,first_barony_in_county_block,867,CK3 00_landed_titles.txt
b_luki,c_luki,d_luki,k_novgorod,e_russia,true,first_barony_in_county_block,867,CK3 00_landed_titles.txt
b_lukoml,c_lukoml,d_polotsk,k_white_rus,e_russia,true,first_barony_in_county_block,867,CK3 00_landed_titles.txt
b_lukow,c_stezycka,d_lesser_poland,k_poland,e_west_slavia,false,,867,CK3 00_landed_titles.txt
b_lumbini,c_lumbini,d_khasa,k_himalaya,e_rajastan,true,first_barony_in_county_block,867,CK3 00_landed_titles.txt
b_lunang,c_nyingchi,d_nyingchi,k_kham,e_tibet,false,,867,CK3 00_landed_titles.txt
b_lund,c_skane,d_skane,k_denmark,e_scandinavia,true,first_barony_in_county_block,867,CK3 00_landed_titles.txt
b_lund_nandana,c_nandana,d_gandhara,k_punjab,e_rajastan,false,,867,CK3 00_landed_titles.txt
b_luneburg,c_luneburg,d_ostfalen,k_saxony,e_germany,true,first_barony_in_county_block,867,CK3 00_landed_titles.txt
b_lunggar,c_lunggar,d_purang,k_guge,e_tibet,true,first_barony_in_county_block,867,CK3 00_landed_titles.txt
b_luni,c_luni,d_genoa,k_italy,e_italy,true,first_barony_in_county_block,867,CK3 00_landed_titles.txt
b_luninets,c_pinsk,d_pinsk,k_white_rus,e_russia,false,,867,CK3 00_landed_titles.txt
b_luntai,c_luntai,d_karashar,k_khotan,e_turan,true,first_barony_in_county_block,867,CK3 00_landed_titles.txt
b_luokta,c_pite,d_aarjetje,k_sapmi,e_scandinavia,true,first_barony_in_county_block,867,CK3 00_landed_titles.txt
b_lupfen,c_furstenberg,d_swabia,k_east_francia,e_germany,false,,867,CK3 00_landed_titles.txt
b_luqu,c_sangqu,d_gainlho,k_gyalrong,e_tibet,false,,867,CK3 00_landed_titles.txt
b_lure,c_neufchateau,d_upper_lorraine,k_lotharingia,e_germany,false,,867,CK3 00_landed_titles.txt
b_lurijan,c_sardan,d_khuzestan,k_persia,e_persia,true,first_barony_in_county_block,867,CK3 00_landed_titles.txt
b_lusignan,c_lusignan,d_poitou,k_aquitaine,e_france,true,first_barony_in_county_block,867,CK3 00_landed_titles.txt
b_lusspie,c_ubmejeiednuo,d_aarjetje,k_sapmi,e_scandinavia,false,,867,CK3 00_landed_titles.txt
b_luton,c_bedford,d_bedford,k_england,e_britannia,false,,867,CK3 00_landed_titles.txt
b_lutsk,c_volodymyr,d_volhynia,k_galicia-volhynia,e_west_slavia,false,,867,CK3 00_landed_titles.txt
b_luuq,c_luuq,d_west_ajuraan,k_ajuraan,e_azania,true,first_barony_in_county_block,867,CK3 00_landed_titles.txt
b_luxembourg,c_luxembourg,d_luxembourg,k_lotharingia,e_germany,true,first_barony_in_county_block,867,CK3 00_landed_titles.txt
b_lviv,c_lviv,d_halych,k_galicia-volhynia,e_west_slavia,true,first_barony_in_county_block,867,CK3 00_landed_titles.txt
b_lyck,c_angerburg,d_masuria,k_lithuania,e_wendish_empire,false,,867,CK3 00_landed_titles.txt
b_lykandos,c_lycandus,d_cilicia,k_anatolia,e_byzantium,true,first_barony_in_county_block,867,CK3 00_landed_titles.txt
b_lyme,c_dorset,d_somerset,k_england,e_britannia,false,,867,CK3 00_landed_titles.txt
b_lynn,c_norfolk,d_norfolk,k_england,e_britannia,false,,867,CK3 00_landed_titles.txt
b_lyon,c_lyon,d_dauphine,k_burgundy,e_france,true,first_barony_in_county_block,867,CK3 00_landed_titles.txt
b_lystra,c_lycaonia,d_anatolia,k_anatolia,e_byzantium,false,,867,CK3 00_landed_titles.txt
b_lysva,c_lysva,d_perm,k_permia,e_volga-ural,true,first_barony_in_county_block,867,CK3 00_landed_titles.txt
b_lyuban,c_novgorod,d_novgorod,k_novgorod,e_russia,false,,867,CK3 00_landed_titles.txt
b_lyubech,c_chernigov,d_chernigov,k_ruthenia,e_russia,false,,867,CK3 00_landed_titles.txt
b_lyubim,c_lyubim,d_vologda,k_bjarmaland,e_russia,true,first_barony_in_county_block,867,CK3 00_landed_titles.txt
b_lyukum,c_uchkul,d_zhetysu,k_zhetysu,e_tartaria,false,,867,CK3 00_landed_titles.txt
b_lyutitsa,c_zherkovo,d_philippopolis,k_bulgaria,e_byzantium,false,,867,CK3 00_landed_titles.txt
b_maab,c_maab,d_amman,k_arabia,e_arabia,true,first_barony_in_county_block,867,CK3 00_landed_titles.txt
b_maan,c_maan,d_shammar,k_arabia,e_arabia,true,first_barony_in_county_block,867,CK3 00_landed_titles.txt
b_maanselka,c_kitka,d_giemajohka,k_sapmi,e_scandinavia,false,,867,CK3 00_landed_titles.txt
b_maasilinna,c_osel,d_esthonia,k_esthonia,e_wendish_empire,false,,867,CK3 00_landed_titles.txt
b_maastricht,c_maastricht,d_julich,k_lotharingia,e_germany,true,first_barony_in_county_block,867,CK3 00_landed_titles.txt
b_macclesfield,c_cheshire,d_lancaster,k_england,e_britannia,false,,867,CK3 00_landed_titles.txt
b_macenta,c_toma,d_toro,k_guinea,e_guinea,true,first_barony_in_county_block,867,CK3 00_landed_titles.txt
b_macerata,c_fermo,d_ancona,k_romagna,e_italy,false,,867,CK3 00_landed_titles.txt
b_machu,c_madoi,d_golog,k_gyalrong,e_tibet,false,,867,CK3 00_landed_titles.txt
b_macon,c_macon,d_burgundy,k_france,e_france,true,first_barony_in_county_block,867,CK3 00_landed_titles.txt
b_macva,c_macva,d_macva,k_serbia,e_byzantium,true,first_barony_in_county_block,867,CK3 00_landed_titles.txt
b_madan,c_jimi,d_kanem,k_kanem,e_kanem_bornu,false,,867,CK3 00_landed_titles.txt
b_madas,c_qashtiliya,d_jerid,k_africa,e_maghreb,false,,867,CK3 00_landed_titles.txt
b_madeira,c_madeira,d_canarias,k_maghreb,e_maghreb,true,first_barony_in_county_block,867,CK3 00_landed_titles.txt
b_madekali,c_ilo,d_borgu,k_borgu,e_guinea,false,,867,CK3 00_landed_titles.txt
b_madhupur,c_madhupur,d_varendra,k_bengal,e_bengal,true,first_barony_in_county_block,867,CK3 00_landed_titles.txt
b_madila,c_tabassa,d_kairouan,k_africa,e_maghreb,false,,867,CK3 00_landed_titles.txt
b_madin-an-naqira,c_sharaf,d_najd,k_arabia,e_arabia,false,,867,CK3 00_landed_titles.txt
b_madinat_sulaym,c_harrat_rahat,d_medina,k_arabia,e_arabia,false,,867,CK3 00_landed_titles.txt
b_madminiya,c_gurganj,d_khorezm,k_transoxiana,e_turan,false,,867,CK3 00_landed_titles.txt
b_madoi,c_madoi,d_golog,k_gyalrong,e_tibet,true,first_barony_in_county_block,867,CK3 00_landed_titles.txt
b_madrid,c_madrid,d_toledo,k_andalusia,e_spain,true,first_barony_in_county_block,867,CK3 00_landed_titles.txt
b_madurai,c_madurai,d_pandya_nadu,k_tamilakam,e_deccan,true,first_barony_in_county_block,867,CK3 00_landed_titles.txt
b_madyan,c_al_aqabah,d_shammar,k_arabia,e_arabia,false,,867,CK3 00_landed_titles.txt
b_maestrazgo,c_teruel,d_valencia,k_valencia,e_spain,false,,867,CK3 00_landed_titles.txt
b_mafindi-kabaya,c_kuranko,d_loma,k_mali,e_mali,false,,867,CK3 00_landed_titles.txt
b_magampura,c_rohana,d_ruhunu,k_lanka,e_deccan,true,first_barony_in_county_block,867,CK3 00_landed_titles.txt
b_magdeburg,c_magdeburg,d_anhalt,k_east_francia,e_germany,true,first_barony_in_county_block,867,CK3 00_landed_titles.txt
b_maghas,c_maghas,d_alania,k_caucasus,e_caspian-pontic_steppe,true,first_barony_in_county_block,867,CK3 00_landed_titles.txt
b_maghun,c_jiruft,d_kirman,k_persia,e_persia,false,,867,CK3 00_landed_titles.txt
b_maglaj,c_usora,d_lower_bosna,k_croatia,e_byzantium,false,,867,CK3 00_landed_titles.txt
b_maglen,c_veria,d_thessalonika,k_thessalonika,e_byzantium,false,,867,CK3 00_landed_titles.txt
b_magnopolis,c_helenopontus,d_armeniac,k_pontus,e_byzantium,false,,867,CK3 00_landed_titles.txt
b_magra,c_hodna,d_zab,k_tahert,e_maghreb,false,,867,CK3 00_landed_titles.txt
b_mahal,c_maldives,d_chera_nadu,k_tamilakam,e_deccan,true,first_barony_in_county_block,867,CK3 00_landed_titles.txt
b_mahas,c_dondan_oilik,d_khotan,k_khotan,e_turan,false,,867,CK3 00_landed_titles.txt
b_mahasthangarh,c_pundravardhana,d_varendra,k_bengal,e_bengal,false,,867,CK3 00_landed_titles.txt
b_mahdiya,c_mahdiya,d_tunis,k_africa,e_maghreb,true,first_barony_in_county_block,867,CK3 00_landed_titles.txt
b_mahiyangana,c_batticaloa,d_ruhunu,k_lanka,e_deccan,false,,867,CK3 00_landed_titles.txt
b_mahoba,c_mahoba,d_jejakabhukti,k_kosala,e_rajastan,true,first_barony_in_county_block,867,CK3 00_landed_titles.txt
b_mahoyadapuram,c_kerala,d_chera_nadu,k_tamilakam,e_deccan,true,first_barony_in_county_block,867,CK3 00_landed_titles.txt
b_mahur,c_mahur,d_warangal,k_telingana,e_deccan,false,,867,CK3 00_landed_titles.txt
b_maials,c_tarragona,d_barcelona,k_aragon,e_spain,false,,867,CK3 00_landed_titles.txt
b_maibong,c_dimapur,d_para_lauhitya,k_kamarupa,e_bengal,false,,867,CK3 00_landed_titles.txt
b_maibud,c_yazd,d_yazd,k_persia,e_persia,false,,867,CK3 00_landed_titles.txt
b_maihana,c_tus,d_nishapur,k_khorasan,e_persia,false,,867,CK3 00_landed_titles.txt
b_main,c_jawf-al-yamani,d_jawf-al-yamani,k_yemen,e_arabia,true,first_barony_in_county_block,867,CK3 00_landed_titles.txt
b_mainamati,c_karmanta,d_vanga,k_bengal,e_bengal,false,,867,CK3 00_landed_titles.txt
b_mainling,c_mainling,d_lhoyul,k_lhomon,e_tibet,true,first_barony_in_county_block,867,CK3 00_landed_titles.txt
b_mainpu,c_nyalam,d_sagya,k_tsang,e_tibet,false,,867,CK3 00_landed_titles.txt
b_mainz,c_mainz,d_west_franconia,k_east_francia,e_germany,true,first_barony_in_county_block,867,CK3 00_landed_titles.txt
b_mait,c_mait,d_sanaag,k_adal,e_abyssinia,true,first_barony_in_county_block,867,CK3 00_landed_titles.txt
b_majar,c_besinada,d_alania,k_caucasus,e_caspian-pontic_steppe,false,,867,CK3 00_landed_titles.txt
b_makari,c_kotoko,d_wandala,k_sao,e_kanem_bornu,true,first_barony_in_county_block,867,CK3 00_landed_titles.txt
b_makariev,c_nizhny_novgorod,d_nizhny_novgorod,k_opolye,e_russia,false,,867,CK3 00_landed_titles.txt
b_makhir,c_makhir,d_sanaag,k_adal,e_abyssinia,true,first_barony_in_county_block,867,CK3 00_landed_titles.txt
b_makisin,c_khabur,d_diyarrabia,k_jazira,e_persia,true,first_barony_in_county_block,867,CK3 00_landed_titles.txt
b_makit,c_yarkand,d_kashgar,k_khotan,e_turan,false,,867,CK3 00_landed_titles.txt
b_makka,c_mecca,d_mecca,k_arabia,e_arabia,true,first_barony_in_county_block,867,CK3 00_landed_titles.txt
b_makrana,c_nagauda,d_jangladesh,k_rajputana,e_rajastan,false,,867,CK3 00_landed_titles.txt
b_maksi,c_ujjayini,d_dadhipadra,k_malwa,e_rajastan,false,,867,CK3 00_landed_titles.txt
b_maku,c_vaspurakan,d_vaspurakan,k_armenia,e_byzantium,false,,867,CK3 00_landed_titles.txt
b_maladzyechna,c_minsk,d_minsk,k_white_rus,e_russia,false,,867,CK3 00_landed_titles.txt
b_malaga,c_malaga,d_granada,k_andalusia,e_spain,true,first_barony_in_county_block,867,CK3 00_landed_titles.txt
b_malagon,c_malagon,d_toledo,k_andalusia,e_spain,true,first_barony_in_county_block,867,CK3 00_landed_titles.txt
b_malaia_skvirka,c_korsun,d_kiev,k_ruthenia,e_russia,false,,867,CK3 00_landed_titles.txt
b_malamacco,c_veneto,d_venice,k_venice,e_byzantium,false,,867,CK3 00_landed_titles.txt
b_malandra,c_sebasteia,d_sebasteia,k_pontus,e_byzantium,false,,867,CK3 00_landed_titles.txt
b_malappuram,c_eranad,d_chera_nadu,k_tamilakam,e_deccan,false,,867,CK3 00_landed_titles.txt
b_malashuyka,c_onega_BJA,d_biarmia,k_bjarmaland,e_russia,false,,867,CK3 00_landed_titles.txt
b_malaya_rata,c_kandy,d_dakhina_desa,k_lanka,e_deccan,true,first_barony_in_county_block,867,CK3 00_landed_titles.txt
b_malayagiri,c_khijjingakota,d_tosali,k_orissa,e_bengal,false,,867,CK3 00_landed_titles.txt
b_malboden,c_cambray,d_brabant,k_lotharingia,e_germany,false,,867,CK3 00_landed_titles.txt
b_maldon,c_essex,d_bedford,k_england,e_britannia,false,,867,CK3 00_landed_titles.txt
b_malenga,c_povenets,d_biarmia,k_bjarmaland,e_russia,false,,867,CK3 00_landed_titles.txt
b_maleshevo,c_strumica,d_bulgaria,k_bulgaria,e_byzantium,false,,867,CK3 00_landed_titles.txt
b_malha,c_dar-al-rih,d_darfur,k_darfur,e_kanem_bornu,false,,867,CK3 00_landed_titles.txt
b_malin,c_herat,d_herat,k_khorasan,e_persia,false,,867,CK3 00_landed_titles.txt
b_malindi,c_malindi,d_mombasa,k_zanj,e_azania,true,first_barony_in_county_block,867,CK3 00_landed_titles.txt
b_malkangiri,c_barasuru,d_dandakaranya,k_orissa,e_bengal,false,,867,CK3 00_landed_titles.txt
b_mallus,c_cilicia,d_cilicia,k_anatolia,e_byzantium,false,,867,CK3 00_landed_titles.txt
b_malmesbury,c_wiltshire,d_gloucester,k_england,e_britannia,false,,867,CK3 00_landed_titles.txt
b_maloi_irghiz,c_jambalar,d_pecheneg,k_caspian_steppe,e_caspian-pontic_steppe,false,,867,CK3 00_landed_titles.txt
b_malta,c_malta,d_sicily,k_sicily,e_byzantium,true,first_barony_in_county_block,867,CK3 00_landed_titles.txt
b_mamadych,c_mamadych,d_kazan,k_volga_bulgaria,e_volga-ural,true,first_barony_in_county_block,867,CK3 00_landed_titles.txt
b_mamakhondii,c_kotera,d_bargujin_tukum,k_buryatia,e_mongolia,false,,867,CK3 00_landed_titles.txt
b_mamallapuram,c_kanchipuram,d_tondai_nadu,k_tamilakam,e_deccan,false,,867,CK3 00_landed_titles.txt
b_mamlyutka,c_petropavl,d_tobol-ishim,k_qara_dala,e_tartaria,false,,867,CK3 00_landed_titles.txt
b_mampon,c_upper_bono,d_brong,k_akan,e_guinea,false,,867,CK3 00_landed_titles.txt
b_man,c_man,d_bassa,k_guinea,e_guinea,true,first_barony_in_county_block,867,CK3 00_landed_titles.txt
b_mana_MON,c_mana,d_yenisei_kan,k_angara,e_mongolia,true,first_barony_in_county_block,867,CK3 00_landed_titles.txt
b_manaka,c_manaka,d_betpa,k_saryarka,e_tartaria,true,first_barony_in_county_block,867,CK3 00_landed_titles.txt
b_manan,c_kanem,d_kanem,k_kanem,e_kanem_bornu,true,first_barony_in_county_block,867,CK3 00_landed_titles.txt
b_manas,c_bugur,d_beshbalik,k_dzungaria,e_tartaria,false,,867,CK3 00_landed_titles.txt
b_manatau,c_manatau,d_manatau,k_caspian_steppe,e_caspian-pontic_steppe,true,first_barony_in_county_block,867,CK3 00_landed_titles.txt
b_manbij,c_aleppo,d_aleppo,k_syria,e_arabia,false,,867,CK3 00_landed_titles.txt
b_mancherial,c_mahur,d_warangal,k_telingana,e_deccan,true,first_barony_in_county_block,867,CK3 00_landed_titles.txt
b_mandapika,c_mandapika,d_anupa,k_malwa,e_rajastan,true,first_barony_in_county_block,867,CK3 00_landed_titles.txt
b_mandasa,c_kalinganagar,d_kalinga,k_orissa,e_bengal,true,first_barony_in_county_block,867,CK3 00_landed_titles.txt
b_mandavyapura,c_mandavyapura,d_maru,k_rajputana,e_rajastan,true,first_barony_in_county_block,867,CK3 00_landed_titles.txt
b_mandawar,c_katehar,d_vodamayutja,k_delhi,e_rajastan,true,first_barony_in_county_block,867,CK3 00_landed_titles.txt
b_mandestan,c_mandestan,d_fars,k_persia,e_persia,true,first_barony_in_county_block,867,CK3 00_landed_titles.txt
b_mandla,c_tripuri,d_dahala,k_gondwana,e_bengal,false,,867,CK3 00_landed_titles.txt
b_mandrael,c_ranthambore,d_ajmer,k_rajputana,e_rajastan,false,,867,CK3 00_landed_titles.txt
b_maner,c_magadha,d_magadha,k_bihar,e_bengal,false,,867,CK3 00_landed_titles.txt
b_manfalut,c_ushmun,d_al-said,k_egypt,e_arabia,false,,867,CK3 00_landed_titles.txt
b_manga,c_ghazzal,d_wadai,k_darfur,e_kanem_bornu,false,,867,CK3 00_landed_titles.txt
b_mangalavada,c_penugonda,d_tondai_nadu,k_tamilakam,e_deccan,false,,867,CK3 00_landed_titles.txt
b_mangalia,c_constanta,d_dobrudja,k_bulgaria,e_byzantium,false,,867,CK3 00_landed_titles.txt
b_mangalur,c_alupa,d_chera_nadu,k_tamilakam,e_deccan,false,,867,CK3 00_landed_titles.txt
b_mangnai,c_mangnai,d_nagormo,k_amdo,e_tibet,true,first_barony_in_county_block,867,CK3 00_landed_titles.txt
b_mangra,c_mangra,d_malho,k_gyalrong,e_tibet,true,first_barony_in_county_block,867,CK3 00_landed_titles.txt
b_mangrol,c_bhumilka,d_saurashtra,k_gujarat,e_rajastan,false,,867,CK3 00_landed_titles.txt
b_mani,c_dakajalan,d_manding,k_mali,e_mali,false,,867,CK3 00_landed_titles.txt
b_manigango,c_pelyul,d_dege,k_kham,e_tibet,false,,867,CK3 00_landed_titles.txt
b_manikpur,c_manikpur,d_kanyakubja,k_kosala,e_rajastan,true,first_barony_in_county_block,867,CK3 00_landed_titles.txt
b_manikuta,c_kamarupanagara,d_kamarupanagara,k_kamarupa,e_bengal,false,,867,CK3 00_landed_titles.txt
b_manina,c_khopyor,d_khopyor,k_mordvinia,e_volga-ural,false,,867,CK3 00_landed_titles.txt
b_manipur,c_manipur,d_para_lauhitya,k_kamarupa,e_bengal,true,first_barony_in_county_block,867,CK3 00_landed_titles.txt
b_mankera,c_karor,d_multan,k_punjab,e_rajastan,false,,867,CK3 00_landed_titles.txt
b_mankessim,c_fante,d_ashanti,k_akan,e_guinea,false,,867,CK3 00_landed_titles.txt
b_mankiala,c_udabhanda,d_gandhara,k_punjab,e_rajastan,false,,867,CK3 00_landed_titles.txt
b_mannar,c_kotte,d_sinhala,k_lanka,e_deccan,false,,867,CK3 00_landed_titles.txt
b_manon,c_nuon,d_bassa,k_guinea,e_guinea,false,,867,CK3 00_landed_titles.txt
b_manresa,c_barcelona,d_barcelona,k_aragon,e_spain,false,,867,CK3 00_landed_titles.txt
b_mansfeld,c_mansfeld,d_anhalt,k_east_francia,e_germany,true,first_barony_in_county_block,867,CK3 00_landed_titles.txt
b_manso_nkwanta,c_kumasi,d_ashanti,k_akan,e_guinea,false,,867,CK3 00_landed_titles.txt
b_mansoa,c_geba,d_kasa,k_kaabu,e_mali,false,,867,CK3 00_landed_titles.txt
b_mansura,c_mansura,d_sauvira,k_sindh,e_rajastan,true,first_barony_in_county_block,867,CK3 00_landed_titles.txt
b_mansuriya,c_kairwan,d_kairouan,k_africa,e_maghreb,false,,867,CK3 00_landed_titles.txt
b_mantes,c_beaumont,d_valois,k_france,e_france,false,,867,CK3 00_landed_titles.txt
b_manthang,c_manthang,d_purang,k_guge,e_tibet,true,first_barony_in_county_block,867,CK3 00_landed_titles.txt
b_mantua,c_mantua,d_emilia,k_italy,e_italy,true,first_barony_in_county_block,867,CK3 00_landed_titles.txt
b_manturovo,c_manturovo,d_nizhny_novgorod,k_opolye,e_russia,true,first_barony_in_county_block,867,CK3 00_landed_titles.txt
b_manujan,c_jabal_kufs,d_jabal_kufs,k_makran,e_persia,false,,867,CK3 00_landed_titles.txt
b_manyakheta,c_kalyani,d_kalyani,k_karnata,e_deccan,false,,867,CK3 00_landed_titles.txt
b_manyapura,c_srirangapatna,d_gangavadi,k_karnata,e_deccan,true,first_barony_in_county_block,867,CK3 00_landed_titles.txt
b_manych,c_azov,d_azov,k_caucasus,e_caspian-pontic_steppe,false,,867,CK3 00_landed_titles.txt
b_manzikert,c_apahunik,d_vaspurakan,k_armenia,e_byzantium,false,,867,CK3 00_landed_titles.txt
b_manzurka,c_olkhon,d_tsagaanbaigal,k_buryatia,e_mongolia,false,,867,CK3 00_landed_titles.txt
b_mao_darfur,c_dar-al-rih,d_darfur,k_darfur,e_kanem_bornu,true,first_barony_in_county_block,867,CK3 00_landed_titles.txt
b_mapan,c_zabulistan,d_zabulistan,k_kabulistan,e_persia,false,,867,CK3 00_landed_titles.txt
b_maqen,c_maqen,d_golog,k_gyalrong,e_tibet,true,first_barony_in_county_block,867,CK3 00_landed_titles.txt
b_maqna,c_al_aqabah,d_shammar,k_arabia,e_arabia,false,,867,CK3 00_landed_titles.txt
b_maqu,c_maqu,d_gainlho,k_gyalrong,e_tibet,true,first_barony_in_county_block,867,CK3 00_landed_titles.txt
b_maqueda,c_toledo,d_toledo,k_andalusia,e_spain,false,,867,CK3 00_landed_titles.txt
b_mar,c_angus,d_albany,k_scotland,e_britannia,false,,867,CK3 00_landed_titles.txt
b_mara,c_massina,d_mema,k_ghana,e_mali,false,,867,CK3 00_landed_titles.txt
b_mara_kisi,c_kisi,d_loma,k_mali,e_mali,false,,867,CK3 00_landed_titles.txt
b_maragha,c_maragha,d_azerbaijan,k_daylam,e_persia,true,first_barony_in_county_block,867,CK3 00_landed_titles.txt
b_marakele,c_andamans,d_handumans,k_malayadvipa,e_srivijaya,true,first_barony_in_county_block,867,CK3 00_landed_titles.txt
b_maralbeshi,c_maralbeshi,d_kashgar,k_khotan,e_turan,true,first_barony_in_county_block,867,CK3 00_landed_titles.txt
b_maramarossziget,c_marmaros,d_transcarpathia,k_hungary,e_carpathia,true,first_barony_in_county_block,867,CK3 00_landed_titles.txt
b_marand,c_tabriz,d_azerbaijan,k_daylam,e_persia,false,,867,CK3 00_landed_titles.txt
b_marandet,c_takkeda,d_air,k_sahara,e_maghreb,false,,867,CK3 00_landed_titles.txt
b_marandi,c_katsina,d_katsina,k_hausaland,e_kanem_bornu,false,,867,CK3 00_landed_titles.txt
b_maras,c_shirvan,d_shirvan,k_daylam,e_persia,false,,867,CK3 00_landed_titles.txt
b_marash,c_marash,d_edessa,k_syria,e_arabia,true,first_barony_in_county_block,867,CK3 00_landed_titles.txt
b_maratea,c_salerno,d_salerno,k_sicily,e_byzantium,false,,867,CK3 00_landed_titles.txt
b_marawa,c_derna,d_cyrenaica,k_egypt,e_arabia,false,,867,CK3 00_landed_titles.txt
b_marba,c_kera,d_wandala,k_sao,e_kanem_bornu,false,,867,CK3 00_landed_titles.txt
b_marburg,c_marburg,d_hesse,k_east_francia,e_germany,true,first_barony_in_county_block,867,CK3 00_landed_titles.txt
b_marchu,c_dangla,d_amdo,k_amdo,e_tibet,false,,867,CK3 00_landed_titles.txt
b_mardali,c_turuberan,d_vaspurakan,k_armenia,e_byzantium,false,,867,CK3 00_landed_titles.txt
b_mardin,c_upper_khabur,d_diyarrabia,k_jazira,e_persia,false,,867,CK3 00_landed_titles.txt
b_mareeg,c_mareeg,d_mogadishu,k_ajuraan,e_azania,true,first_barony_in_county_block,867,CK3 00_landed_titles.txt
b_marehan-north,c_luuq,d_west_ajuraan,k_ajuraan,e_azania,false,,867,CK3 00_landed_titles.txt
b_marehan-south,c_luuq,d_west_ajuraan,k_ajuraan,e_azania,false,,867,CK3 00_landed_titles.txt
b_margai,c_garkung,d_conyi,k_u,e_tibet,false,,867,CK3 00_landed_titles.txt
b_marghinan,c_nasaiya,d_ferghana,k_transoxiana,e_turan,false,,867,CK3 00_landed_titles.txt
b_margi,c_kagha,d_kagha,k_kanem,e_kanem_bornu,false,,867,CK3 00_landed_titles.txt
b_mari-turek,c_mari-turek,d_kazan,k_volga_bulgaria,e_volga-ural,true,first_barony_in_county_block,867,CK3 00_landed_titles.txt
b_mariazell,c_sankt_polten,d_osterreich,k_bavaria,e_germany,false,,867,CK3 00_landed_titles.txt
b_maribor,c_liebnitz,d_steyermark,k_bavaria,e_germany,false,,867,CK3 00_landed_titles.txt
b_marienburg,c_malbork,d_prussia,k_lithuania,e_wendish_empire,false,,867,CK3 00_landed_titles.txt
b_mariupol,c_khortytsia,d_red_levedia,k_pontic_steppe,e_caspian-pontic_steppe,false,,867,CK3 00_landed_titles.txt
b_marj-rahit,c_juwair,d_damascus,k_syria,e_arabia,false,,867,CK3 00_landed_titles.txt
b_mark,c_mark,d_lower_lorraine,k_lotharingia,e_germany,true,first_barony_in_county_block,867,CK3 00_landed_titles.txt
b_marka,c_jilib,d_west_ajuraan,k_ajuraan,e_azania,true,first_barony_in_county_block,867,CK3 00_landed_titles.txt
b_markam,c_markam,d_batang,k_kham,e_tibet,true,first_barony_in_county_block,867,CK3 00_landed_titles.txt
b_marle,c_vermandois,d_valois,k_france,e_france,true,first_barony_in_county_block,867,CK3 00_landed_titles.txt
b_marosvasarhely,c_szekelyfold,d_transylvania,k_hungary,e_carpathia,false,,867,CK3 00_landed_titles.txt
b_marquardstein,c_falkenstein,d_bavaria,k_bavaria,e_germany,false,,867,CK3 00_landed_titles.txt
b_marrakesh,c_marrakesh,d_marrakesh,k_maghreb,e_maghreb,true,first_barony_in_county_block,867,CK3 00_landed_titles.txt
b_marran,c_subay,d_najd,k_arabia,e_arabia,false,,867,CK3 00_landed_titles.txt
b_marrong,c_nyainrong,d_amdo,k_amdo,e_tibet,false,,867,CK3 00_landed_titles.txt
b_marsabit,c_marsabit,d_samalo,k_bale,e_azania,true,first_barony_in_county_block,867,CK3 00_landed_titles.txt
b_marsafarukh,c_orania,d_tlemcen,k_tahert,e_maghreb,false,,867,CK3 00_landed_titles.txt
b_marsan,c_marsan,d_gascogne,k_aquitaine,e_france,true,first_barony_in_county_block,867,CK3 00_landed_titles.txt
b_marseille,c_provence,d_provence,k_burgundy,e_france,false,,867,CK3 00_landed_titles.txt
b_marsetten,c_kempten,d_augsburg,k_bavaria,e_germany,false,,867,CK3 00_landed_titles.txt
b_martigny,c_aosta,d_savoie,k_burgundy,e_france,false,,867,CK3 00_landed_titles.txt
b_martyropolis,c_theodosiopolis,d_mesopotamia,k_armenia,e_byzantium,false,,867,CK3 00_landed_titles.txt
b_marv-ar-rud,c_marvarrud,d_merv,k_khorasan,e_persia,true,first_barony_in_county_block,867,CK3 00_landed_titles.txt
b_marvejols,c_rouergue,d_toulouse,k_aquitaine,e_france,false,,867,CK3 00_landed_titles.txt
b_marya,c_qataa,d_baqlin,k_blemmyia,e_abyssinia,false,,867,CK3 00_landed_titles.txt
b_masa,c_masa,d_baguirmi,k_sao,e_kanem_bornu,true,first_barony_in_county_block,867,CK3 00_landed_titles.txt
b_masa_fasher,c_el_fasher,d_darfur,k_darfur,e_kanem_bornu,false,,867,CK3 00_landed_titles.txt
b_masalit,c_masalit,d_west_darfur,k_darfur,e_kanem_bornu,true,first_barony_in_county_block,867,CK3 00_landed_titles.txt
b_masau,c_farah,d_sistan,k_makran,e_persia,false,,867,CK3 00_landed_titles.txt
b_maselk,c_east_kiilt,d_guoldat,k_sapmi,e_scandinavia,false,,867,CK3 00_landed_titles.txt
b_mashiz,c_kirman,d_kirman,k_persia,e_persia,false,,867,CK3 00_landed_titles.txt
b_mashki,c_panjgur,d_makran,k_makran,e_persia,false,,867,CK3 00_landed_titles.txt
b_mashkuya,c_rayy,d_rayy,k_persia,e_persia,false,,867,CK3 00_landed_titles.txt
b_mashqar,c_uqayr,d_al-hasa,k_arabia,e_arabia,false,,867,CK3 00_landed_titles.txt
b_masila,c_hodna,d_zab,k_tahert,e_maghreb,false,,867,CK3 00_landed_titles.txt
b_masin,c_masin,d_wagadu,k_ghana,e_mali,false,,867,CK3 00_landed_titles.txt
b_maskiyana,c_tabassa,d_kairouan,k_africa,e_maghreb,false,,867,CK3 00_landed_titles.txt
b_massa,c_agadir,d_sous,k_maghreb,e_maghreb,false,,867,CK3 00_landed_titles.txt
b_massawa,c_massawa,d_dahlaks,k_abyssinia,e_abyssinia,true,first_barony_in_county_block,867,CK3 00_landed_titles.txt
b_massenya,c_baguirmi,d_baguirmi,k_sao,e_kanem_bornu,true,first_barony_in_county_block,867,CK3 00_landed_titles.txt
b_mastang,c_sibi,d_bhakkar,k_sindh,e_rajastan,false,,867,CK3 00_landed_titles.txt
b_masur,c_banavasi,d_nulambavadi,k_karnata,e_deccan,true,first_barony_in_county_block,867,CK3 00_landed_titles.txt
b_masyaf,c_shayzar,d_homs,k_syria,e_arabia,false,,867,CK3 00_landed_titles.txt
b_mat,c_arbanon,d_dyrrachion,k_epirus,e_byzantium,false,,867,CK3 00_landed_titles.txt
b_matale,c_kandy,d_dakhina_desa,k_lanka,e_deccan,false,,867,CK3 00_landed_titles.txt
b_matankari,c_tahoua,d_gobir,k_hausaland,e_kanem_bornu,false,,867,CK3 00_landed_titles.txt
b_matara,c_intarta,d_aksum,k_abyssinia,e_abyssinia,false,,867,CK3 00_landed_titles.txt
b_matara-iraq,c_ubulla,d_basra,k_mesopotamia,e_persia,false,,867,CK3 00_landed_titles.txt
b_matera,c_bari,d_apulia,k_sicily,e_byzantium,false,,867,CK3 00_landed_titles.txt
b_mathura,c_mathura,d_mathura,k_delhi,e_rajastan,true,first_barony_in_county_block,867,CK3 00_landed_titles.txt
b_matiari,c_mansura,d_sauvira,k_sindh,e_rajastan,false,,867,CK3 00_landed_titles.txt
b_mato,c_ngoring,d_qumarleb,k_amdo,e_tibet,false,,867,CK3 00_landed_titles.txt
b_matomai,c_uskes,d_sum,k_aynumosir,e_amur,true,first_barony_in_county_block,867,CK3 00_landed_titles.txt
b_matrah,c_muscat,d_oman,k_arabia,e_arabia,false,,867,CK3 00_landed_titles.txt
b_matrei,c_lienz,d_tyrol,k_bavaria,e_germany,false,,867,CK3 00_landed_titles.txt
b_mattija,c_algier,d_alger,k_tahert,e_maghreb,false,,867,CK3 00_landed_titles.txt
b_matya,c_matya,d_tambov,k_mordvinia,e_volga-ural,true,first_barony_in_county_block,867,CK3 00_landed_titles.txt
b_mau,c_mau,d_toro,k_guinea,e_guinea,true,first_barony_in_county_block,867,CK3 00_landed_titles.txt
b_maulevrier,c_montaigu,d_poitou,k_aquitaine,e_france,false,,867,CK3 00_landed_titles.txt
b_mautan_tas,c_tokumbay,d_tokumbay,k_saryarka,e_tartaria,false,,867,CK3 00_landed_titles.txt
b_mavrouda,c_thessalonika,d_thessalonika,k_thessalonika,e_byzantium,false,,867,CK3 00_landed_titles.txt
b_mawli,c_dagomba,d_dagomba,k_gur,e_guinea,false,,867,CK3 00_landed_titles.txt
b_mawqaq,c_hail,d_najd,k_arabia,e_arabia,false,,867,CK3 00_landed_titles.txt
b_mawza,c_zabid,d_sanaa,k_yemen,e_arabia,false,,867,CK3 00_landed_titles.txt
b_maybole,c_carrick,d_galloway,k_scotland,e_britannia,true,first_barony_in_county_block,867,CK3 00_landed_titles.txt
b_maydara,c_tabassa,d_kairouan,k_africa,e_maghreb,false,,867,CK3 00_landed_titles.txt
b_mayenne,c_sable,d_anjou,k_france,e_france,false,,867,CK3 00_landed_titles.txt
b_mayin,c_istakhr,d_fars,k_persia,e_persia,false,,867,CK3 00_landed_titles.txt
b_mayyafariqin,c_mayyafariqin,d_diyarbakr,k_jazira,e_persia,true,first_barony_in_county_block,867,CK3 00_landed_titles.txt
b_maza,c_jambalar,d_pecheneg,k_caspian_steppe,e_caspian-pontic_steppe,false,,867,CK3 00_landed_titles.txt
b_mazaghan,c_tamasna,d_marrakesh,k_maghreb,e_maghreb,false,,867,CK3 00_landed_titles.txt
b_mazara,c_palermo,d_sicily,k_sicily,e_byzantium,false,,867,CK3 00_landed_titles.txt
b_mazdaqan,c_hamadan,d_hamadan,k_persia,e_persia,false,,867,CK3 00_landed_titles.txt
b_mazduran,c_tus,d_nishapur,k_khorasan,e_persia,false,,867,CK3 00_landed_titles.txt
b_mazinan,c_baihaq,d_nishapur,k_khorasan,e_persia,false,,867,CK3 00_landed_titles.txt
b_mazyr,c_korosten,d_turov,k_ruthenia,e_russia,false,,867,CK3 00_landed_titles.txt
b_mbara,c_masa,d_baguirmi,k_sao,e_kanem_bornu,false,,867,CK3 00_landed_titles.txt
b_mboune,c_namandiru,d_djolof,k_takrur,e_mali,false,,867,CK3 00_landed_titles.txt
b_mboynane,c_jolof,d_djolof,k_takrur,e_mali,false,,867,CK3 00_landed_titles.txt
b_mbul,c_kayor,d_djolof,k_takrur,e_mali,true,first_barony_in_county_block,867,CK3 00_landed_titles.txt
b_meaux,c_meaux,d_champagne,k_france,e_france,true,first_barony_in_county_block,867,CK3 00_landed_titles.txt
b_mecheria,c_figuig,d_tahert,k_tahert,e_maghreb,false,,867,CK3 00_landed_titles.txt
b_mechuka,c_along,d_lhoyul,k_lhomon,e_tibet,false,,867,CK3 00_landed_titles.txt
b_medak,c_orangallu,d_warangal,k_telingana,e_deccan,false,,867,CK3 00_landed_titles.txt
b_medantaka,c_medantaka,d_maru,k_rajputana,e_rajastan,true,first_barony_in_county_block,867,CK3 00_landed_titles.txt
b_medea,c_algier,d_alger,k_tahert,e_maghreb,false,,867,CK3 00_landed_titles.txt
b_medellin,c_medellin,d_badajoz,k_badajoz,e_spain,true,first_barony_in_county_block,867,CK3 00_landed_titles.txt
b_medemblik,c_westfriesland,d_holland,k_frisia,e_germany,false,,867,CK3 00_landed_titles.txt
b_medeniken,c_palanga,d_samogitia,k_lithuania,e_wendish_empire,false,,867,CK3 00_landed_titles.txt
b_medinaceli,c_molina,d_toledo,k_andalusia,e_spain,false,,867,CK3 00_landed_titles.txt
b_medinadelcampo,c_avila,d_leon,k_leon,e_spain,false,,867,CK3 00_landed_titles.txt
b_medinadepomar,c_asturias_de_santillana,d_cantabria,k_castille,e_spain,false,,867,CK3 00_landed_titles.txt
b_medoc,c_bordeaux,d_gascogne,k_aquitaine,e_france,false,,867,CK3 00_landed_titles.txt
b_medog,c_pemako,d_lhoyul,k_lhomon,e_tibet,true,first_barony_in_county_block,867,CK3 00_landed_titles.txt
b_megara,c_attica,d_athens,k_hellas,e_byzantium,false,,867,CK3 00_landed_titles.txt
b_mege,c_yau,d_bornu,k_kanem,e_kanem_bornu,false,,867,CK3 00_landed_titles.txt
b_mehadia,c_severin,d_oltenia,k_dacia,e_carpathia,false,,867,CK3 00_landed_titles.txt
b_mehidpur,c_ujjayini,d_dadhipadra,k_malwa,e_rajastan,false,,867,CK3 00_landed_titles.txt
b_meissen,c_meissen,d_meissen,k_sorbia,e_west_slavia,true,first_barony_in_county_block,867,CK3 00_landed_titles.txt
b_mekhar,c_vatsagulma,d_devagiri,k_maharastra,e_deccan,false,,867,CK3 00_landed_titles.txt
b_mekhtar,c_kalat,d_multan,k_punjab,e_rajastan,false,,867,CK3 00_landed_titles.txt
b_meknes,c_meknes,d_fes,k_maghreb,e_maghreb,true,first_barony_in_county_block,867,CK3 00_landed_titles.txt
b_mekrou,c_pendjari,d_mamprusi,k_gur,e_guinea,true,first_barony_in_county_block,867,CK3 00_landed_titles.txt
b_melay,c_saumur,d_anjou,k_france,e_france,false,,867,CK3 00_landed_titles.txt
b_meldi,c_sredets,d_turnovo,k_bulgaria,e_byzantium,false,,867,CK3 00_landed_titles.txt
b_melfi,c_benevento,d_benevento,k_sicily,e_byzantium,false,,867,CK3 00_landed_titles.txt
b_melfi_sao,c_dar_rashid,d_salamat,k_sao,e_kanem_bornu,false,,867,CK3 00_landed_titles.txt
b_melide,c_santiago,d_galicia,k_spanish_galicia,e_spain,false,,867,CK3 00_landed_titles.txt
b_melilla,c_melilla,d_rif,k_maghreb,e_maghreb,true,first_barony_in_county_block,867,CK3 00_landed_titles.txt
b_melitene,c_melitene,d_mesopotamia,k_armenia,e_byzantium,true,first_barony_in_county_block,867,CK3 00_landed_titles.txt
b_melle,c_lusignan,d_poitou,k_aquitaine,e_france,false,,867,CK3 00_landed_titles.txt
b_melnik,c_praha,d_bohemia,k_bohemia,e_west_slavia,false,,867,CK3 00_landed_titles.txt
b_melnikpirin,c_pirin,d_bulgaria,k_bulgaria,e_byzantium,true,first_barony_in_county_block,867,CK3 00_landed_titles.txt
b_melpadi,c_candragiri,d_tondai_nadu,k_tamilakam,e_deccan,false,,867,CK3 00_landed_titles.txt
b_melton,c_leicestershire,d_hereford,k_england,e_britannia,false,,867,CK3 00_landed_titles.txt
b_melun,c_brie_francaise,d_valois,k_france,e_france,true,first_barony_in_county_block,867,CK3 00_landed_titles.txt
b_memar,c_memar,d_rutog,k_maryul,e_tibet,true,first_barony_in_county_block,867,CK3 00_landed_titles.txt
b_memel,c_memel,d_samogitia,k_lithuania,e_wendish_empire,true,first_barony_in_county_block,867,CK3 00_landed_titles.txt
b_memmingen,c_kempten,d_augsburg,k_bavaria,e_germany,false,,867,CK3 00_landed_titles.txt
b_mende,c_gevaudan,d_toulouse,k_aquitaine,e_france,false,,867,CK3 00_landed_titles.txt
b_meneith,c_lennox,d_galloway,k_scotland,e_britannia,false,,867,CK3 00_landed_titles.txt
b_menorca,c_menorca,d_mallorca,k_valencia,e_spain,true,first_barony_in_county_block,867,CK3 00_landed_titles.txt
b_mentesa,c_calatrava,d_cordoba,k_andalusia,e_spain,false,,867,CK3 00_landed_titles.txt
b_menzelinsk,c_siun,d_jalmat,k_volga_bulgaria,e_volga-ural,false,,867,CK3 00_landed_titles.txt
b_meppen,c_tecklenburg,d_westfalen,k_saxony,e_germany,false,,867,CK3 00_landed_titles.txt
b_mercaeur,c_clermont_sur_allier,d_auvergne,k_aquitaine,e_france,false,,867,CK3 00_landed_titles.txt
b_mercara,c_talakad,d_gangavadi,k_karnata,e_deccan,false,,867,CK3 00_landed_titles.txt
b_mergao,c_kurumba,d_upper_gurma,k_gurma,e_mali,false,,867,CK3 00_landed_titles.txt
b_mergentheim,c_hohenlohe,d_east_franconia,k_east_francia,e_germany,true,first_barony_in_county_block,867,CK3 00_landed_titles.txt
b_merida,c_merida,d_badajoz,k_badajoz,e_spain,true,first_barony_in_county_block,867,CK3 00_landed_titles.txt
b_merikarvia,c_mustasaari,d_pohjanmaa,k_finland,e_scandinavia,false,,867,CK3 00_landed_titles.txt
b_merke,c_taraz,d_talas_alatau,k_syr_darya,e_turan,false,,867,CK3 00_landed_titles.txt
b_merkine,c_trakai,d_lithuanians,k_lithuania,e_wendish_empire,false,,867,CK3 00_landed_titles.txt
b_mersenburg,c_mersenburg,d_anhalt,k_east_francia,e_germany,true,first_barony_in_county_block,867,CK3 00_landed_titles.txt
b_mertola,c_faro,d_algarve,k_badajoz,e_spain,false,,867,CK3 00_landed_titles.txt
b_meru,c_kirinyaga,d_bonde_la_ufa,k_zanj,e_azania,false,,867,CK3 00_landed_titles.txt
b_merv,c_merv,d_merv,k_khorasan,e_persia,true,first_barony_in_county_block,867,CK3 00_landed_titles.txt
b_mesembria,c_mesembria,d_dobrudja,k_bulgaria,e_byzantium,true,first_barony_in_county_block,867,CK3 00_landed_titles.txt
b_messina,c_messina,d_sicily,k_sicily,e_byzantium,true,first_barony_in_county_block,867,CK3 00_landed_titles.txt
b_messukyla,c_messukyla,d_finland,k_finland,e_scandinavia,true,first_barony_in_county_block,867,CK3 00_landed_titles.txt
b_mestre,c_veneto,d_venice,k_venice,e_byzantium,true,first_barony_in_county_block,867,CK3 00_landed_titles.txt
b_metz,c_metz,d_upper_lorraine,k_lotharingia,e_germany,true,first_barony_in_county_block,867,CK3 00_landed_titles.txt
b_metzovo,c_metzovo,d_epirus,k_epirus,e_byzantium,true,first_barony_in_county_block,867,CK3 00_landed_titles.txt
b_mezeshka,c_adrianopolis,d_philippopolis,k_bulgaria,e_byzantium,false,,867,CK3 00_landed_titles.txt
b_mezhybozhe,c_zhytomyr,d_kiev,k_ruthenia,e_russia,false,,867,CK3 00_landed_titles.txt
b_mezieres,c_rethel,d_champagne,k_france,e_france,false,,867,CK3 00_landed_titles.txt
b_mglin,c_starodub,d_chernigov,k_ruthenia,e_russia,false,,867,CK3 00_landed_titles.txt
b_miastko,c_miastko,d_pomerelia,k_pomerania,e_wendish_empire,false,,867,CK3 00_landed_titles.txt
b_michalowo,c_dobrzynska,d_kuyavia,k_poland,e_west_slavia,false,,867,CK3 00_landed_titles.txt
b_midaeum,c_pacatiana,d_anatolia,k_anatolia,e_byzantium,false,,867,CK3 00_landed_titles.txt
b_midaeum_OPSI,c_phrygia,d_opsikion,k_nikaea,e_byzantium,false,,867,CK3 00_landed_titles.txt
b_middelburg,c_zeeland,d_holland,k_frisia,e_germany,true,first_barony_in_county_block,867,CK3 00_landed_titles.txt
b_middelfart,c_fyn,d_sjaelland,k_denmark,e_scandinavia,false,,867,CK3 00_landed_titles.txt
b_middle_atbara,c_kassala,d_baqlin,k_blemmyia,e_abyssinia,false,,867,CK3 00_landed_titles.txt
b_middle_awash,c_sitti,d_mora,k_adal,e_abyssinia,false,,867,CK3 00_landed_titles.txt
b_middle_nzi,c_nzi,d_kong,k_kong,e_guinea,false,,867,CK3 00_landed_titles.txt
b_middle_shebelle,c_ganale,d_shabelle,k_bale,e_azania,false,,867,CK3 00_landed_titles.txt
b_middle_tano,c_bonoso,d_brong,k_akan,e_guinea,false,,867,CK3 00_landed_titles.txt
b_midnapore,c_midnapore,d_suhma,k_bengal,e_bengal,true,first_barony_in_county_block,867,CK3 00_landed_titles.txt
b_miedzyrzecz,c_poznanska,d_wielkopolska,k_poland,e_west_slavia,false,,867,CK3 00_landed_titles.txt
b_mielec,c_tarnowska,d_lesser_poland,k_poland,e_west_slavia,false,,867,CK3 00_landed_titles.txt
b_migri,c_banre,d_baguirmi,k_sao,e_kanem_bornu,false,,867,CK3 00_landed_titles.txt
b_mihrijan,c_mafaza,d_yazd,k_persia,e_persia,false,,867,CK3 00_landed_titles.txt
b_miirchun,c_burugu_aallar,d_kargassia,k_khakassia,e_mongolia,false,,867,CK3 00_landed_titles.txt
b_mijdal,c_khabur,d_diyarrabia,k_jazira,e_persia,false,,867,CK3 00_landed_titles.txt
b_mikashevichy,c_slutsk,d_pinsk,k_white_rus,e_russia,false,,867,CK3 00_landed_titles.txt
b_mikkeli,c_olavinlinna,d_savo,k_finland,e_scandinavia,false,,867,CK3 00_landed_titles.txt
b_mikulov,c_znojmo,d_moravia,k_bohemia,e_west_slavia,false,,867,CK3 00_landed_titles.txt
b_mila,c_east-tokharestan,d_balkh,k_khorasan,e_persia,false,,867,CK3 00_landed_titles.txt
b_mila_satif,c_satif,d_bejaia,k_tahert,e_maghreb,false,,867,CK3 00_landed_titles.txt
b_mila_tibet,c_gyama,d_lhasa,k_u,e_tibet,false,,867,CK3 00_landed_titles.txt
b_milano,c_lombardia,d_lombardia,k_italy,e_italy,true,first_barony_in_county_block,867,CK3 00_landed_titles.txt
b_miletopolis,c_mysia,d_opsikion,k_nikaea,e_byzantium,true,first_barony_in_county_block,867,CK3 00_landed_titles.txt
b_miletus,c_ionia,d_ephese,k_nikaea,e_byzantium,false,,867,CK3 00_landed_titles.txt
b_milevsko,c_praha,d_bohemia,k_bohemia,e_west_slavia,false,,867,CK3 00_landed_titles.txt
b_miliez,c_miliez,d_lower_silesia,k_poland,e_west_slavia,true,first_barony_in_county_block,867,CK3 00_landed_titles.txt
b_miliyana,c_tanas,d_alger,k_tahert,e_maghreb,false,,867,CK3 00_landed_titles.txt
b_millau,c_millau,d_toulouse,k_aquitaine,e_france,true,first_barony_in_county_block,867,CK3 00_landed_titles.txt
b_millerovo,c_millerovo,d_don_valley,k_pontic_steppe,e_caspian-pontic_steppe,true,first_barony_in_county_block,867,CK3 00_landed_titles.txt
b_miltou,c_tumak,d_baguirmi,k_sao,e_kanem_bornu,false,,867,CK3 00_landed_titles.txt
b_mimizan,c_labourd,d_gascogne,k_aquitaine,e_france,false,,867,CK3 00_landed_titles.txt
b_minden,c_minden,d_angria,k_saxony,e_germany,false,,867,CK3 00_landed_titles.txt
b_mindif,c_diamare,d_wandala,k_sao,e_kanem_bornu,false,,867,CK3 00_landed_titles.txt
b_mingachevir,c_aran,d_shirvan,k_daylam,e_persia,false,,867,CK3 00_landed_titles.txt
b_minggam,c_chamil,d_kara_khoja,k_dzungaria,e_tartaria,false,,867,CK3 00_landed_titles.txt
b_minimarg,c_astore,d_kasmira,k_kashmir,e_rajastan,false,,867,CK3 00_landed_titles.txt
b_minna,c_guwari,d_nupe,k_igbo-benue,e_guinea,false,,867,CK3 00_landed_titles.txt
b_minsk,c_minsk,d_minsk,k_white_rus,e_russia,true,first_barony_in_county_block,867,CK3 00_landed_titles.txt
b_minuf,c_al-gharbiya,d_delta,k_egypt,e_arabia,true,first_barony_in_county_block,867,CK3 00_landed_titles.txt
b_mir_rukan,c_siwistan,d_sauvira,k_sindh,e_rajastan,false,,867,CK3 00_landed_titles.txt
b_miraj,c_karahataka,d_rattapadi,k_maharastra,e_deccan,false,,867,CK3 00_landed_titles.txt
b_miran,c_dunhuang,d_charkliq,k_khotan,e_turan,true,first_barony_in_county_block,867,CK3 00_landed_titles.txt
b_miranda_do_duoro,c_braganza,d_porto,k_portugal,e_spain,false,,867,CK3 00_landed_titles.txt
b_mirandadeebro,c_amaya,d_cantabria,k_castille,e_spain,false,,867,CK3 00_landed_titles.txt
b_mirath,c_hastinapura,d_kuru,k_delhi,e_rajastan,false,,867,CK3 00_landed_titles.txt
b_mirba,c_dhofar,d_mahra,k_yemen,e_arabia,false,,867,CK3 00_landed_titles.txt
b_mirnyy,c_aksuyek,d_zhetysu,k_zhetysu,e_tartaria,false,,867,CK3 00_landed_titles.txt
b_mirpur_khas,c_mansura,d_sauvira,k_sindh,e_rajastan,false,,867,CK3 00_landed_titles.txt
b_miskolc,c_borsod,d_ungvar,k_hungary,e_carpathia,false,,867,CK3 00_landed_titles.txt
b_missour,c_muluya,d_fes,k_maghreb,e_maghreb,true,first_barony_in_county_block,867,CK3 00_landed_titles.txt
b_mistea,c_selge,d_anatolia,k_anatolia,e_byzantium,false,,867,CK3 00_landed_titles.txt
b_mistelbach,c_hohenau,d_osterreich,k_bavaria,e_germany,false,,867,CK3 00_landed_titles.txt
b_mistra,c_laconia,d_achaia,k_hellas,e_byzantium,true,first_barony_in_county_block,867,CK3 00_landed_titles.txt
b_misurata,c_labda,d_syrte,k_africa,e_maghreb,false,,867,CK3 00_landed_titles.txt
b_mitau,c_zemigalians,d_courland,k_lithuania,e_wendish_empire,false,,867,CK3 00_landed_titles.txt
b_mithila,c_mithila,d_tirabhukti,k_bihar,e_bengal,true,first_barony_in_county_block,867,CK3 00_landed_titles.txt
b_miyan-rudan,c_uzgend,d_ferghana,k_transoxiana,e_turan,false,,867,CK3 00_landed_titles.txt
b_mizdahqan,c_kurdar,d_khorezm,k_transoxiana,e_turan,false,,867,CK3 00_landed_titles.txt
b_mkwaja,c_mrima,d_zanzibar,k_zanj,e_azania,false,,867,CK3 00_landed_titles.txt
b_mockern,c_magdeburg,d_anhalt,k_east_francia,e_germany,false,,867,CK3 00_landed_titles.txt
b_moda,c_keffi,d_kwararafa,k_igbo-benue,e_guinea,false,,867,CK3 00_landed_titles.txt
b_modena,c_modena,d_emilia,k_italy,e_italy,true,first_barony_in_county_block,867,CK3 00_landed_titles.txt
b_modhera,c_sarasvata_mandala,d_gurjara_mandala,k_gujarat,e_rajastan,false,,867,CK3 00_landed_titles.txt
b_modo-bartik,c_emil,d_tarbagatai,k_zhetysu,e_tartaria,false,,867,CK3 00_landed_titles.txt
b_modon,c_messenia,d_achaia,k_hellas,e_byzantium,false,,867,CK3 00_landed_titles.txt
b_modra,c_tarsos,d_optimatoi,k_nikaea,e_byzantium,false,,867,CK3 00_landed_titles.txt
b_modrus,c_modrus,d_croatia,k_croatia,e_byzantium,true,first_barony_in_county_block,867,CK3 00_landed_titles.txt
b_moers,c_cleves,d_julich,k_lotharingia,e_germany,false,,867,CK3 00_landed_titles.txt
b_mofd_afdzalkhan,c_rudbar,d_sistan,k_makran,e_persia,false,,867,CK3 00_landed_titles.txt
b_mogadishu,c_mogadishu,d_mogadishu,k_ajuraan,e_azania,true,first_barony_in_county_block,867,CK3 00_landed_titles.txt
b_mogadouro,c_braganza,d_porto,k_portugal,e_spain,false,,867,CK3 00_landed_titles.txt
b_mogami,c_tokisara,d_nushiro,k_hitakami,e_amur,false,,867,CK3 00_landed_titles.txt
b_mohacs,c_baranya,d_somogy,k_hungary,e_carpathia,false,,867,CK3 00_landed_titles.txt
b_mohadavasaka,c_mohadavasaka,d_gurjara_mandala,k_gujarat,e_rajastan,true,first_barony_in_county_block,867,CK3 00_landed_titles.txt
b_mohenjo_daro,c_bhakkar,d_bhakkar,k_sindh,e_rajastan,false,,867,CK3 00_landed_titles.txt
b_moherak,c_somnath,d_saurashtra,k_gujarat,e_rajastan,false,,867,CK3 00_landed_titles.txt
b_mohrungen,c_wormditt,d_prussia,k_lithuania,e_wendish_empire,false,,867,CK3 00_landed_titles.txt
b_moklekov,c_lviv,d_halych,k_galicia-volhynia,e_west_slavia,false,,867,CK3 00_landed_titles.txt
b_mokro,c_pagania,d_usora,k_croatia,e_byzantium,true,first_barony_in_county_block,867,CK3 00_landed_titles.txt
b_mole_south,c_gonja,d_dagomba,k_gur,e_guinea,false,,867,CK3 00_landed_titles.txt
b_molibay,c_kachu,d_kulyndy_steppe,k_ob,e_siberia,false,,867,CK3 00_landed_titles.txt
b_molina,c_molina,d_toledo,k_andalusia,e_spain,true,first_barony_in_county_block,867,CK3 00_landed_titles.txt
b_mologa,c_yaroslavl,d_opolye,k_opolye,e_russia,false,,867,CK3 00_landed_titles.txt
b_moltsog_els,c_ulaanbaatar,d_ogrash,k_otuken,e_mongolia,false,,867,CK3 00_landed_titles.txt
b_molungr,c_dalarna,d_bergslagen,k_sweden,e_scandinavia,false,,867,CK3 00_landed_titles.txt
b_mombasa,c_mombasa,d_mombasa,k_zanj,e_azania,true,first_barony_in_county_block,867,CK3 00_landed_titles.txt
b_momunofu,c_korehari,d_hitakami,k_hitakami,e_amur,false,,867,CK3 00_landed_titles.txt
b_monaco,c_genoa,d_genoa,k_italy,e_italy,false,,867,CK3 00_landed_titles.txt
b_monastir,c_mahdiya,d_tunis,k_africa,e_maghreb,false,,867,CK3 00_landed_titles.txt
b_mondonedo,c_coruna,d_galicia,k_spanish_galicia,e_spain,false,,867,CK3 00_landed_titles.txt
b_mondovi,c_cuneo,d_piedmonte,k_italy,e_italy,false,,867,CK3 00_landed_titles.txt
b_monemvasia,c_laconia,d_achaia,k_hellas,e_byzantium,false,,867,CK3 00_landed_titles.txt
b_monfortedelemos,c_astorga,d_galicia,k_spanish_galicia,e_spain,false,,867,CK3 00_landed_titles.txt
b_mong_hepung,c_em_hepung,d_em_wuguguo,k_gobi,e_mongolia,true,first_barony_in_county_block,867,CK3 00_landed_titles.txt
b_mong_zhen,c_em_zhen,d_em_tataria,k_gobi,e_mongolia,true,first_barony_in_county_block,867,CK3 00_landed_titles.txt
b_mongar,c_kurmaed,d_bumthang,k_lhomon,e_tibet,false,,867,CK3 00_landed_titles.txt
b_monicer,c_kyunglung,d_ngari,k_guge,e_tibet,false,,867,CK3 00_landed_titles.txt
b_monkh_saridag,c_monkh_saridag,d_eastern_sayan,k_khakassia,e_mongolia,true,first_barony_in_county_block,867,CK3 00_landed_titles.txt
b_monmouth,c_monmouthshire,d_deheubarth,k_wales,e_britannia,false,,867,CK3 00_landed_titles.txt
b_mons,c_hainaut,d_brabant,k_lotharingia,e_germany,true,first_barony_in_county_block,867,CK3 00_landed_titles.txt
b_montagnana,c_padua,d_verona,k_italy,e_italy,false,,867,CK3 00_landed_titles.txt
b_montaigu,c_montaigu,d_poitou,k_aquitaine,e_france,true,first_barony_in_county_block,867,CK3 00_landed_titles.txt
b_montalcino,c_siena,d_toscana,k_italy,e_italy,false,,867,CK3 00_landed_titles.txt
b_montanejos,c_valencia,d_valencia,k_valencia,e_spain,false,,867,CK3 00_landed_titles.txt
b_montargis,c_montargis,d_orleans,k_france,e_france,true,first_barony_in_county_block,867,CK3 00_landed_titles.txt
b_montauban,c_quercy,d_toulouse,k_aquitaine,e_france,false,,867,CK3 00_landed_titles.txt
b_montbard,c_tonnerrois,d_burgundy,k_france,e_france,false,,867,CK3 00_landed_titles.txt
b_montbel,c_foix,d_languedoc,k_aquitaine,e_france,false,,867,CK3 00_landed_titles.txt
b_montbelliard,c_sundgau,d_alsace,k_east_francia,e_germany,true,first_barony_in_county_block,867,CK3 00_landed_titles.txt
b_montbrison,c_forez,d_dauphine,k_burgundy,e_france,false,,867,CK3 00_landed_titles.txt
b_monte_faro,c_tui,d_galicia,k_spanish_galicia,e_spain,true,first_barony_in_county_block,867,CK3 00_landed_titles.txt
b_monte_sole,c_bologna,d_romagna,k_romagna,e_italy,false,,867,CK3 00_landed_titles.txt
b_montefeltro,c_casentino,d_romagna,k_romagna,e_italy,false,,867,CK3 00_landed_titles.txt
b_monteil,c_valentinois,d_dauphine,k_burgundy,e_france,true,first_barony_in_county_block,867,CK3 00_landed_titles.txt
b_montemor,c_alcacer_do_sal,d_beja,k_badajoz,e_spain,false,,867,CK3 00_landed_titles.txt
b_montereau,c_brie_francaise,d_valois,k_france,e_france,false,,867,CK3 00_landed_titles.txt
b_monterrei,c_monterrei,d_galicia,k_spanish_galicia,e_spain,true,first_barony_in_county_block,867,CK3 00_landed_titles.txt
b_montfort,c_beaumont,d_valois,k_france,e_france,false,,867,CK3 00_landed_titles.txt
b_montignac,c_perigord,d_aquitaine,k_aquitaine,e_france,false,,867,CK3 00_landed_titles.txt
b_montlaur,c_uses,d_languedoc,k_aquitaine,e_france,true,first_barony_in_county_block,867,CK3 00_landed_titles.txt
b_montlhery,c_ile_de_france,d_valois,k_france,e_france,false,,867,CK3 00_landed_titles.txt
b_montlucon,c_bourbon,d_bourbon,k_aquitaine,e_france,false,,867,CK3 00_landed_titles.txt
b_montpellier,c_montpellier,d_languedoc,k_aquitaine,e_france,true,first_barony_in_county_block,867,CK3 00_landed_titles.txt
b_montpensier,c_clermont_sur_allier,d_auvergne,k_aquitaine,e_france,false,,867,CK3 00_landed_titles.txt
b_montreuil,c_ile_de_france,d_valois,k_france,e_france,false,,867,CK3 00_landed_titles.txt
b_montreuil_sur_mer,c_boulogne,d_flanders,k_france,e_france,false,,867,CK3 00_landed_titles.txt
b_monza,c_lombardia,d_lombardia,k_italy,e_italy,false,,867,CK3 00_landed_titles.txt
b_monzon,c_fraga,d_aragon,k_aragon,e_spain,true,first_barony_in_county_block,867,CK3 00_landed_titles.txt
b_mopet,c_soya,d_menas,k_aynumosir,e_amur,true,first_barony_in_county_block,867,CK3 00_landed_titles.txt
b_mopti,c_jenne,d_jenne,k_jenne,e_mali,false,,867,CK3 00_landed_titles.txt
b_moqor,c_ghazna,d_zabulistan,k_kabulistan,e_persia,false,,867,CK3 00_landed_titles.txt
b_mor,c_dalarna,d_bergslagen,k_sweden,e_scandinavia,true,first_barony_in_county_block,867,CK3 00_landed_titles.txt
b_mora,c_mora,d_toledo,k_andalusia,e_spain,false,,867,CK3 00_landed_titles.txt
b_mora-awssa,c_awssa,d_mora,k_adal,e_abyssinia,false,,867,CK3 00_landed_titles.txt
b_moraca,c_duklja,d_duklja,k_serbia,e_byzantium,false,,867,CK3 00_landed_titles.txt
b_morarna,c_morarna,d_jamtland,k_norway,e_scandinavia,true,first_barony_in_county_block,867,CK3 00_landed_titles.txt
b_morava,c_pomoravlje,d_bulgaria,k_bulgaria,e_byzantium,false,,867,CK3 00_landed_titles.txt
b_morchansk,c_lachyk-uba,d_mordvinia,k_mordvinia,e_volga-ural,false,,867,CK3 00_landed_titles.txt
b_mori_kliringiin,c_okangara,d_angara,k_angara,e_mongolia,false,,867,CK3 00_landed_titles.txt
b_moribugu,c_dakajalan,d_manding,k_mali,e_mali,false,,867,CK3 00_landed_titles.txt
b_morin_tolochai,c_kara_asirgan,d_naiman_gobi,k_dzungaria,e_tartaria,false,,867,CK3 00_landed_titles.txt
b_moron,c_algeciras,d_sevilla,k_andalusia,e_spain,false,,867,CK3 00_landed_titles.txt
b_morshing,c_tawang,d_monyul,k_lhomon,e_tibet,false,,867,CK3 00_landed_titles.txt
b_mortain,c_alencon,d_normandy,k_france,e_france,false,,867,CK3 00_landed_titles.txt
b_morteau,c_besancon,d_upper_burgundy,k_burgundy,e_france,false,,867,CK3 00_landed_titles.txt
b_mortlach,c_buchan,d_moray,k_scotland,e_britannia,false,,867,CK3 00_landed_titles.txt
b_moruran,c_sum,d_sum,k_aynumosir,e_amur,false,,867,CK3 00_landed_titles.txt
b_morvan,c_avalois,d_burgundy,k_france,e_france,false,,867,CK3 00_landed_titles.txt
b_morvi,c_dhamalpur,d_anartta,k_gujarat,e_rajastan,false,,867,CK3 00_landed_titles.txt
b_mosbach,c_durne,d_west_franconia,k_east_francia,e_germany,false,,867,CK3 00_landed_titles.txt
b_moshi,c_bussa,d_borgu,k_borgu,e_guinea,false,,867,CK3 00_landed_titles.txt
b_moskva,c_moskva,d_opolye,k_opolye,e_russia,true,first_barony_in_county_block,867,CK3 00_landed_titles.txt
b_moson,c_gyor,d_gyor,k_hungary,e_carpathia,false,,867,CK3 00_landed_titles.txt
b_moson_kholtos,c_chuna,d_chuna_valley,k_angara,e_mongolia,false,,867,CK3 00_landed_titles.txt
b_mostar,c_zachlumia,d_usora,k_croatia,e_byzantium,false,,867,CK3 00_landed_titles.txt
b_mostovskoye,c_vargashi,d_tobol-ishim,k_qara_dala,e_tartaria,false,,867,CK3 00_landed_titles.txt
b_mosul,c_mosul,d_diyarrabia,k_jazira,e_persia,true,first_barony_in_county_block,867,CK3 00_landed_titles.txt
b_mosynopolis,c_mosynopolis,d_strymon,k_thessalonika,e_byzantium,true,first_barony_in_county_block,867,CK3 00_landed_titles.txt
b_moti_mahal,c_tripuri,d_dahala,k_gondwana,e_bengal,false,,867,CK3 00_landed_titles.txt
b_motril,c_malaga,d_granada,k_andalusia,e_spain,false,,867,CK3 00_landed_titles.txt
b_mouhoun,c_wa,d_lobi,k_kong,e_guinea,false,,867,CK3 00_landed_titles.txt
b_moulins,c_nevers,d_burgundy,k_france,e_france,false,,867,CK3 00_landed_titles.txt
b_moura,c_moura,d_sevilla,k_andalusia,e_spain,true,first_barony_in_county_block,867,CK3 00_landed_titles.txt
b_moutiers,c_savoie,d_savoie,k_burgundy,e_france,true,first_barony_in_county_block,867,CK3 00_landed_titles.txt
b_moyar,c_talakad,d_gangavadi,k_karnata,e_deccan,false,,867,CK3 00_landed_titles.txt
b_mozhaysk,c_mozhaysk,d_smolensk,k_white_rus,e_russia,true,first_barony_in_county_block,867,CK3 00_landed_titles.txt
b_mozhga,c_elabuga,d_kazan,k_volga_bulgaria,e_volga-ural,false,,867,CK3 00_landed_titles.txt
b_mrassu,c_shor,d_shoria,k_khakassia,e_mongolia,false,,867,CK3 00_landed_titles.txt
b_mrira,c_fazaz,d_marrakesh,k_maghreb,e_maghreb,true,first_barony_in_county_block,867,CK3 00_landed_titles.txt
b_mstislavl,c_smolensk,d_smolensk,k_white_rus,e_russia,false,,867,CK3 00_landed_titles.txt
b_mtensk,c_novosil,d_novosil,k_ruthenia,e_russia,false,,867,CK3 00_landed_titles.txt
b_mto_athi,c_mto_galana,d_bonde_la_ufa,k_zanj,e_azania,false,,867,CK3 00_landed_titles.txt
b_mto_galana,c_mto_galana,d_bonde_la_ufa,k_zanj,e_azania,true,first_barony_in_county_block,867,CK3 00_landed_titles.txt
b_mto_tana,c_mto_tana,d_bonde_la_ufa,k_zanj,e_azania,false,,867,CK3 00_landed_titles.txt
b_mto_tsavo,c_mto_galana,d_bonde_la_ufa,k_zanj,e_azania,false,,867,CK3 00_landed_titles.txt
b_mtskheta,c_kakheti,d_georgia,k_georgia,e_byzantium,false,,867,CK3 00_landed_titles.txt
b_mtwapa,c_mombasa,d_mombasa,k_zanj,e_azania,false,,867,CK3 00_landed_titles.txt
b_muaskar,c_tlemcen,d_tlemcen,k_tahert,e_maghreb,false,,867,CK3 00_landed_titles.txt
b_mudgagiri,c_mudgagiri,d_magadha,k_bihar,e_bengal,true,first_barony_in_county_block,867,CK3 00_landed_titles.txt
b_mudgal,c_idatarainadu,d_raichur_doab,k_karnata,e_deccan,true,first_barony_in_county_block,867,CK3 00_landed_titles.txt
b_mudivemu,c_cumbum,d_udayagiri,k_andhra,e_deccan,false,,867,CK3 00_landed_titles.txt
b_mudug-north,c_mudug,d_hafun,k_ajuraan,e_azania,false,,867,CK3 00_landed_titles.txt
b_mudug-south,c_mudug,d_hafun,k_ajuraan,e_azania,true,first_barony_in_county_block,867,CK3 00_landed_titles.txt
b_muetkk,c_skolt,d_giemajohka,k_sapmi,e_scandinavia,false,,867,CK3 00_landed_titles.txt
b_mugar,c_showa,d_showa,k_abyssinia,e_abyssinia,false,,867,CK3 00_landed_titles.txt
b_muhlhausen,c_gleichenstein,d_thuringia,k_east_francia,e_germany,false,,867,CK3 00_landed_titles.txt
b_muhu,c_osel,d_esthonia,k_esthonia,e_wendish_empire,false,,867,CK3 00_landed_titles.txt
b_muji,c_shughnan,d_badakhshan,k_transoxiana,e_turan,false,,867,CK3 00_landed_titles.txt
b_mujib,c_maab,d_amman,k_arabia,e_arabia,false,,867,CK3 00_landed_titles.txt
b_mukalla,c_mahra,d_mahra,k_yemen,e_arabia,false,,867,CK3 00_landed_titles.txt
b_mukhor,c_ak-taylak,d_degelen,k_kipchak,e_tartaria,false,,867,CK3 00_landed_titles.txt
b_muktinath,c_manthang,d_purang,k_guge,e_tibet,false,,867,CK3 00_landed_titles.txt
b_mukzhung,c_zadoi,d_zadoi,k_amdo,e_tibet,false,,867,CK3 00_landed_titles.txt
b_mulhouse,c_sundgau,d_alsace,k_east_francia,e_germany,false,,867,CK3 00_landed_titles.txt
b_muli,b_dabba_tibet,c_lenggu,d_litang,k_kham,true,first_barony_in_county_block,867,CK3 00_landed_titles.txt
b_mull,c_inner_hebrides,d_western_isles,k_scotland,e_britannia,false,,867,CK3 00_landed_titles.txt
b_mullaitivu,c_jaffna,d_sinhala,k_lanka,e_deccan,false,,867,CK3 00_landed_titles.txt
b_multan,c_multan,d_multan,k_punjab,e_rajastan,true,first_barony_in_county_block,867,CK3 00_landed_titles.txt
b_muluvagil,c_muluvagil,d_tondai_nadu,k_tamilakam,e_deccan,true,first_barony_in_county_block,867,CK3 00_landed_titles.txt
b_mumo,c_mumo,d_orkhon,k_otuken,e_mongolia,true,first_barony_in_county_block,867,CK3 00_landed_titles.txt
b_munchen,c_munchen,d_bavaria,k_bavaria,e_germany,true,first_barony_in_county_block,867,CK3 00_landed_titles.txt
b_munchsmunster,c_ingolstadt,d_bavaria,k_bavaria,e_germany,false,,867,CK3 00_landed_titles.txt
b_munden,c_kassel,d_hesse,k_east_francia,e_germany,false,,867,CK3 00_landed_titles.txt
b_munesa,c_sharka,d_sharka,k_damot,e_abyssinia,false,,867,CK3 00_landed_titles.txt
b_mungeli,c_kiranapura,d_daksina_kosala,k_orissa,e_bengal,false,,867,CK3 00_landed_titles.txt
b_mungun_taiga,c_western_tannu,d_tannu_ola,k_tuva,e_mongolia,false,,867,CK3 00_landed_titles.txt
b_munio,c_munio,d_bornu,k_kanem,e_kanem_bornu,true,first_barony_in_county_block,867,CK3 00_landed_titles.txt
b_munjan,c_munjan,d_badakhshan,k_transoxiana,e_turan,true,first_barony_in_county_block,867,CK3 00_landed_titles.txt
b_munk,c_khuttal,d_khuttal,k_transoxiana,e_turan,false,,867,CK3 00_landed_titles.txt
b_munkacz,c_bereg,d_transcarpathia,k_hungary,e_carpathia,false,,867,CK3 00_landed_titles.txt
b_munkh_khairkhan,c_tsambagarau,d_khovd,k_naimania,e_mongolia,false,,867,CK3 00_landed_titles.txt
b_munster,c_munster,d_westfalen,k_saxony,e_germany,true,first_barony_in_county_block,867,CK3 00_landed_titles.txt
b_muot,c_nakkavaram,d_handumans,k_malayadvipa,e_srivijaya,false,,867,CK3 00_landed_titles.txt
b_muralziyan,c_shahre-babak,d_yazd,k_persia,e_persia,false,,867,CK3 00_landed_titles.txt
b_murany,c_gemer,d_nyitra,k_hungary,e_carpathia,false,,867,CK3 00_landed_titles.txt
b_murat,c_auvergne,d_auvergne,k_aquitaine,e_france,false,,867,CK3 00_landed_titles.txt
b_murau,c_kammersberg,d_carinthia,k_bavaria,e_germany,false,,867,CK3 00_landed_titles.txt
b_murcia,c_murcia,d_murcia,k_valencia,e_spain,true,first_barony_in_county_block,867,CK3 00_landed_titles.txt
b_muret,c_comminges,d_armagnac,k_aquitaine,e_france,false,,867,CK3 00_landed_titles.txt
b_murghab,c_shughnan,d_badakhshan,k_transoxiana,e_turan,false,,867,CK3 00_landed_titles.txt
b_muri,c_kwararafa,d_kwararafa,k_igbo-benue,e_guinea,false,,867,CK3 00_landed_titles.txt
b_murje,c_maqu,d_gainlho,k_gyalrong,e_tibet,false,,867,CK3 00_landed_titles.txt
b_murom,c_murom,d_ryazan,k_opolye,e_russia,true,first_barony_in_county_block,867,CK3 00_landed_titles.txt
b_murun_tomis,c_murun_tomis,d_turgay,k_cuman,e_tartaria,true,first_barony_in_county_block,867,CK3 00_landed_titles.txt
b_murviedro,c_valencia,d_valencia,k_valencia,e_spain,false,,867,CK3 00_landed_titles.txt
b_murwab,c_uqayr,d_al-hasa,k_arabia,e_arabia,false,,867,CK3 00_landed_titles.txt
b_murzuk,c_murzuk,d_fezzan,k_sahara,e_maghreb,true,first_barony_in_county_block,867,CK3 00_landed_titles.txt
b_murzzuschlag,c_murzzuschlag,d_steyermark,k_bavaria,e_germany,true,first_barony_in_county_block,867,CK3 00_landed_titles.txt
b_mus_tagh,c_kyin,d_salair,k_ob,e_siberia,false,,867,CK3 00_landed_titles.txt
b_musadugu,c_konyan,d_toro,k_guinea,e_guinea,false,,867,CK3 00_landed_titles.txt
b_musala,c_solimana,d_loma,k_mali,e_mali,false,,867,CK3 00_landed_titles.txt
b_musanagar,c_asni,d_kanyakubja,k_kosala,e_rajastan,false,,867,CK3 00_landed_titles.txt
b_musandam,c_julfar,d_oman,k_arabia,e_arabia,false,,867,CK3 00_landed_titles.txt
b_musari,c_kash,d_ili-alatau,k_zhetysu,e_tartaria,false,,867,CK3 00_landed_titles.txt
b_musaymir,c_mandab,d_taizz,k_yemen,e_arabia,false,,867,CK3 00_landed_titles.txt
b_muscat,c_muscat,d_oman,k_arabia,e_arabia,true,first_barony_in_county_block,867,CK3 00_landed_titles.txt
b_musch,c_apahunik,d_vaspurakan,k_armenia,e_byzantium,true,first_barony_in_county_block,867,CK3 00_landed_titles.txt
b_mushangi,c_idatarainadu,d_raichur_doab,k_karnata,e_deccan,false,,867,CK3 00_landed_titles.txt
b_mushun,c_mushun,d_muyunkum,k_syr_darya,e_turan,true,first_barony_in_county_block,867,CK3 00_landed_titles.txt
b_mustahil,c_gode,d_shabelle,k_bale,e_azania,false,,867,CK3 00_landed_titles.txt
b_mustasaari,c_mustasaari,d_pohjanmaa,k_finland,e_scandinavia,true,first_barony_in_county_block,867,CK3 00_landed_titles.txt
b_mut,c_dakhla,d_al-wahat,k_egypt,e_arabia,true,first_barony_in_county_block,867,CK3 00_landed_titles.txt
b_mutfili,c_palakka,d_udayagiri,k_andhra,e_deccan,false,,867,CK3 00_landed_titles.txt
b_muya,c_muya,d_dauria,k_buryatia,e_mongolia,true,first_barony_in_county_block,867,CK3 00_landed_titles.txt
b_myangan_yamaat,c_ongi,d_ovorkhangai,k_naimania,e_mongolia,false,,867,CK3 00_landed_titles.txt
b_mylasa,c_chonae,d_thracesia,k_nikaea,e_byzantium,false,,867,CK3 00_landed_titles.txt
b_myory,c_polotsk,d_polotsk,k_white_rus,e_russia,false,,867,CK3 00_landed_titles.txt
b_myra,c_lycia,d_cibyrrhaeot,k_anatolia,e_byzantium,false,,867,CK3 00_landed_titles.txt
b_myrhorod,c_hradyzk,d_pereyaslavl,k_ruthenia,e_russia,false,,867,CK3 00_landed_titles.txt
b_mytilene,c_lesbos,d_aegean_islands,k_thessalonika,e_byzantium,true,first_barony_in_county_block,867,CK3 00_landed_titles.txt
b_naani,c_wuli,d_wuli,k_kaabu,e_mali,false,,867,CK3 00_landed_titles.txt
b_nabadwipa,c_nabadwipa,d_nadia,k_bengal,e_bengal,true,first_barony_in_county_block,867,CK3 00_landed_titles.txt
b_naband,c_irahistan,d_fars,k_persia,e_persia,true,first_barony_in_county_block,867,CK3 00_landed_titles.txt
b_nabeul,c_tunis,d_tunis,k_africa,e_maghreb,false,,867,CK3 00_landed_titles.txt
b_nablus,c_jerusalem,d_palestine,k_jerusalem,e_arabia,false,,867,CK3 00_landed_titles.txt
b_naddula,c_naddula,d_maru,k_rajputana,e_rajastan,true,first_barony_in_county_block,867,CK3 00_landed_titles.txt
b_nador,c_taza,d_fes,k_maghreb,e_maghreb,false,,867,CK3 00_landed_titles.txt
b_nadruma,c_hunyan,d_tlemcen,k_tahert,e_maghreb,false,,867,CK3 00_landed_titles.txt
b_naestved,c_sjaelland,d_sjaelland,k_denmark,e_scandinavia,false,,867,CK3 00_landed_titles.txt
b_naffis,c_tinmallal,d_marrakesh,k_maghreb,e_maghreb,false,,867,CK3 00_landed_titles.txt
b_nafta,c_qashtiliya,d_jerid,k_africa,e_maghreb,false,,867,CK3 00_landed_titles.txt
b_naga,c_naga,d_alwa,k_nubia,e_abyssinia,true,first_barony_in_county_block,867,CK3 00_landed_titles.txt
b_nagahrada,c_medapata,d_medapata,k_rajputana,e_rajastan,false,,867,CK3 00_landed_titles.txt
b_nagapattinam,c_cholamandalam,d_chola_nadu,k_tamilakam,e_deccan,false,,867,CK3 00_landed_titles.txt
b_nagarahara,c_kabul,d_kabul,k_kabulistan,e_persia,false,,867,CK3 00_landed_titles.txt
b_nagarze,c_nagarze,d_yarlung,k_u,e_tibet,true,first_barony_in_county_block,867,CK3 00_landed_titles.txt
b_nagauda,c_nagauda,d_jangladesh,k_rajputana,e_rajastan,true,first_barony_in_county_block,867,CK3 00_landed_titles.txt
b_nagchu,c_nagchu,d_nagchu,k_u,e_tibet,true,first_barony_in_county_block,867,CK3 00_landed_titles.txt
b_nagormo,c_nagormo,d_nagormo,k_amdo,e_tibet,true,first_barony_in_county_block,867,CK3 00_landed_titles.txt
b_nagpur,c_canda,d_vidharba,k_maharastra,e_deccan,false,,867,CK3 00_landed_titles.txt
b_nagybanya,c_szatmar,d_bihar,k_hungary,e_carpathia,false,,867,CK3 00_landed_titles.txt
b_nagyberezna,c_ungvar,d_ungvar,k_hungary,e_carpathia,false,,867,CK3 00_landed_titles.txt
b_nagyboszormeny,c_szabolcs,d_bihar,k_hungary,e_carpathia,false,,867,CK3 00_landed_titles.txt
b_nagyhalmagy,c_zarand,d_bihar,k_hungary,e_carpathia,false,,867,CK3 00_landed_titles.txt
b_nagykaroly,c_szatmar,d_bihar,k_hungary,e_carpathia,false,,867,CK3 00_landed_titles.txt
b_nagylak,c_csanad,d_temes,k_hungary,e_carpathia,false,,867,CK3 00_landed_titles.txt
b_nagyszeben,c_feher,d_transylvania,k_hungary,e_carpathia,false,,867,CK3 00_landed_titles.txt
b_nagyszolos,c_bereg,d_transcarpathia,k_hungary,e_carpathia,false,,867,CK3 00_landed_titles.txt
b_nagyvarad,c_bihar,d_bihar,k_hungary,e_carpathia,true,first_barony_in_county_block,867,CK3 00_landed_titles.txt
b_nahr_simmara,c_rusafa,d_basra,k_mesopotamia,e_persia,false,,867,CK3 00_landed_titles.txt
b_naimisa,c_naimisa,d_saryupara,k_kosala,e_rajastan,true,first_barony_in_county_block,867,CK3 00_landed_titles.txt
b_nain,c_yazd,d_yazd,k_persia,e_persia,false,,867,CK3 00_landed_titles.txt
b_naissos,c_naissus,d_bulgaria,k_bulgaria,e_byzantium,true,first_barony_in_county_block,867,CK3 00_landed_titles.txt
b_najera,c_najera,d_navarra,k_navarra,e_spain,true,first_barony_in_county_block,867,CK3 00_landed_titles.txt
b_najm,c_ferghana,d_ferghana,k_transoxiana,e_turan,false,,867,CK3 00_landed_titles.txt
b_najran,c_najran,d_sanaa,k_yemen,e_arabia,true,first_barony_in_county_block,867,CK3 00_landed_titles.txt
b_nakanbe,c_po,d_wagadugu,k_gur,e_guinea,false,,867,CK3 00_landed_titles.txt
b_nakhshab,c_nakhshab,d_soghd,k_transoxiana,e_turan,true,first_barony_in_county_block,867,CK3 00_landed_titles.txt
b_nakkavaram,c_nakkavaram,d_handumans,k_malayadvipa,e_srivijaya,true,first_barony_in_county_block,867,CK3 00_landed_titles.txt
b_naklo,c_krajna,d_wielkopolska,k_poland,e_west_slavia,true,first_barony_in_county_block,867,CK3 00_landed_titles.txt
b_nako,c_kamru,d_kinnaur,k_guge,e_tibet,false,,867,CK3 00_landed_titles.txt
b_nakoleia,c_pacatiana,d_anatolia,k_anatolia,e_byzantium,false,,867,CK3 00_landed_titles.txt
b_nakorzan,c_mugan,d_shirvan,k_daylam,e_persia,false,,867,CK3 00_landed_titles.txt
b_nakskov,c_lolland_falster,d_sjaelland,k_denmark,e_scandinavia,false,,867,CK3 00_landed_titles.txt
b_nakur,c_melilla,d_rif,k_maghreb,e_maghreb,false,,867,CK3 00_landed_titles.txt
b_naldurg,c_naldurg,d_rattapadi,k_maharastra,e_deccan,true,first_barony_in_county_block,867,CK3 00_landed_titles.txt
b_nalgonda,c_racakonda,d_racakonda,k_telingana,e_deccan,false,,867,CK3 00_landed_titles.txt
b_nalrajar_garh,c_kamatapur,d_kamarupanagara,k_kamarupa,e_bengal,false,,867,CK3 00_landed_titles.txt
b_naltar,c_yasin,d_pamir,k_kashmir,e_rajastan,false,,867,CK3 00_landed_titles.txt
b_nalu,c_nalu,d_sapi,k_guinea,e_guinea,true,first_barony_in_county_block,867,CK3 00_landed_titles.txt
b_nalut,c_jafara,d_tripolitania,k_africa,e_maghreb,false,,867,CK3 00_landed_titles.txt
b_namandirou,c_namandiru,d_djolof,k_takrur,e_mali,true,first_barony_in_county_block,867,CK3 00_landed_titles.txt
b_namastau,c_namastau,d_jemba,k_oghuz_il,e_turan,true,first_barony_in_county_block,867,CK3 00_landed_titles.txt
b_namekata,c_iwaki,d_hitakami,k_hitakami,e_amur,false,,867,CK3 00_landed_titles.txt
b_namling,c_xigaze,d_xigaze,k_tsang,e_tibet,false,,867,CK3 00_landed_titles.txt
b_namnan_uul,c_baibalik,d_selenga_valley,k_otuken,e_mongolia,false,,867,CK3 00_landed_titles.txt
b_namtang,c_xigortang,d_tuyuhun,k_amdo,e_tibet,false,,867,CK3 00_landed_titles.txt
b_namur,c_namur,d_luxembourg,k_lotharingia,e_germany,true,first_barony_in_county_block,867,CK3 00_landed_titles.txt
b_nancy,c_nancy,d_upper_lorraine,k_lotharingia,e_germany,true,first_barony_in_county_block,867,CK3 00_landed_titles.txt
b_nandagiri,c_srirangapatna,d_gangavadi,k_karnata,e_deccan,false,,867,CK3 00_landed_titles.txt
b_nandana,c_nandana,d_gandhara,k_punjab,e_rajastan,true,first_barony_in_county_block,867,CK3 00_landed_titles.txt
b_nandapur,c_vizagipatam,d_kalinga,k_orissa,e_bengal,false,,867,CK3 00_landed_titles.txt
b_nanded,c_ashmaka,d_rattapadi,k_maharastra,e_deccan,false,,867,CK3 00_landed_titles.txt
b_nandgram,c_kiranapura,d_daksina_kosala,k_orissa,e_bengal,false,,867,CK3 00_landed_titles.txt
b_nandi,c_penugonda,d_tondai_nadu,k_tamilakam,e_deccan,false,,867,CK3 00_landed_titles.txt
b_nandurbar,c_navasarika,d_lata,k_gujarat,e_rajastan,false,,867,CK3 00_landed_titles.txt
b_nang,c_nang,d_yarlung,k_u,e_tibet,true,first_barony_in_county_block,867,CK3 00_landed_titles.txt
b_nangali,c_candragiri,d_tondai_nadu,k_tamilakam,e_deccan,false,,867,CK3 00_landed_titles.txt
b_nangqen,c_nangqen,d_nangqen,k_kham,e_tibet,true,first_barony_in_county_block,867,CK3 00_landed_titles.txt
b_nanhu_TARIM,c_luobupo,d_charkliq,k_khotan,e_turan,false,,867,CK3 00_landed_titles.txt
b_nantes,c_nantes,d_brittany,k_brittany,e_france,true,first_barony_in_county_block,867,CK3 00_landed_titles.txt
b_nanumba,c_nanumba,d_eweland,k_akan,e_guinea,false,,867,CK3 00_landed_titles.txt
b_napoli,c_napoli,d_capua,k_sicily,e_byzantium,true,first_barony_in_county_block,867,CK3 00_landed_titles.txt
b_naqad,c_uzgend,d_ferghana,k_transoxiana,e_turan,false,,867,CK3 00_landed_titles.txt
b_naqis-north,c_naqis,d_naqis,k_blemmyia,e_abyssinia,false,,867,CK3 00_landed_titles.txt
b_naqis-south,c_naqis,d_naqis,k_blemmyia,e_abyssinia,false,,867,CK3 00_landed_titles.txt
b_narabhata,c_hisar,d_haritanaka,k_delhi,e_rajastan,false,,867,CK3 00_landed_titles.txt
b_narayanpur,c_haruppeswara,d_sutiya,k_kamarupa,e_bengal,false,,867,CK3 00_landed_titles.txt
b_narbonne,c_carcassonne,d_languedoc,k_aquitaine,e_france,false,,867,CK3 00_landed_titles.txt
b_narim,c_narim,d_ala_tau,k_ob,e_siberia,true,first_barony_in_county_block,867,CK3 00_landed_titles.txt
b_narin,c_balashagun,d_talas_alatau,k_syr_darya,e_turan,false,,867,CK3 00_landed_titles.txt
b_narinkira,c_karashar,d_karashar,k_khotan,e_turan,false,,867,CK3 00_landed_titles.txt
b_nariyong,c_cona,d_monyul,k_lhomon,e_tibet,false,,867,CK3 00_landed_titles.txt
b_nariz,c_darabjerd,d_fars,k_persia,e_persia,false,,867,CK3 00_landed_titles.txt
b_naro-fominsk,c_moskva,d_opolye,k_opolye,e_russia,false,,867,CK3 00_landed_titles.txt
b_naroulia,c_korosten,d_turov,k_ruthenia,e_russia,false,,867,CK3 00_landed_titles.txt
b_narsgol,c_tagul,d_yenisei_kan,k_angara,e_mongolia,false,,867,CK3 00_landed_titles.txt
b_narva,c_narva,d_esthonia,k_esthonia,e_wendish_empire,true,first_barony_in_county_block,867,CK3 00_landed_titles.txt
b_narwar,c_gwalior,d_ajmer,k_rajputana,e_rajastan,false,,867,CK3 00_landed_titles.txt
b_narym_DZU,c_narym_DZU,d_akaltay,k_dzungaria,e_tartaria,true,first_barony_in_county_block,867,CK3 00_landed_titles.txt
b_nasa,c_abivard,d_nasa,k_khorasan,e_persia,false,,867,CK3 00_landed_titles.txt
b_nasarpur,c_mansura,d_sauvira,k_sindh,e_rajastan,false,,867,CK3 00_landed_titles.txt
b_nasi_erkule,c_luntai,d_karashar,k_khotan,e_turan,false,,867,CK3 00_landed_titles.txt
b_nasibin,c_nasibin,d_diyarrabia,k_jazira,e_persia,true,first_barony_in_county_block,867,CK3 00_landed_titles.txt
b_nasikya,c_trikuta,d_nasikya,k_maharastra,e_deccan,true,first_barony_in_county_block,867,CK3 00_landed_titles.txt
b_nasirabad,c_suvarnagram,d_varendra,k_bengal,e_bengal,false,,867,CK3 00_landed_titles.txt
b_nasrabad,c_nasrabad,d_ferghana,k_transoxiana,e_turan,true,first_barony_in_county_block,867,CK3 00_landed_titles.txt
b_nasriye,c_mayyafariqin,d_diyarbakr,k_jazira,e_persia,false,,867,CK3 00_landed_titles.txt
b_nassian,c_bonduku,d_gyaman,k_akan,e_guinea,false,,867,CK3 00_landed_titles.txt
b_nastarawa,c_al-gharbiya,d_delta,k_egypt,e_arabia,false,,867,CK3 00_landed_titles.txt
b_natanz,c_ardestan,d_isfahan,k_persia,e_persia,false,,867,CK3 00_landed_titles.txt
b_natil,c_ruyan,d_tabaristan,k_daylam,e_persia,false,,867,CK3 00_landed_titles.txt
b_nauenahr,c_cologne,d_lower_lorraine,k_lotharingia,e_germany,false,,867,CK3 00_landed_titles.txt
b_naumberg,c_naumberg,d_lausitz,k_sorbia,e_west_slavia,true,first_barony_in_county_block,867,CK3 00_landed_titles.txt
b_naumburg,c_naumburg,d_meissen,k_sorbia,e_west_slavia,true,first_barony_in_county_block,867,CK3 00_landed_titles.txt
b_naupaktos,c_aetolia,d_epirus,k_epirus,e_byzantium,true,first_barony_in_county_block,867,CK3 00_landed_titles.txt
b_naushki,c_naushki,d_ogrash,k_otuken,e_mongolia,true,first_barony_in_county_block,867,CK3 00_landed_titles.txt
b_navacelles,c_millau,d_toulouse,k_aquitaine,e_france,false,,867,CK3 00_landed_titles.txt
b_navasarika,c_navasarika,d_lata,k_gujarat,e_rajastan,false,,867,CK3 00_landed_titles.txt
b_navida,c_balkh,d_balkh,k_khorasan,e_persia,false,,867,CK3 00_landed_titles.txt
b_nawa,c_damascus,d_damascus,k_syria,e_arabia,false,,867,CK3 00_landed_titles.txt
b_nawqad_qureish,c_nakhshab,d_soghd,k_transoxiana,e_turan,false,,867,CK3 00_landed_titles.txt
b_naxcivan,c_dvin,d_greater_armenia,k_armenia,e_byzantium,false,,867,CK3 00_landed_titles.txt
b_naxos,c_naxos,d_aegean_islands,k_thessalonika,e_byzantium,true,first_barony_in_county_block,867,CK3 00_landed_titles.txt
b_nay_or,c_soya,d_menas,k_aynumosir,e_amur,false,,867,CK3 00_landed_titles.txt
b_nayagarh,c_khinjali_mandala,d_tosali,k_orissa,e_bengal,false,,867,CK3 00_landed_titles.txt
b_nayband,c_behabad,d_kirman,k_persia,e_persia,false,,867,CK3 00_landed_titles.txt
b_nazianzus,c_cappadocia,d_cappadocia,k_anatolia,e_byzantium,false,,867,CK3 00_landed_titles.txt
b_nazvar,c_gurganj,d_khorezm,k_transoxiana,e_turan,false,,867,CK3 00_landed_titles.txt
b_ndama,c_timbi,d_futa_jalon,k_mali,e_mali,false,,867,CK3 00_landed_titles.txt
b_ndenye,c_ndenye,d_gyaman,k_akan,e_guinea,true,first_barony_in_county_block,867,CK3 00_landed_titles.txt
b_neapolis,c_philomelium,d_anatolia,k_anatolia,e_byzantium,false,,867,CK3 00_landed_titles.txt
b_nebit_dag,c_nebit_dag,d_uzboy,k_transoxiana,e_turan,true,first_barony_in_county_block,867,CK3 00_landed_titles.txt
b_nedryhailiv,c_romen,d_pereyaslavl,k_ruthenia,e_russia,false,,867,CK3 00_landed_titles.txt
b_neftegorsk,c_samar_VB,d_volga_bulgaria,k_volga_bulgaria,e_volga-ural,false,,867,CK3 00_landed_titles.txt
b_nektesi,c_kakheti,d_georgia,k_georgia,e_byzantium,false,,867,CK3 00_landed_titles.txt
b_nellenburg,c_furstenberg,d_swabia,k_east_francia,e_germany,false,,867,CK3 00_landed_titles.txt
b_nellore,c_nellore,d_tondai_nadu,k_tamilakam,e_deccan,true,first_barony_in_county_block,867,CK3 00_landed_titles.txt
b_nembe,c_ijaw,d_igboland,k_igbo-benue,e_guinea,false,,867,CK3 00_landed_titles.txt
b_nemetlipsce,c_lipto,d_nyitra,k_hungary,e_carpathia,false,,867,CK3 00_landed_titles.txt
b_nemkina,c_shishina,d_yenisei_kan,k_angara,e_mongolia,false,,867,CK3 00_landed_titles.txt
b_nemours,c_brie_francaise,d_valois,k_france,e_france,false,,867,CK3 00_landed_titles.txt
b_nenagh,c_thomond,d_munster,k_ireland,e_britannia,false,,867,CK3 00_landed_titles.txt
b_nengyi,c_chumarho,d_amdo,k_amdo,e_tibet,false,,867,CK3 00_landed_titles.txt
b_neocaesara,c_colonea,d_chaldia,k_pontus,e_byzantium,false,,867,CK3 00_landed_titles.txt
b_neopatras,c_neopatras,d_thessaly,k_thessalonika,e_byzantium,true,first_barony_in_county_block,867,CK3 00_landed_titles.txt
b_neramkary,c_neramkary,d_ostyaki,k_yugra,e_siberia,true,first_barony_in_county_block,867,CK3 00_landed_titles.txt
b_nerja,c_malaga,d_granada,k_andalusia,e_spain,false,,867,CK3 00_landed_titles.txt
b_neteru,c_angermanland,d_norrland,k_sweden,e_scandinavia,false,,867,CK3 00_landed_titles.txt
b_netolice,c_doudleby,d_bohemia,k_bohemia,e_west_slavia,false,,867,CK3 00_landed_titles.txt
b_neubrandenburg,c_werle,d_nordmark,k_pomerania,e_wendish_empire,false,,867,CK3 00_landed_titles.txt
b_neuchatel,c_neuchatel,d_transjurania,k_burgundy,e_france,true,first_barony_in_county_block,867,CK3 00_landed_titles.txt
b_neue_weissenburg,c_eichstadt,d_nordgau,k_bavaria,e_germany,false,,867,CK3 00_landed_titles.txt
b_neuenburg,c_zemigalians,d_courland,k_lithuania,e_wendish_empire,false,,867,CK3 00_landed_titles.txt
b_neufchateau,c_neufchateau,d_upper_lorraine,k_lotharingia,e_germany,true,first_barony_in_county_block,867,CK3 00_landed_titles.txt
b_neumarkt,c_parsberg,d_nordgau,k_bavaria,e_germany,false,,867,CK3 00_landed_titles.txt
b_neumunster,c_ditmarschen,d_holstein,k_saxony,e_germany,false,,867,CK3 00_landed_titles.txt
b_neuss,c_cologne,d_lower_lorraine,k_lotharingia,e_germany,false,,867,CK3 00_landed_titles.txt
b_neustrelitz,c_werle,d_nordmark,k_pomerania,e_wendish_empire,false,,867,CK3 00_landed_titles.txt
b_nevaket,c_suyab,d_talas_alatau,k_syr_darya,e_turan,false,,867,CK3 00_landed_titles.txt
b_nevel,c_sebezh,d_novgorod,k_novgorod,e_russia,false,,867,CK3 00_landed_titles.txt
b_nevers,c_nevers,d_burgundy,k_france,e_france,true,first_barony_in_county_block,867,CK3 00_landed_titles.txt
b_nevesinje,c_zachlumia,d_usora,k_croatia,e_byzantium,false,,867,CK3 00_landed_titles.txt
b_nevida,c_firabr,d_soghd,k_transoxiana,e_turan,false,,867,CK3 00_landed_titles.txt
b_nevropkop,c_rhodopes,d_philippopolis,k_bulgaria,e_byzantium,true,first_barony_in_county_block,867,CK3 00_landed_titles.txt
b_newark,c_nottinghamshire,d_hereford,k_england,e_britannia,false,,867,CK3 00_landed_titles.txt
b_newbury,c_berkshire,d_gloucester,k_england,e_britannia,false,,867,CK3 00_landed_titles.txt
b_newport,c_buckinghamshire,d_bedford,k_england,e_britannia,false,,867,CK3 00_landed_titles.txt
b_newtown,c_maldwyn,d_powys,k_wales,e_britannia,false,,867,CK3 00_landed_titles.txt
b_neyo,c_dibri,d_kru,k_guinea,e_guinea,false,,867,CK3 00_landed_titles.txt
b_ngala,c_kotoko,d_wandala,k_sao,e_kanem_bornu,false,,867,CK3 00_landed_titles.txt
b_ngama,c_fellata,d_wadai,k_darfur,e_kanem_bornu,false,,867,CK3 00_landed_titles.txt
b_ngambay,c_kera,d_wandala,k_sao,e_kanem_bornu,false,,867,CK3 00_landed_titles.txt
b_ngaous,c_hodna,d_zab,k_tahert,e_maghreb,false,,867,CK3 00_landed_titles.txt
b_ngarnang,c_lhunzhub,d_lhasa,k_u,e_tibet,false,,867,CK3 00_landed_titles.txt
b_ngawa,c_ngawa,d_gyalrong,k_gyalrong,e_tibet,false,,867,CK3 00_landed_titles.txt
b_ngoppugu,c_jowol,d_silla,k_takrur,e_mali,false,,867,CK3 00_landed_titles.txt
b_ngoqu,c_aso,d_nyima,k_tsang,e_tibet,false,,867,CK3 00_landed_titles.txt
b_ngor,c_derlenka,d_tuyuhun,k_amdo,e_tibet,false,,867,CK3 00_landed_titles.txt
b_ngoring,c_ngoring,d_qumarleb,k_amdo,e_tibet,true,first_barony_in_county_block,867,CK3 00_landed_titles.txt
b_nguigmi,c_kanem,d_kanem,k_kanem,e_kanem_bornu,false,,867,CK3 00_landed_titles.txt
b_nguma,c_kurmina,d_jenne,k_jenne,e_mali,false,,867,CK3 00_landed_titles.txt
b_nguru,c_munio,d_bornu,k_kanem,e_kanem_bornu,false,,867,CK3 00_landed_titles.txt
b_niamina,c_dodugu,d_jenne,k_jenne,e_mali,false,,867,CK3 00_landed_titles.txt
b_niamina_jara,c_jara,d_kaabu,k_kaabu,e_mali,true,first_barony_in_county_block,867,CK3 00_landed_titles.txt
b_niani,c_niani,d_manding,k_mali,e_mali,true,first_barony_in_county_block,867,CK3 00_landed_titles.txt
b_niara,c_awkar,d_wagadu,k_ghana,e_mali,false,,867,CK3 00_landed_titles.txt
b_nias,c_nias,d_nias,k_malayadvipa,e_srivijaya,true,first_barony_in_county_block,867,CK3 00_landed_titles.txt
b_niba,c_sertar,d_chakla,k_gyalrong,e_tibet,false,,867,CK3 00_landed_titles.txt
b_nice,c_nice,d_provence,k_burgundy,e_france,true,first_barony_in_county_block,867,CK3 00_landed_titles.txt
b_nicopolis_ARM,c_colonea,d_chaldia,k_pontus,e_byzantium,false,,867,CK3 00_landed_titles.txt
b_nicopsia,c_abkhazia,d_abkhazia,k_georgia,e_byzantium,false,,867,CK3 00_landed_titles.txt
b_nicosia,c_nicosia,d_cyprus,k_cyprus,e_byzantium,true,first_barony_in_county_block,867,CK3 00_landed_titles.txt
b_nidaros,c_trandheim,d_trandalog,k_norway,e_scandinavia,true,first_barony_in_county_block,867,CK3 00_landed_titles.txt
b_nidda,c_marburg,d_hesse,k_east_francia,e_germany,false,,867,CK3 00_landed_titles.txt
b_nidugallu,c_parivi,d_nulambavadi,k_karnata,e_deccan,false,,867,CK3 00_landed_titles.txt
b_niebla,c_niebla,d_sevilla,k_andalusia,e_spain,true,first_barony_in_county_block,867,CK3 00_landed_titles.txt
b_niedenburg,c_allenstein,d_masuria,k_lithuania,e_wendish_empire,false,,867,CK3 00_landed_titles.txt
b_niederschonenfeld,c_ingolstadt,d_bavaria,k_bavaria,e_germany,false,,867,CK3 00_landed_titles.txt
b_niellim,c_tumak,d_baguirmi,k_sao,e_kanem_bornu,false,,867,CK3 00_landed_titles.txt
b_niffar,c_batiha,d_kufa,k_mesopotamia,e_persia,true,first_barony_in_county_block,867,CK3 00_landed_titles.txt
b_nih,c_nih,d_sistan,k_makran,e_persia,true,first_barony_in_county_block,867,CK3 00_landed_titles.txt
b_nihawand,c_nihawand,d_hamadan,k_persia,e_persia,true,first_barony_in_county_block,867,CK3 00_landed_titles.txt
b_nijmegen,c_guelders,d_gelre,k_frisia,e_germany,false,,867,CK3 00_landed_titles.txt
b_nikaea,c_nikaea,d_opsikion,k_nikaea,e_byzantium,true,first_barony_in_county_block,867,CK3 00_landed_titles.txt
b_nikki,c_nikki,d_borgu,k_borgu,e_guinea,true,first_barony_in_county_block,867,CK3 00_landed_titles.txt
b_nikki_west,c_nikki,d_borgu,k_borgu,e_guinea,false,,867,CK3 00_landed_titles.txt
b_nikli,c_korinthos,d_achaia,k_hellas,e_byzantium,false,,867,CK3 00_landed_titles.txt
b_nikolaievsk,c_itil,d_itil,k_caspian_steppe,e_caspian-pontic_steppe,false,,867,CK3 00_landed_titles.txt
b_nikomedia,c_bithynia,d_optimatoi,k_nikaea,e_byzantium,false,,867,CK3 00_landed_titles.txt
b_nikopol,c_lower_dniepr,d_kizilyedisan,k_pontic_steppe,e_caspian-pontic_steppe,false,,867,CK3 00_landed_titles.txt
b_nikopolis,c_nikopolis,d_turnovo,k_bulgaria,e_byzantium,true,first_barony_in_county_block,867,CK3 00_landed_titles.txt
b_nilagiri,c_palakka,d_udayagiri,k_andhra,e_deccan,false,,867,CK3 00_landed_titles.txt
b_nilamadhav,c_khinjali_mandala,d_tosali,k_orissa,e_bengal,false,,867,CK3 00_landed_titles.txt
b_nimes,c_montpellier,d_languedoc,k_aquitaine,e_france,false,,867,CK3 00_landed_titles.txt
b_nimuoro,c_simenas,d_menas,k_aynumosir,e_amur,false,,867,CK3 00_landed_titles.txt
b_nin,c_zadar,d_dalmatia,k_croatia,e_byzantium,false,,867,CK3 00_landed_titles.txt
b_ninawa,c_ninive,d_diyarrabia,k_jazira,e_persia,true,first_barony_in_county_block,867,CK3 00_landed_titles.txt
b_niokolo,c_bundu,d_bambuk,k_mali,e_mali,false,,867,CK3 00_landed_titles.txt
b_nioro,c_kingui,d_diafunu,k_ghana,e_mali,true,first_barony_in_county_block,867,CK3 00_landed_titles.txt
b_niort,c_lusignan,d_poitou,k_aquitaine,e_france,false,,867,CK3 00_landed_titles.txt
b_nirmal,c_mahur,d_warangal,k_telingana,e_deccan,false,,867,CK3 00_landed_titles.txt
b_nirun,c_debul,d_sauvira,k_sindh,e_rajastan,false,,867,CK3 00_landed_titles.txt
b_nisa,c_elvas,d_beja,k_badajoz,e_spain,false,,867,CK3 00_landed_titles.txt
b_nisab,c_dathina,d_taizz,k_yemen,e_arabia,false,,867,CK3 00_landed_titles.txt
b_nisattai,c_tsugaru,d_hitakami,k_hitakami,e_amur,false,,867,CK3 00_landed_titles.txt
b_nischu,c_khurnak,d_aksai_chin,k_maryul,e_tibet,false,,867,CK3 00_landed_titles.txt
b_nishapur,c_nishapur,d_nishapur,k_khorasan,e_persia,true,first_barony_in_county_block,867,CK3 00_landed_titles.txt
b_niumi,c_niomi,d_wuli,k_kaabu,e_mali,true,first_barony_in_county_block,867,CK3 00_landed_titles.txt
b_niya,c_keriya,d_khotan,k_khotan,e_turan,false,,867,CK3 00_landed_titles.txt
b_niyaz,c_zamm,d_merv,k_khorasan,e_persia,false,,867,CK3 00_landed_titles.txt
b_nizhny_novgorod,c_nizhny_novgorod,d_nizhny_novgorod,k_opolye,e_russia,true,first_barony_in_county_block,867,CK3 00_landed_titles.txt
b_nizwa,c_nizwa,d_oman,k_arabia,e_arabia,true,first_barony_in_county_block,867,CK3 00_landed_titles.txt
b_nizyani,c_koda,d_kazym,k_yugra,e_siberia,true,first_barony_in_county_block,867,CK3 00_landed_titles.txt
b_nogent,c_sens,d_champagne,k_france,e_france,false,,867,CK3 00_landed_titles.txt
b_nogent_le_rotrou,c_chartres,d_orleans,k_france,e_france,false,,867,CK3 00_landed_titles.txt
b_nogoon_naluu,c_uulynkhol,d_baigaluuls,k_buryatia,e_mongolia,true,first_barony_in_county_block,867,CK3 00_landed_titles.txt
b_nograd,c_hont,d_nyitra,k_hungary,e_carpathia,false,,867,CK3 00_landed_titles.txt
b_nohta,c_damoh,d_jejakabhukti,k_kosala,e_rajastan,false,,867,CK3 00_landed_titles.txt
b_nok,c_opanda,d_nupe,k_igbo-benue,e_guinea,false,,867,CK3 00_landed_titles.txt
b_nontron,c_perigord,d_aquitaine,k_aquitaine,e_france,false,,867,CK3 00_landed_titles.txt
b_noor_bukhara,c_dabusiya,d_soghd,k_transoxiana,e_turan,false,,867,CK3 00_landed_titles.txt
b_norale,c_halsingland,d_norrland,k_sweden,e_scandinavia,true,first_barony_in_county_block,867,CK3 00_landed_titles.txt
b_noraskog,c_narke,d_ostergotland,k_sweden,e_scandinavia,false,,867,CK3 00_landed_titles.txt
b_nordlingen,c_nordlingen,d_east_franconia,k_east_francia,e_germany,true,first_barony_in_county_block,867,CK3 00_landed_titles.txt
b_nordmark,c_nordmark,d_vastergotland,k_sweden,e_scandinavia,true,first_barony_in_county_block,867,CK3 00_landed_titles.txt
b_norman_cross,c_huntingdonshire,d_hereford,k_england,e_britannia,false,,867,CK3 00_landed_titles.txt
b_norrbarke,c_dalabergslagen,d_bergslagen,k_sweden,e_scandinavia,false,,867,CK3 00_landed_titles.txt
b_norrkoping,c_ostergotland,d_ostergotland,k_sweden,e_scandinavia,false,,867,CK3 00_landed_titles.txt
b_norrvidinge,c_varend,d_smaland,k_sweden,e_scandinavia,false,,867,CK3 00_landed_titles.txt
b_north_afar,c_afar,d_danakil,k_adal,e_abyssinia,false,,867,CK3 00_landed_titles.txt
b_north_attie,c_attie,d_adiukru,k_akan,e_guinea,false,,867,CK3 00_landed_titles.txt
b_north_jaz_murian,c_riqan,d_jabal_kufs,k_makran,e_persia,false,,867,CK3 00_landed_titles.txt
b_north_jbl_quzlum,c_jabal_quzlum,d_eastern_desert,k_egypt,e_arabia,true,first_barony_in_county_block,867,CK3 00_landed_titles.txt
b_north_kurdar,c_kurdar,d_khorezm,k_transoxiana,e_turan,false,,867,CK3 00_landed_titles.txt
b_northampton,c_northamptonshire,d_hereford,k_england,e_britannia,true,first_barony_in_county_block,867,CK3 00_landed_titles.txt
b_northri_eystridali,c_eystridalir,d_dalir,k_norway,e_scandinavia,true,first_barony_in_county_block,867,CK3 00_landed_titles.txt
b_northri_gudbrandsdali,c_gudbrandsdalir,d_dalir,k_norway,e_scandinavia,false,,867,CK3 00_landed_titles.txt
b_northri_more,c_norwegian_more,d_trandalog,k_norway,e_scandinavia,false,,867,CK3 00_landed_titles.txt
b_northrihordalandi,c_hordalandi,d_vestlandi,k_norway,e_scandinavia,false,,867,CK3 00_landed_titles.txt
b_northwich,c_cheshire,d_lancaster,k_england,e_britannia,false,,867,CK3 00_landed_titles.txt
b_norwegian_lister,c_agdeside,d_agder,k_norway,e_scandinavia,false,,867,CK3 00_landed_titles.txt
b_norwich,c_norfolk,d_norfolk,k_england,e_britannia,true,first_barony_in_county_block,867,CK3 00_landed_titles.txt
b_noteborg,c_vodi,d_novgorod,k_novgorod,e_russia,false,,867,CK3 00_landed_titles.txt
b_notse,c_todo,d_savalu,k_borgu,e_guinea,false,,867,CK3 00_landed_titles.txt
b_nottingham,c_nottinghamshire,d_hereford,k_england,e_britannia,true,first_barony_in_county_block,867,CK3 00_landed_titles.txt
b_noty,c_kitoi,d_angara,k_angara,e_mongolia,false,,867,CK3 00_landed_titles.txt
b_novara,c_novara,d_piedmonte,k_italy,e_italy,true,first_barony_in_county_block,867,CK3 00_landed_titles.txt
b_novgorod,c_novgorod,d_novgorod,k_novgorod,e_russia,true,first_barony_in_county_block,867,CK3 00_landed_titles.txt
b_novgorod_seversky,c_novgorod_seversky,d_chernigov,k_ruthenia,e_russia,true,first_barony_in_county_block,867,CK3 00_landed_titles.txt
b_novobrdo,c_pomoravlje,d_bulgaria,k_bulgaria,e_byzantium,false,,867,CK3 00_landed_titles.txt
b_novogrudok,c_novogrudok,d_grodno,k_white_rus,e_russia,true,first_barony_in_county_block,867,CK3 00_landed_titles.txt
b_novorzhev,c_sebezh,d_novgorod,k_novgorod,e_russia,false,,867,CK3 00_landed_titles.txt
b_novosil,c_novosil,d_novosil,k_ruthenia,e_russia,true,first_barony_in_county_block,867,CK3 00_landed_titles.txt
b_novotrgoviste,c_rashka,d_rashka,k_serbia,e_byzantium,true,first_barony_in_county_block,867,CK3 00_landed_titles.txt
b_nowen,c_ruppin,d_ostmark,k_pomerania,e_wendish_empire,false,,867,CK3 00_landed_titles.txt
b_nowogrodziec,c_sprottau,d_lower_silesia,k_poland,e_west_slavia,false,,867,CK3 00_landed_titles.txt
b_nowshera,c_purushapura,d_gandhara,k_punjab,e_rajastan,false,,867,CK3 00_landed_titles.txt
b_nowytarg,c_sacz,d_lesser_poland,k_poland,e_west_slavia,false,,867,CK3 00_landed_titles.txt
b_noyon,c_clermont,d_valois,k_france,e_france,false,,867,CK3 00_landed_titles.txt
b_nsukka,c_igbo,d_igboland,k_igbo-benue,e_guinea,false,,867,CK3 00_landed_titles.txt
b_nufud-as-surrah,c_surrah,d_najd,k_arabia,e_arabia,true,first_barony_in_county_block,867,CK3 00_landed_titles.txt
b_nukanobu,c_isawa,d_hitakami,k_hitakami,e_amur,false,,867,CK3 00_landed_titles.txt
b_nuket,c_chah,d_chah,k_syr_darya,e_turan,false,,867,CK3 00_landed_titles.txt
b_nukfagh,c_kath,d_khorezm,k_transoxiana,e_turan,false,,867,CK3 00_landed_titles.txt
b_nukhpata,c_hereti,d_georgia,k_georgia,e_byzantium,false,,867,CK3 00_landed_titles.txt
b_nukrat,c_kolyn,d_udmurtia,k_permia,e_volga-ural,false,,867,CK3 00_landed_titles.txt
b_nul_lamta,c_ifni,d_sous,k_maghreb,e_maghreb,false,,867,CK3 00_landed_titles.txt
b_numaligarh,c_haruppeswara,d_sutiya,k_kamarupa,e_bengal,false,,867,CK3 00_landed_titles.txt
b_numedall,c_telemark,d_viken,k_norway,e_scandinavia,false,,867,CK3 00_landed_titles.txt
b_nungu,c_gurma,d_lower_gurma,k_gurma,e_mali,false,,867,CK3 00_landed_titles.txt
b_nuokkijarvi,c_kainuu,d_pohjanmaa,k_finland,e_scandinavia,false,,867,CK3 00_landed_titles.txt
b_nuon,c_nuon,d_bassa,k_guinea,e_guinea,true,first_barony_in_county_block,867,CK3 00_landed_titles.txt
b_nuottjaurr,c_sombio,d_giemajohka,k_sapmi,e_scandinavia,false,,867,CK3 00_landed_titles.txt
b_nuqaq,c_tus,d_nishapur,k_khorasan,e_persia,false,,867,CK3 00_landed_titles.txt
b_nur,c_zakroczymska,d_mazovia,k_poland,e_west_slavia,false,,867,CK3 00_landed_titles.txt
b_nura,c_teniz,d_saryarka,k_cuman,e_tartaria,false,,867,CK3 00_landed_titles.txt
b_nuri,c_meroe,d_makuria,k_nubia,e_abyssinia,false,,867,CK3 00_landed_titles.txt
b_nurmashiir,c_bam,d_kirman,k_persia,e_persia,false,,867,CK3 00_landed_titles.txt
b_nurnberg,c_nurnberg,d_east_franconia,k_east_francia,e_germany,true,first_barony_in_county_block,867,CK3 00_landed_titles.txt
b_nurtay,c_nurtay,d_karkaraly,k_saryarka,e_tartaria,true,first_barony_in_county_block,867,CK3 00_landed_titles.txt
b_nushiro,c_nushiro,d_nushiro,k_hitakami,e_amur,false,,867,CK3 00_landed_titles.txt
b_nutsgen_uul,c_zarman,d_gobi_altai,k_naimania,e_mongolia,true,first_barony_in_county_block,867,CK3 00_landed_titles.txt
b_nyada,c_kuranko,d_loma,k_mali,e_mali,false,,867,CK3 00_landed_titles.txt
b_nyagqu,c_litang,d_litang,k_kham,e_tibet,false,,867,CK3 00_landed_titles.txt
b_nyagrong,c_nyagrong,d_litang,k_kham,e_tibet,true,first_barony_in_county_block,867,CK3 00_landed_titles.txt
b_nyainrong,c_nyainrong,d_amdo,k_amdo,e_tibet,true,first_barony_in_county_block,867,CK3 00_landed_titles.txt
b_nyamo,c_xigaze,d_xigaze,k_tsang,e_tibet,false,,867,CK3 00_landed_titles.txt
b_nyang,c_gongbo,d_nyingchi,k_kham,e_tibet,false,,867,CK3 00_landed_titles.txt
b_nyangla,c_nangqen,d_nangqen,k_kham,e_tibet,false,,867,CK3 00_landed_titles.txt
b_nyatsho,c_dawu,d_chakla,k_gyalrong,e_tibet,false,,867,CK3 00_landed_titles.txt
b_nyemo,c_nyemo,d_lhasa,k_u,e_tibet,true,first_barony_in_county_block,867,CK3 00_landed_titles.txt
b_nyen,c_vodi,d_novgorod,k_novgorod,e_russia,true,first_barony_in_county_block,867,CK3 00_landed_titles.txt
b_nyeningo,c_gangaran,d_bambuk,k_mali,e_mali,false,,867,CK3 00_landed_titles.txt
b_nyima,c_nyima,d_nyima,k_tsang,e_tibet,true,first_barony_in_county_block,867,CK3 00_landed_titles.txt
b_nyingchi,c_nyingchi,d_nyingchi,k_kham,e_tibet,true,first_barony_in_county_block,867,CK3 00_landed_titles.txt
b_nyinhzhong,c_damxung,d_lhasa,k_u,e_tibet,false,,867,CK3 00_landed_titles.txt
b_nyir,c_szabolcs,d_bihar,k_hungary,e_carpathia,false,,867,CK3 00_landed_titles.txt
b_nyitra,c_nyitra,d_nyitra,k_hungary,e_carpathia,true,first_barony_in_county_block,867,CK3 00_landed_titles.txt
b_nykobing,c_lolland_falster,d_sjaelland,k_denmark,e_scandinavia,true,first_barony_in_county_block,867,CK3 00_landed_titles.txt
b_nykopung,c_sodermannaland,d_svealand,k_sweden,e_scandinavia,false,,867,CK3 00_landed_titles.txt
b_nysa,c_nysa,d_upper_silesia,k_poland,e_west_slavia,true,first_barony_in_county_block,867,CK3 00_landed_titles.txt
b_nytva,c_votkinsk,d_ural,k_permia,e_volga-ural,false,,867,CK3 00_landed_titles.txt
b_nyuksenitsa,c_ustyug,d_ustyug,k_bjarmaland,e_russia,false,,867,CK3 00_landed_titles.txt
b_nzo,c_wenyon,d_wenyon,k_guinea,e_guinea,false,,867,CK3 00_landed_titles.txt
b_oarkhan_uul,c_naushki,d_ogrash,k_otuken,e_mongolia,false,,867,CK3 00_landed_titles.txt
b_ob,c_ob,d_salair,k_ob,e_siberia,true,first_barony_in_county_block,867,CK3 00_landed_titles.txt
b_obalj,c_zelengora,d_usora,k_croatia,e_byzantium,false,,867,CK3 00_landed_titles.txt
b_obchikanak,c_ob,d_salair,k_ob,e_siberia,false,,867,CK3 00_landed_titles.txt
b_obervallach,c_lienz,d_tyrol,k_bavaria,e_germany,false,,867,CK3 00_landed_titles.txt
b_oberwart,c_pitten,d_steyermark,k_bavaria,e_germany,false,,867,CK3 00_landed_titles.txt
b_obidos,c_coimbra,d_coimbra,k_portugal,e_spain,false,,867,CK3 00_landed_titles.txt
b_oblacas,c_tabary,d_ostyaki,k_yugra,e_siberia,false,,867,CK3 00_landed_titles.txt
b_oblucita,c_chilia,d_bugeac,k_moldavia,e_carpathia,false,,867,CK3 00_landed_titles.txt
b_oboy,c_dihistan,d_gurgan,k_daylam,e_persia,false,,867,CK3 00_landed_titles.txt
b_oboyan,c_kursk,d_chernigov,k_ruthenia,e_russia,false,,867,CK3 00_landed_titles.txt
b_obrovac,c_zadar,d_dalmatia,k_croatia,e_byzantium,false,,867,CK3 00_landed_titles.txt
b_obva,c_votkinsk,d_ural,k_permia,e_volga-ural,false,,867,CK3 00_landed_titles.txt
b_ocana,c_mora,d_toledo,k_andalusia,e_spain,false,,867,CK3 00_landed_titles.txt
b_odantapuri,c_magadha,d_magadha,k_bihar,e_bengal,false,,867,CK3 00_landed_titles.txt
b_oddiyana,c_udabhanda,d_gandhara,k_punjab,e_rajastan,false,,867,CK3 00_landed_titles.txt
b_oddiyana2,c_dimapur,d_para_lauhitya,k_kamarupa,e_bengal,false,,867,CK3 00_landed_titles.txt
b_ode_itseriki,c_edo,d_benin,k_yorubaland,e_guinea,false,,867,CK3 00_landed_titles.txt
b_odense,c_fyn,d_sjaelland,k_denmark,e_scandinavia,true,first_barony_in_county_block,867,CK3 00_landed_titles.txt
b_oderfrankfurt,c_lubusz,d_wielkopolska,k_poland,e_west_slavia,false,,867,CK3 00_landed_titles.txt
b_odessa,c_odessa,d_kizilyedisan,k_pontic_steppe,e_caspian-pontic_steppe,false,,867,CK3 00_landed_titles.txt
b_odienne,c_kabarasana,d_toro,k_guinea,e_guinea,true,first_barony_in_county_block,867,CK3 00_landed_titles.txt
b_odmarden,c_gastrikland,d_svealand,k_sweden,e_scandinavia,false,,867,CK3 00_landed_titles.txt
b_odo-akaba,c_shabe,d_savalu,k_borgu,e_guinea,false,,867,CK3 00_landed_titles.txt
b_odoyev,c_odoyev,d_novosil,k_ruthenia,e_russia,true,first_barony_in_county_block,867,CK3 00_landed_titles.txt
b_offenburg,c_breisgau,d_alsace,k_east_francia,e_germany,false,,867,CK3 00_landed_titles.txt
b_ogbomoso,c_oyo,d_oyo,k_yorubaland,e_guinea,false,,867,CK3 00_landed_titles.txt
b_ogiy,c_khanjargalant,d_orkhon,k_otuken,e_mongolia,false,,867,CK3 00_landed_titles.txt
b_oglamych,c_oglamych,d_garabogazkol,k_oghuz_il,e_turan,true,first_barony_in_county_block,867,CK3 00_landed_titles.txt
b_ogo,c_silla,d_silla,k_takrur,e_mali,false,,867,CK3 00_landed_titles.txt
b_ohcejohka,c_karasjohka,d_duortnoseatnu,k_sapmi,e_scandinavia,false,,867,CK3 00_landed_titles.txt
b_ohrid,c_ohrid,d_bulgaria,k_bulgaria,e_byzantium,true,first_barony_in_county_block,867,CK3 00_landed_titles.txt
b_oigon,c_oigon,d_arkhangai,k_naimania,e_mongolia,true,first_barony_in_county_block,867,CK3 00_landed_titles.txt
b_oinaion,c_cerasus,d_chaldia,k_pontus,e_byzantium,false,,867,CK3 00_landed_titles.txt
b_ojin,c_kondoma,d_aley,k_ob,e_siberia,false,,867,CK3 00_landed_titles.txt
b_oka,c_phrygia,d_opsikion,k_nikaea,e_byzantium,false,,867,CK3 00_landed_titles.txt
b_okachi,c_nushiro,d_nushiro,k_hitakami,e_amur,false,,867,CK3 00_landed_titles.txt
b_okachiv,c_odessa,d_kizilyedisan,k_pontic_steppe,e_caspian-pontic_steppe,true,first_barony_in_county_block,867,CK3 00_landed_titles.txt
b_okangara,c_okangara,d_angara,k_angara,e_mongolia,true,first_barony_in_county_block,867,CK3 00_landed_titles.txt
b_okehampton,c_devon,d_cornwall,k_england,e_britannia,false,,867,CK3 00_landed_titles.txt
b_okhaldhunga,c_khotang,d_limbuwan,k_himalaya,e_rajastan,false,,867,CK3 00_landed_titles.txt
b_okhansk,c_sebur,d_perm,k_permia,e_volga-ural,false,,867,CK3 00_landed_titles.txt
b_okic,c_modrus,d_croatia,k_croatia,e_byzantium,false,,867,CK3 00_landed_titles.txt
b_okitama,c_tokisara,d_nushiro,k_hitakami,e_amur,true,first_barony_in_county_block,867,CK3 00_landed_titles.txt
b_oklabo,c_gastrikland,d_svealand,k_sweden,e_scandinavia,false,,867,CK3 00_landed_titles.txt
b_oknist,c_selpils,d_courland,k_lithuania,e_wendish_empire,false,,867,CK3 00_landed_titles.txt
b_okormezo,c_marmaros,d_transcarpathia,k_hungary,e_carpathia,false,,867,CK3 00_landed_titles.txt
b_okrika,c_ijaw,d_igboland,k_igbo-benue,e_guinea,false,,867,CK3 00_landed_titles.txt
b_oktyabr,c_uzgend_KARA,d_syr_darya,k_syr_darya,e_turan,false,,867,CK3 00_landed_titles.txt
b_okuta,c_ilesa,d_borgu,k_borgu,e_guinea,false,,867,CK3 00_landed_titles.txt
b_olafsvik,c_vestisland,d_iceland,k_norway,e_scandinavia,false,,867,CK3 00_landed_titles.txt
b_olavinlinna,c_olavinlinna,d_savo,k_finland,e_scandinavia,true,first_barony_in_county_block,867,CK3 00_landed_titles.txt
b_olawa,c_brzeg,d_upper_silesia,k_poland,e_west_slavia,false,,867,CK3 00_landed_titles.txt
b_olbasa,c_lycia,d_cibyrrhaeot,k_anatolia,e_byzantium,false,,867,CK3 00_landed_titles.txt
b_olbia,c_gallura,d_sardinia,k_sardinia,e_italy,true,first_barony_in_county_block,867,CK3 00_landed_titles.txt
b_olbia_ETEL,c_odessa,d_kizilyedisan,k_pontic_steppe,e_caspian-pontic_steppe,false,,867,CK3 00_landed_titles.txt
b_old_dongola,c_dongola,d_makuria,k_nubia,e_abyssinia,true,first_barony_in_county_block,867,CK3 00_landed_titles.txt
b_oldenburg,c_oldenburg,d_angria,k_saxony,e_germany,true,first_barony_in_county_block,867,CK3 00_landed_titles.txt
b_oleshye,c_oleshye,d_red_levedia,k_pontic_steppe,e_caspian-pontic_steppe,true,first_barony_in_county_block,867,CK3 00_landed_titles.txt
b_olesnica,c_miliez,d_lower_silesia,k_poland,e_west_slavia,false,,867,CK3 00_landed_titles.txt
b_olesnica_MPL,c_sandomierska,d_lesser_poland,k_poland,e_west_slavia,false,,867,CK3 00_landed_titles.txt
b_olivet,c_orleans,d_orleans,k_france,e_france,false,,867,CK3 00_landed_titles.txt
b_olivienza,c_badajoz,d_badajoz,k_badajoz,e_spain,false,,867,CK3 00_landed_titles.txt
b_olkha,c_kitoi,d_angara,k_angara,e_mongolia,false,,867,CK3 00_landed_titles.txt
b_olkhon,c_olkhon,d_tsagaanbaigal,k_buryatia,e_mongolia,true,first_barony_in_county_block,867,CK3 00_landed_titles.txt
b_olmedo,c_olmedo,d_castilla,k_castille,e_spain,true,first_barony_in_county_block,867,CK3 00_landed_titles.txt
b_olomouc,c_olomouc,d_moravia,k_bohemia,e_west_slavia,true,first_barony_in_county_block,867,CK3 00_landed_titles.txt
b_olon-bulak,c_ulan_chuzir,d_gurbantunggut,k_dzungaria,e_tartaria,false,,867,CK3 00_landed_titles.txt
b_oloron,c_bearn,d_armagnac,k_aquitaine,e_france,false,,867,CK3 00_landed_titles.txt
b_olot,c_girona,d_barcelona,k_aragon,e_spain,false,,867,CK3 00_landed_titles.txt
b_olovo,c_vhrbosna,d_bosna,k_croatia,e_byzantium,false,,867,CK3 00_landed_titles.txt
b_olsztyn,c_krakowska,d_lesser_poland,k_poland,e_west_slavia,false,,867,CK3 00_landed_titles.txt
b_oltisi,c_tao,d_tao-klarjeti,k_georgia,e_byzantium,false,,867,CK3 00_landed_titles.txt
b_olyn,c_chich,d_vasyugan_mire,k_ob,e_siberia,false,,867,CK3 00_landed_titles.txt
b_om,c_tartas_SIB,d_vasyugan_mire,k_ob,e_siberia,false,,867,CK3 00_landed_titles.txt
b_omgul,c_ishim,d_ishim,k_sibir,e_siberia,false,,867,CK3 00_landed_titles.txt
b_omis,c_pagania,d_usora,k_croatia,e_byzantium,false,,867,CK3 00_landed_titles.txt
b_ommen,c_oversticht,d_utrecht,k_frisia,e_germany,false,,867,CK3 00_landed_titles.txt
b_omo,c_gamo,d_kaffa,k_damot,e_abyssinia,false,,867,CK3 00_landed_titles.txt
b_omotrunnaisse,c_dunhuang,d_charkliq,k_khotan,e_turan,false,,867,CK3 00_landed_titles.txt
b_omsk,c_omsk,d_lanikaz,k_sibir,e_siberia,true,first_barony_in_county_block,867,CK3 00_landed_titles.txt
b_ondo,c_ife,d_ife,k_yorubaland,e_guinea,false,,867,CK3 00_landed_titles.txt
b_onega,c_onega_BJA,d_biarmia,k_bjarmaland,e_russia,true,first_barony_in_county_block,867,CK3 00_landed_titles.txt
b_onegaborg,c_onega,d_karelia,k_finland,e_scandinavia,true,first_barony_in_county_block,867,CK3 00_landed_titles.txt
b_onge,c_andamans,d_handumans,k_malayadvipa,e_srivijaya,false,,867,CK3 00_landed_titles.txt
b_ongi,c_ongi,d_ovorkhangai,k_naimania,e_mongolia,true,first_barony_in_county_block,867,CK3 00_landed_titles.txt
b_ongutai,c_terektai,d_altaishan,k_ob,e_siberia,false,,867,CK3 00_landed_titles.txt
b_onitsha,c_igbo,d_igboland,k_igbo-benue,e_guinea,false,,867,CK3 00_landed_titles.txt
b_onogost,c_travunia,d_duklja,k_serbia,e_byzantium,false,,867,CK3 00_landed_titles.txt
b_onsala,c_halland,d_skane,k_denmark,e_scandinavia,false,,867,CK3 00_landed_titles.txt
b_onsthia,c_onsthia,d_vologda,k_bjarmaland,e_russia,true,first_barony_in_county_block,867,CK3 00_landed_titles.txt
b_opanda,c_opanda,d_nupe,k_igbo-benue,e_guinea,false,,867,CK3 00_landed_titles.txt
b_opatow,c_sandomierska,d_lesser_poland,k_poland,e_west_slavia,false,,867,CK3 00_landed_titles.txt
b_opava,c_opava,d_moravia,k_bohemia,e_west_slavia,true,first_barony_in_county_block,867,CK3 00_landed_titles.txt
b_opensten,c_vastergotland,d_vastergotland,k_sweden,e_scandinavia,false,,867,CK3 00_landed_titles.txt
b_opereperkep,c_menas,d_menas,k_aynumosir,e_amur,false,,867,CK3 00_landed_titles.txt
b_opoczno,c_radomska,d_lesser_poland,k_poland,e_west_slavia,false,,867,CK3 00_landed_titles.txt
b_opole,c_opole,d_upper_silesia,k_poland,e_west_slavia,true,first_barony_in_county_block,867,CK3 00_landed_titles.txt
b_orabro,c_narke,d_ostergotland,k_sweden,e_scandinavia,true,first_barony_in_county_block,867,CK3 00_landed_titles.txt
b_orahovica,c_vukovar,d_slavonia,k_croatia,e_byzantium,false,,867,CK3 00_landed_titles.txt
b_oran,c_orania,d_tlemcen,k_tahert,e_maghreb,true,first_barony_in_county_block,867,CK3 00_landed_titles.txt
b_orange,c_venaissin,d_provence,k_burgundy,e_france,false,,867,CK3 00_landed_titles.txt
b_oranienburg,c_kozlov,d_saran,k_mordvinia,e_volga-ural,false,,867,CK3 00_landed_titles.txt
b_orbetello,c_orbetello,d_toscana,k_italy,e_italy,true,first_barony_in_county_block,867,CK3 00_landed_titles.txt
b_ore,c_kostanay,d_kurgan,k_qara_dala,e_tartaria,false,,867,CK3 00_landed_titles.txt
b_orehovo,c_vratsa,d_turnovo,k_bulgaria,e_byzantium,false,,867,CK3 00_landed_titles.txt
b_orenburg,c_orenburg,d_aqtobe,k_caspian_steppe,e_caspian-pontic_steppe,true,first_barony_in_county_block,867,CK3 00_landed_titles.txt
b_oreoi,c_euboea,d_athens,k_hellas,e_byzantium,false,,867,CK3 00_landed_titles.txt
b_orgogdon_rok,c_songuu_aallar,d_kargassia,k_khakassia,e_mongolia,false,,867,CK3 00_landed_titles.txt
b_orhei,c_orhei,d_moldova,k_moldavia,e_carpathia,true,first_barony_in_county_block,867,CK3 00_landed_titles.txt
b_oristano,c_arborea,d_sardinia,k_sardinia,e_italy,true,first_barony_in_county_block,867,CK3 00_landed_titles.txt
b_orkdala,c_gudbrandsdalir,d_dalir,k_norway,e_scandinavia,false,,867,CK3 00_landed_titles.txt
b_orkhontuul,c_ulaanbaatar,d_ogrash,k_otuken,e_mongolia,false,,867,CK3 00_landed_titles.txt
b_orlamunde,c_orlamunde,d_thuringia,k_east_francia,e_germany,true,first_barony_in_county_block,867,CK3 00_landed_titles.txt
b_orlanto,c_lecce,d_apulia,k_sicily,e_byzantium,false,,867,CK3 00_landed_titles.txt
b_orleans,c_orleans,d_orleans,k_france,e_france,true,first_barony_in_county_block,867,CK3 00_landed_titles.txt
b_ormstrup,c_viborg,d_jylland,k_denmark,e_scandinavia,false,,867,CK3 00_landed_titles.txt
b_ornans,c_besancon,d_upper_burgundy,k_burgundy,e_france,false,,867,CK3 00_landed_titles.txt
b_orog,c_ikh_bogd,d_ovorkhangai,k_naimania,e_mongolia,false,,867,CK3 00_landed_titles.txt
b_oroshaza,c_bekes,d_bihar,k_hungary,e_carpathia,false,,867,CK3 00_landed_titles.txt
b_orsa,c_dalarna,d_bergslagen,k_sweden,e_scandinavia,false,,867,CK3 00_landed_titles.txt
b_orsha,c_orsha,d_minsk,k_white_rus,e_russia,true,first_barony_in_county_block,867,CK3 00_landed_titles.txt
b_orskaya,c_aqtobe,d_aqtobe,k_caspian_steppe,e_caspian-pontic_steppe,false,,867,CK3 00_landed_titles.txt
b_orsova,c_severin,d_oltenia,k_dacia,e_carpathia,false,,867,CK3 00_landed_titles.txt
b_ortakuyu,c_sarykamysh,d_uzboy,k_transoxiana,e_turan,false,,867,CK3 00_landed_titles.txt
b_ortelsburg,c_allenstein,d_masuria,k_lithuania,e_wendish_empire,false,,867,CK3 00_landed_titles.txt
b_ortenburg,c_frontenhausen,d_bavaria,k_bavaria,e_germany,false,,867,CK3 00_landed_titles.txt
b_orval,c_bourbon,d_bourbon,k_aquitaine,e_france,false,,867,CK3 00_landed_titles.txt
b_orvieto,c_orvieto,d_spoleto,k_romagna,e_italy,true,first_barony_in_county_block,867,CK3 00_landed_titles.txt
b_oryol,c_karachev,d_karachev,k_ruthenia,e_russia,false,,867,CK3 00_landed_titles.txt
b_osa_MON,c_irkutsk,d_tsagaanbaigal,k_buryatia,e_mongolia,false,,867,CK3 00_landed_titles.txt
b_osdara,c_ablastha,d_sebasteia,k_pontus,e_byzantium,false,,867,CK3 00_landed_titles.txt
b_osh,c_uzgend,d_ferghana,k_transoxiana,e_turan,false,,867,CK3 00_landed_titles.txt
b_oshun,c_owu,d_ife,k_yorubaland,e_guinea,false,,867,CK3 00_landed_titles.txt
b_osian,c_mandavyapura,d_maru,k_rajputana,e_rajastan,false,,867,CK3 00_landed_titles.txt
b_osijek,c_vukovar,d_slavonia,k_croatia,e_byzantium,false,,867,CK3 00_landed_titles.txt
b_oskemen,c_semey,d_semey,k_kipchak,e_tartaria,false,,867,CK3 00_landed_titles.txt
b_oskol,c_oskol,d_voronezh,k_mordvinia,e_volga-ural,true,first_barony_in_county_block,867,CK3 00_landed_titles.txt
b_oslosyslar,c_vingulmork,d_viken,k_norway,e_scandinavia,true,first_barony_in_county_block,867,CK3 00_landed_titles.txt
b_osma,c_soria,d_castilla,k_castille,e_spain,false,,867,CK3 00_landed_titles.txt
b_osmova,c_kevrola,d_ustyug,k_bjarmaland,e_russia,false,,867,CK3 00_landed_titles.txt
b_osnabruck,c_osnabruck,d_westfalen,k_saxony,e_germany,true,first_barony_in_county_block,867,CK3 00_landed_titles.txt
b_osse,c_edo,d_benin,k_yorubaland,e_guinea,false,,867,CK3 00_landed_titles.txt
b_ostavall,c_morarna,d_jamtland,k_norway,e_scandinavia,false,,867,CK3 00_landed_titles.txt
b_osterode,c_osterode,d_masuria,k_lithuania,e_wendish_empire,false,,867,CK3 00_landed_titles.txt
b_ostfurstenfeld,c_murzzuschlag,d_steyermark,k_bavaria,e_germany,false,,867,CK3 00_landed_titles.txt
b_osthammar,c_upland,d_svealand,k_sweden,e_scandinavia,false,,867,CK3 00_landed_titles.txt
b_ostia,c_roma,d_latium,k_romagna,e_italy,false,,867,CK3 00_landed_titles.txt
b_ostlandsberg,c_natangia,d_prussia,k_lithuania,e_wendish_empire,false,,867,CK3 00_landed_titles.txt
b_ostroh,c_zaslavl,d_halych,k_galicia-volhynia,e_west_slavia,false,,867,CK3 00_landed_titles.txt
b_ostrov,c_pskov,d_novgorod,k_novgorod,e_russia,false,,867,CK3 00_landed_titles.txt
b_ostrov_BJA,c_kargopol,d_chudia,k_bjarmaland,e_russia,false,,867,CK3 00_landed_titles.txt
b_otarka,c_kazan,d_kazan,k_volga_bulgaria,e_volga-ural,false,,867,CK3 00_landed_titles.txt
b_otarunay,c_ioci,d_sum,k_aynumosir,e_amur,false,,867,CK3 00_landed_titles.txt
b_otefan,c_oyo,d_oyo,k_yorubaland,e_guinea,false,,867,CK3 00_landed_titles.txt
b_otgontenger,c_uliastai,d_zavkhan,k_naimania,e_mongolia,false,,867,CK3 00_landed_titles.txt
b_otmunchow,c_brzeg,d_upper_silesia,k_poland,e_west_slavia,false,,867,CK3 00_landed_titles.txt
b_otrar,c_otrar,d_chah,k_syr_darya,e_turan,true,first_barony_in_county_block,867,CK3 00_landed_titles.txt
b_ottrunes,c_agdeside,d_agder,k_norway,e_scandinavia,true,first_barony_in_county_block,867,CK3 00_landed_titles.txt
b_otuken_city,c_karabalgasun,d_orkhon,k_otuken,e_mongolia,false,,867,CK3 00_landed_titles.txt
b_otukpo,c_idoma,d_igboland,k_igbo-benue,e_guinea,false,,867,CK3 00_landed_titles.txt
b_ouarak,c_kayor,d_djolof,k_takrur,e_mali,false,,867,CK3 00_landed_titles.txt
b_ouasada,c_selge,d_anatolia,k_anatolia,e_byzantium,false,,867,CK3 00_landed_titles.txt
b_oulu,c_oulu,d_pohjanmaa,k_finland,e_scandinavia,true,first_barony_in_county_block,867,CK3 00_landed_titles.txt
b_oungo,c_chikoy,d_uda_valley,k_buryatia,e_mongolia,false,,867,CK3 00_landed_titles.txt
b_ounjougou,c_bandiagara,d_yatenga,k_gurma,e_mali,false,,867,CK3 00_landed_titles.txt
b_our,c_sorok,d_salair,k_ob,e_siberia,false,,867,CK3 00_landed_titles.txt
b_ourense,c_astorga,d_galicia,k_spanish_galicia,e_spain,false,,867,CK3 00_landed_titles.txt
b_ourique,c_silves,d_algarve,k_badajoz,e_spain,false,,867,CK3 00_landed_titles.txt
b_oursi,c_oudalan,d_upper_gurma,k_gurma,e_mali,false,,867,CK3 00_landed_titles.txt
b_ous_vaga,c_velsk,d_ustyug,k_bjarmaland,e_russia,false,,867,CK3 00_landed_titles.txt
b_oviedo,c_asturias_de_oviedo,d_asturias,k_leon,e_spain,true,first_barony_in_county_block,867,CK3 00_landed_titles.txt
b_ovinskoi,c_perm,d_perm,k_permia,e_volga-ural,false,,867,CK3 00_landed_titles.txt
b_ovruch,c_korosten,d_turov,k_ruthenia,e_russia,false,,867,CK3 00_landed_titles.txt
b_owo,c_ife,d_ife,k_yorubaland,e_guinea,false,,867,CK3 00_landed_titles.txt
b_owu,c_owu,d_ife,k_yorubaland,e_guinea,true,first_barony_in_county_block,867,CK3 00_landed_titles.txt
b_oxford,c_oxfordshire,d_gloucester,k_england,e_britannia,true,first_barony_in_county_block,867,CK3 00_landed_titles.txt
b_oyo,c_oyo,d_oyo,k_yorubaland,e_guinea,false,,867,CK3 00_landed_titles.txt
b_oyo-ile,c_oyo,d_oyo,k_yorubaland,e_guinea,true,first_barony_in_county_block,867,CK3 00_landed_titles.txt
b_ozerski,c_toropets,d_smolensk,k_white_rus,e_russia,false,,867,CK3 00_landed_titles.txt
b_pabna,c_madhupur,d_varendra,k_bengal,e_bengal,false,,867,CK3 00_landed_titles.txt
b_padaividu,c_candragiri,d_tondai_nadu,k_tamilakam,e_deccan,true,first_barony_in_county_block,867,CK3 00_landed_titles.txt
b_paderborn,c_paderborn,d_westfalen,k_saxony,e_germany,true,first_barony_in_county_block,867,CK3 00_landed_titles.txt
b_padron,c_santiago,d_galicia,k_spanish_galicia,e_spain,false,,867,CK3 00_landed_titles.txt
b_padua,c_padua,d_verona,k_italy,e_italy,true,first_barony_in_county_block,867,CK3 00_landed_titles.txt
b_padum,c_padum,d_zanskar,k_maryul,e_tibet,true,first_barony_in_county_block,867,CK3 00_landed_titles.txt
b_padun,c_vienna,d_osterreich,k_bavaria,e_germany,false,,867,CK3 00_landed_titles.txt
b_paga,c_gyama,d_lhasa,k_u,e_tibet,false,,867,CK3 00_landed_titles.txt
b_pagaea,c_abydos,d_aegean_islands,k_thessalonika,e_byzantium,false,,867,CK3 00_landed_titles.txt
b_pagsum,c_gongbo,d_nyingchi,k_kham,e_tibet,false,,867,CK3 00_landed_titles.txt
b_paidangaran,c_shaki,d_shirvan,k_daylam,e_persia,false,,867,CK3 00_landed_titles.txt
b_paijala,c_sysma,d_savo,k_finland,e_scandinavia,false,,867,CK3 00_landed_titles.txt
b_pakala,c_saalum,d_wuli,k_kaabu,e_mali,false,,867,CK3 00_landed_titles.txt
b_pakane,c_kaabu,d_kaabu,k_kaabu,e_mali,false,,867,CK3 00_landed_titles.txt
b_pakao,c_jara,d_kaabu,k_kaabu,e_mali,false,,867,CK3 00_landed_titles.txt
b_palakkad,c_eranad,d_chera_nadu,k_tamilakam,e_deccan,false,,867,CK3 00_landed_titles.txt
b_palamau,c_rothas,d_jharkand,k_bihar,e_bengal,false,,867,CK3 00_landed_titles.txt
b_palampet,c_katukuru,d_warangal,k_telingana,e_deccan,false,,867,CK3 00_landed_titles.txt
b_palanga,c_palanga,d_samogitia,k_lithuania,e_wendish_empire,true,first_barony_in_county_block,867,CK3 00_landed_titles.txt
b_palencia,c_burgos,d_castilla,k_castille,e_spain,false,,867,CK3 00_landed_titles.txt
b_paleohora,c_chania,d_krete,k_krete,e_byzantium,false,,867,CK3 00_landed_titles.txt
b_palermo,c_palermo,d_sicily,k_sicily,e_byzantium,true,first_barony_in_county_block,867,CK3 00_landed_titles.txt
b_pali,c_ratanpur,d_ratanpur,k_gondwana,e_bengal,false,,867,CK3 00_landed_titles.txt
b_pallars_jussa,c_pallas,d_barcelona,k_aragon,e_spain,true,first_barony_in_county_block,867,CK3 00_landed_titles.txt
b_pallars_sobira,c_pallas,d_barcelona,k_aragon,e_spain,false,,867,CK3 00_landed_titles.txt
b_palma,c_mallorca,d_mallorca,k_valencia,e_spain,true,first_barony_in_county_block,867,CK3 00_landed_titles.txt
b_palniki,c_palniki,d_udmurtia,k_permia,e_volga-ural,true,first_barony_in_county_block,867,CK3 00_landed_titles.txt
b_palo,c_roma,d_latium,k_romagna,e_italy,false,,867,CK3 00_landed_titles.txt
b_palpung,c_dege,d_dege,k_kham,e_tibet,false,,867,CK3 00_landed_titles.txt
b_palwancha,c_katukuru,d_warangal,k_telingana,e_deccan,true,first_barony_in_county_block,867,CK3 00_landed_titles.txt
b_pamiers,c_toulouse,d_toulouse,k_aquitaine,e_france,false,,867,CK3 00_landed_titles.txt
b_pamplona,c_navarra,d_navarra,k_navarra,e_spain,true,first_barony_in_county_block,867,CK3 00_landed_titles.txt
b_panaji,c_panaji,d_konkana,k_maharastra,e_deccan,true,first_barony_in_county_block,867,CK3 00_landed_titles.txt
b_panamik,c_diskit,d_ladakh,k_maryul,e_tibet,false,,867,CK3 00_landed_titles.txt
b_pancapura,c_dipalpur,d_lahore,k_punjab,e_rajastan,true,first_barony_in_county_block,867,CK3 00_landed_titles.txt
b_panchthar,c_ilam,d_limbuwan,k_himalaya,e_rajastan,false,,867,CK3 00_landed_titles.txt
b_pancsova,c_keve,d_temes,k_hungary,e_carpathia,false,,867,CK3 00_landed_titles.txt
b_pandua,c_saptagrama,d_nadia,k_bengal,e_bengal,false,,867,CK3 00_landed_titles.txt
b_panemune,c_yatvyagi,d_lithuanians,k_lithuania,e_wendish_empire,true,first_barony_in_county_block,867,CK3 00_landed_titles.txt
b_pangani,c_mrima,d_zanzibar,k_zanj,e_azania,true,first_barony_in_county_block,867,CK3 00_landed_titles.txt
b_panjdih,c_marvarrud,d_merv,k_khorasan,e_persia,false,,867,CK3 00_landed_titles.txt
b_panjhir,c_bamian,d_kabul,k_kabulistan,e_persia,false,,867,CK3 00_landed_titles.txt
b_panjikand,c_zarafshan,d_osrushana,k_transoxiana,e_turan,true,first_barony_in_county_block,867,CK3 00_landed_titles.txt
b_panjway,c_rukhaj,d_zabulistan,k_kabulistan,e_persia,false,,867,CK3 00_landed_titles.txt
b_pankota,c_zarand,d_bihar,k_hungary,e_carpathia,false,,867,CK3 00_landed_titles.txt
b_pannagallu,c_pannagallu,d_racakonda,k_telingana,e_deccan,true,first_barony_in_county_block,867,CK3 00_landed_titles.txt
b_papagia,c_tmutarakan,d_azov,k_caucasus,e_caspian-pontic_steppe,false,,867,CK3 00_landed_titles.txt
b_papenburg,c_tecklenburg,d_westfalen,k_saxony,e_germany,false,,867,CK3 00_landed_titles.txt
b_paphlagonia,c_paphlagonia,d_paphlagonia,k_pontus,e_byzantium,false,,867,CK3 00_landed_titles.txt
b_paphos,c_nicosia,d_cyprus,k_cyprus,e_byzantium,false,,867,CK3 00_landed_titles.txt
b_papira,c_galatia,d_bucellaria,k_nikaea,e_byzantium,false,,867,CK3 00_landed_titles.txt
b_pappa,c_lycaonia,d_anatolia,k_anatolia,e_byzantium,false,,867,CK3 00_landed_titles.txt
b_papworth,c_cambridgeshire,d_norfolk,k_england,e_britannia,false,,867,CK3 00_landed_titles.txt
b_parabel,c_vasyugan,d_vasyugan_mire,k_ob,e_siberia,false,,867,CK3 00_landed_titles.txt
b_parakou,c_djugu,d_borgu,k_borgu,e_guinea,false,,867,CK3 00_landed_titles.txt
b_parchim,c_mecklenburg,d_nordmark,k_pomerania,e_wendish_empire,false,,867,CK3 00_landed_titles.txt
b_parczew,c_lubelska,d_lesser_poland,k_poland,e_west_slavia,false,,867,CK3 00_landed_titles.txt
b_pardiac,c_bigorre,d_armagnac,k_aquitaine,e_france,false,,867,CK3 00_landed_titles.txt
b_pargar,c_khuttal,d_khuttal,k_transoxiana,e_turan,true,first_barony_in_county_block,867,CK3 00_landed_titles.txt
b_parihasapura,c_kasmira,d_kasmira,k_kashmir,e_rajastan,false,,867,CK3 00_landed_titles.txt
b_parikkala,c_viipuri,d_karelia,k_finland,e_scandinavia,false,,867,CK3 00_landed_titles.txt
b_paris,c_ile_de_france,d_valois,k_france,e_france,true,first_barony_in_county_block,867,CK3 00_landed_titles.txt
b_parivi,c_parivi,d_nulambavadi,k_karnata,e_deccan,true,first_barony_in_county_block,867,CK3 00_landed_titles.txt
b_parizh,c_duvan,d_uraltau,k_bashkiria,e_volga-ural,false,,867,CK3 00_landed_titles.txt
b_parlais,c_pisidia,d_anatolia,k_anatolia,e_byzantium,false,,867,CK3 00_landed_titles.txt
b_parling,c_garco,d_conyi,k_u,e_tibet,false,,867,CK3 00_landed_titles.txt
b_parma,c_parma,d_lombardia,k_italy,e_italy,true,first_barony_in_county_block,867,CK3 00_landed_titles.txt
b_parnakheta,c_vatsagulma,d_devagiri,k_maharastra,e_deccan,false,,867,CK3 00_landed_titles.txt
b_parnassos,c_lower_galatia,d_cappadocia,k_anatolia,e_byzantium,true,first_barony_in_county_block,867,CK3 00_landed_titles.txt
b_parnes,c_khachen,d_greater_armenia,k_armenia,e_byzantium,true,first_barony_in_county_block,867,CK3 00_landed_titles.txt
b_parnu,c_livs,d_livonia,k_esthonia,e_wendish_empire,true,first_barony_in_county_block,867,CK3 00_landed_titles.txt
b_paro,c_paro,d_paro,k_lhomon,e_tibet,true,first_barony_in_county_block,867,CK3 00_landed_titles.txt
b_parsberg,c_parsberg,d_nordgau,k_bavaria,e_germany,true,first_barony_in_county_block,867,CK3 00_landed_titles.txt
b_parthenay,c_thouars,d_poitou,k_aquitaine,e_france,false,,867,CK3 00_landed_titles.txt
b_parwan,c_bamian,d_kabul,k_kabulistan,e_persia,false,,867,CK3 00_landed_titles.txt
b_pascherty,c_jalmat,d_jalmat,k_volga_bulgaria,e_volga-ural,false,,867,CK3 00_landed_titles.txt
b_passau,c_passau,d_bavaria,k_bavaria,e_germany,true,first_barony_in_county_block,867,CK3 00_landed_titles.txt
b_pataliputra,c_magadha,d_magadha,k_bihar,e_bengal,true,first_barony_in_county_block,867,CK3 00_landed_titles.txt
b_pate_island,c_pate,d_pate,k_zanj,e_azania,true,first_barony_in_county_block,867,CK3 00_landed_titles.txt
b_paterno,c_roma,d_latium,k_romagna,e_italy,false,,867,CK3 00_landed_titles.txt
b_paterswalde,c_natangia,d_prussia,k_lithuania,e_wendish_empire,false,,867,CK3 00_landed_titles.txt
b_pathankot,c_trigarta,d_lahore,k_punjab,e_rajastan,false,,867,CK3 00_landed_titles.txt
b_patkai,c_charaideo,d_sutiya,k_kamarupa,e_bengal,false,,867,CK3 00_landed_titles.txt
b_patkapur,c_kondana,d_nasikya,k_maharastra,e_deccan,false,,867,CK3 00_landed_titles.txt
b_patnos,c_bagrewand,d_greater_armenia,k_armenia,e_byzantium,false,,867,CK3 00_landed_titles.txt
b_patras,c_achaia,d_achaia,k_hellas,e_byzantium,true,first_barony_in_county_block,867,CK3 00_landed_titles.txt
b_pattikera,c_samatata,d_vanga,k_bengal,e_bengal,false,,867,CK3 00_landed_titles.txt
b_pau,c_bearn,d_armagnac,k_aquitaine,e_france,true,first_barony_in_county_block,867,CK3 00_landed_titles.txt
b_pava,c_kusinagara,d_tirabhukti,k_bihar,e_bengal,false,,867,CK3 00_landed_titles.txt
b_pavia,c_pavia,d_lombardia,k_italy,e_italy,true,first_barony_in_county_block,867,CK3 00_landed_titles.txt
b_pavlodar,c_pavlodar,d_lanikaz,k_sibir,e_siberia,true,first_barony_in_county_block,867,CK3 00_landed_titles.txt
b_pavlovo,c_murom,d_ryazan,k_opolye,e_russia,false,,867,CK3 00_landed_titles.txt
b_pavlovsk,c_karatayak,d_voronezh,k_mordvinia,e_volga-ural,false,,867,CK3 00_landed_titles.txt
b_paykend,c_firabr,d_soghd,k_transoxiana,e_turan,true,first_barony_in_county_block,867,CK3 00_landed_titles.txt
b_paytakaran,c_mugan,d_shirvan,k_daylam,e_persia,true,first_barony_in_county_block,867,CK3 00_landed_titles.txt
b_pazin,c_pula,d_istria,k_italy,e_italy,false,,867,CK3 00_landed_titles.txt
b_peaccam,c_inari,d_giemajohka,k_sapmi,e_scandinavia,false,,867,CK3 00_landed_titles.txt
b_pec,c_hvosno,d_rashka,k_serbia,e_byzantium,false,,867,CK3 00_landed_titles.txt
b_pecheneg,c_pecheneg,d_pecheneg,k_caspian_steppe,e_caspian-pontic_steppe,true,first_barony_in_county_block,867,CK3 00_landed_titles.txt
b_pecs,c_baranya,d_somogy,k_hungary,e_carpathia,false,,867,CK3 00_landed_titles.txt
b_pecsen,c_nyitra,d_nyitra,k_hungary,e_carpathia,false,,867,CK3 00_landed_titles.txt
b_pedachtoe,c_sebasteia,d_sebasteia,k_pontus,e_byzantium,false,,867,CK3 00_landed_titles.txt
b_pedersore,c_pedersore,d_pohjanmaa,k_finland,e_scandinavia,true,first_barony_in_county_block,867,CK3 00_landed_titles.txt
b_pedroche,c_cordoba,d_cordoba,k_andalusia,e_spain,false,,867,CK3 00_landed_titles.txt
b_peiting,c_alpsee,d_augsburg,k_bavaria,e_germany,false,,867,CK3 00_landed_titles.txt
b_pekinga,c_dendi,d_dendi,k_songhay,e_mali,false,,867,CK3 00_landed_titles.txt
b_peldojavri,c_suondavara,d_duortnoseatnu,k_sapmi,e_scandinavia,false,,867,CK3 00_landed_titles.txt
b_peliza,c_ter,d_guoldat,k_sapmi,e_scandinavia,false,,867,CK3 00_landed_titles.txt
b_pelsina,c_kirillov,d_chudia,k_bjarmaland,e_russia,false,,867,CK3 00_landed_titles.txt
b_pelym,c_pelym,d_pelym,k_yugra,e_siberia,true,first_barony_in_county_block,867,CK3 00_landed_titles.txt
b_pelyul,c_pelyul,d_dege,k_kham,e_tibet,true,first_barony_in_county_block,867,CK3 00_landed_titles.txt
b_pemagatsel,c_kurmaed,d_bumthang,k_lhomon,e_tibet,false,,867,CK3 00_landed_titles.txt
b_pemba_island_ras_mkumbuu,c_pemba,d_zanzibar,k_zanj,e_azania,false,,867,CK3 00_landed_titles.txt
b_pemba_island_tumbe,c_pemba,d_zanzibar,k_zanj,e_azania,true,first_barony_in_county_block,867,CK3 00_landed_titles.txt
b_pembroke,c_pembrokeshire,d_deheubarth,k_wales,e_britannia,true,first_barony_in_county_block,867,CK3 00_landed_titles.txt
b_penchi,c_zhongba,d_purang,k_guge,e_tibet,false,,867,CK3 00_landed_titles.txt
b_penicuick,c_lothian,d_lothian,k_scotland,e_britannia,false,,867,CK3 00_landed_titles.txt
b_penne,c_ter,d_guoldat,k_sapmi,e_scandinavia,false,,867,CK3 00_landed_titles.txt
b_pentenga,c_biun,d_lower_gurma,k_gurma,e_mali,false,,867,CK3 00_landed_titles.txt
b_penugonda,c_penugonda,d_tondai_nadu,k_tamilakam,e_deccan,true,first_barony_in_county_block,867,CK3 00_landed_titles.txt
b_penza,c_penza,d_chuvashia,k_mordvinia,e_volga-ural,true,first_barony_in_county_block,867,CK3 00_landed_titles.txt
b_pepel,c_kasa,d_kasa,k_kaabu,e_mali,false,,867,CK3 00_landed_titles.txt
b_perasku,c_taskyl,d_ala_tau,k_ob,e_siberia,false,,867,CK3 00_landed_titles.txt
b_perche,c_chartres,d_orleans,k_france,e_france,false,,867,CK3 00_landed_titles.txt
b_perekop,c_perekop,d_crimea,k_pontic_steppe,e_caspian-pontic_steppe,false,,867,CK3 00_landed_titles.txt
b_peremyshl,c_peremyshl,d_cherven_cities,k_galicia-volhynia,e_west_slavia,true,first_barony_in_county_block,867,CK3 00_landed_titles.txt
b_peresopnytsia,c_peresopnytsia,d_volhynia,k_galicia-volhynia,e_west_slavia,true,first_barony_in_county_block,867,CK3 00_landed_titles.txt
b_pereyaslavl,c_pereyaslavl,d_pereyaslavl,k_ruthenia,e_russia,true,first_barony_in_county_block,867,CK3 00_landed_titles.txt
b_pereyaslavl_ryazanski,c_ryazan,d_ryazan,k_opolye,e_russia,false,,867,CK3 00_landed_titles.txt
b_pereyaslavl_zalessky,c_suzdal,d_opolye,k_opolye,e_russia,false,,867,CK3 00_landed_titles.txt
b_pergamon,c_aeolis,d_ephese,k_nikaea,e_byzantium,false,,867,CK3 00_landed_titles.txt
b_perigueux,c_perigord,d_aquitaine,k_aquitaine,e_france,true,first_barony_in_county_block,867,CK3 00_landed_titles.txt
b_perm,c_perm,d_perm,k_permia,e_volga-ural,true,first_barony_in_county_block,867,CK3 00_landed_titles.txt
b_perma,c_kuisugu,d_mamprusi,k_gur,e_guinea,false,,867,CK3 00_landed_titles.txt
b_pernik,c_sredets,d_turnovo,k_bulgaria,e_byzantium,false,,867,CK3 00_landed_titles.txt
b_peronne,c_amiens,d_valois,k_france,e_france,false,,867,CK3 00_landed_titles.txt
b_perpignan,c_rossello,d_barcelona,k_aragon,e_spain,true,first_barony_in_county_block,867,CK3 00_landed_titles.txt
b_pertominsk,c_kholmogory,d_biarmia,k_bjarmaland,e_russia,false,,867,CK3 00_landed_titles.txt
b_perugia,c_orvieto,d_spoleto,k_romagna,e_italy,false,,867,CK3 00_landed_titles.txt
b_pervomaisk,c_cherkassy,d_yedisan,k_pontic_steppe,e_caspian-pontic_steppe,false,,867,CK3 00_landed_titles.txt
b_pesaro,c_urbino,d_ancona,k_romagna,e_italy,false,,867,CK3 00_landed_titles.txt
b_peschanka,c_atkarsk,d_chuvashia,k_mordvinia,e_volga-ural,false,,867,CK3 00_landed_titles.txt
b_peshkopi,c_debar,d_dyrrachion,k_epirus,e_byzantium,false,,867,CK3 00_landed_titles.txt
b_pessinus,c_phrygia,d_opsikion,k_nikaea,e_byzantium,false,,867,CK3 00_landed_titles.txt
b_pest,c_visegrad,d_visegrad,k_hungary,e_carpathia,false,,867,CK3 00_landed_titles.txt
b_peterborough,c_northamptonshire,d_hereford,k_england,e_britannia,false,,867,CK3 00_landed_titles.txt
b_peterhead,c_buchan,d_moray,k_scotland,e_britannia,false,,867,CK3 00_landed_titles.txt
b_petigoria,c_cabardinia,d_alania,k_caucasus,e_caspian-pontic_steppe,false,,867,CK3 00_landed_titles.txt
b_petra,c_acampse,d_tao-klarjeti,k_georgia,e_byzantium,false,,867,CK3 00_landed_titles.txt
b_petropavl,c_petropavl,d_tobol-ishim,k_qara_dala,e_tartaria,true,first_barony_in_county_block,867,CK3 00_landed_titles.txt
b_petropavolsk,c_petropavolsk,d_tara,k_sibir,e_siberia,true,first_barony_in_county_block,867,CK3 00_landed_titles.txt
b_petrovsk,c_petrovsk,d_chuvashia,k_mordvinia,e_volga-ural,true,first_barony_in_county_block,867,CK3 00_landed_titles.txt
b_petrus,c_vidin,d_vidin,k_bulgaria,e_byzantium,false,,867,CK3 00_landed_titles.txt
b_phalavardhika,c_ludrava,d_stravani,k_rajputana,e_rajastan,false,,867,CK3 00_landed_titles.txt
b_phalia,c_bhera,d_lahore,k_punjab,e_rajastan,false,,867,CK3 00_landed_titles.txt
b_pharsalos,c_thessaliotis,d_thessaly,k_thessalonika,e_byzantium,false,,867,CK3 00_landed_titles.txt
b_phaselis,c_lycia,d_cibyrrhaeot,k_anatolia,e_byzantium,false,,867,CK3 00_landed_titles.txt
b_philadelphia,c_lydia,d_thracesia,k_nikaea,e_byzantium,true,first_barony_in_county_block,867,CK3 00_landed_titles.txt
b_philippopolis,c_philippopolis,d_philippopolis,k_bulgaria,e_byzantium,true,first_barony_in_county_block,867,CK3 00_landed_titles.txt
b_philomelium,c_philomelium,d_anatolia,k_anatolia,e_byzantium,true,first_barony_in_county_block,867,CK3 00_landed_titles.txt
b_phocaea,c_aeolis,d_ephese,k_nikaea,e_byzantium,true,first_barony_in_county_block,867,CK3 00_landed_titles.txt
b_piacenza,c_parma,d_lombardia,k_italy,e_italy,false,,867,CK3 00_landed_titles.txt
b_piatra_neamnt,c_neamnt,d_bukovina,k_moldavia,e_carpathia,true,first_barony_in_county_block,867,CK3 00_landed_titles.txt
b_pielinen,c_pielinen,d_savo,k_finland,e_scandinavia,true,first_barony_in_county_block,867,CK3 00_landed_titles.txt
b_pikalyovo,c_tikhvin,d_vepsia,k_novgorod,e_russia,false,,867,CK3 00_landed_titles.txt
b_pila,c_pila,d_pommerania,k_pomerania,e_wendish_empire,false,,867,CK3 00_landed_titles.txt
b_piltene,c_vanemane,d_courland,k_lithuania,e_wendish_empire,true,first_barony_in_county_block,867,CK3 00_landed_titles.txt
b_pilu,c_beshbalik,d_beshbalik,k_dzungaria,e_tartaria,false,,867,CK3 00_landed_titles.txt
b_pilzno,c_sacz,d_lesser_poland,k_poland,e_west_slavia,false,,867,CK3 00_landed_titles.txt
b_pimolisa,c_euchaita,d_armeniac,k_pontus,e_byzantium,false,,867,CK3 00_landed_titles.txt
b_pinerolo,c_canavese,d_savoie,k_burgundy,e_france,false,,867,CK3 00_landed_titles.txt
b_pingzhou,c_lnj_liaoxi,d_liaoxi,k_raole,e_andong,false,,867,CK3 00_landed_titles.txt
b_pinsk,c_pinsk,d_pinsk,k_white_rus,e_russia,true,first_barony_in_county_block,867,CK3 00_landed_titles.txt
b_piombino,c_pisa,d_pisa,k_italy,e_italy,false,,867,CK3 00_landed_titles.txt
b_pior,c_menas,d_menas,k_aynumosir,e_amur,true,first_barony_in_county_block,867,CK3 00_landed_titles.txt
b_piotrkow,c_sieradzka,d_kuyavia,k_poland,e_west_slavia,false,,867,CK3 00_landed_titles.txt
b_piran,c_pula,d_istria,k_italy,e_italy,false,,867,CK3 00_landed_titles.txt
b_pirkkala,c_satakunta,d_finland,k_finland,e_scandinavia,false,,867,CK3 00_landed_titles.txt
b_pirmasens,c_speyer,d_west_franconia,k_east_francia,e_germany,false,,867,CK3 00_landed_titles.txt
b_pirot,c_naissus,d_bulgaria,k_bulgaria,e_byzantium,false,,867,CK3 00_landed_titles.txt
b_pisa,c_pisa,d_pisa,k_italy,e_italy,true,first_barony_in_county_block,867,CK3 00_landed_titles.txt
b_pisek,c_plzen,d_bohemia,k_bohemia,e_west_slavia,false,,867,CK3 00_landed_titles.txt
b_pishkek,c_balashagun,d_talas_alatau,k_syr_darya,e_turan,false,,867,CK3 00_landed_titles.txt
b_pistorja,c_lucca,d_toscana,k_italy,e_italy,false,,867,CK3 00_landed_titles.txt
b_pitesti,c_campulung,d_transylvanian_alps,k_dacia,e_carpathia,false,,867,CK3 00_landed_titles.txt
b_pithapuram,c_mosala,d_vengi,k_andhra,e_deccan,true,first_barony_in_county_block,867,CK3 00_landed_titles.txt
b_pitten,c_pitten,d_steyermark,k_bavaria,e_germany,true,first_barony_in_county_block,867,CK3 00_landed_titles.txt
b_platamon,c_thessalia,d_thessaly,k_thessalonika,e_byzantium,false,,867,CK3 00_landed_titles.txt
b_plauen,c_vogtland,d_meissen,k_sorbia,e_west_slavia,false,,867,CK3 00_landed_titles.txt
b_plav,c_duklja,d_duklja,k_serbia,e_byzantium,false,,867,CK3 00_landed_titles.txt
b_plavitza,c_matya,d_tambov,k_mordvinia,e_volga-ural,false,,867,CK3 00_landed_titles.txt
b_pliven,c_nikopolis,d_turnovo,k_bulgaria,e_byzantium,false,,867,CK3 00_landed_titles.txt
b_plock,c_plocka,d_mazovia,k_poland,e_west_slavia,true,first_barony_in_county_block,867,CK3 00_landed_titles.txt
b_ploiesti,c_buzau,d_muntenia,k_dacia,e_carpathia,false,,867,CK3 00_landed_titles.txt
b_plyos,c_plyos,d_nizhny_novgorod,k_opolye,e_russia,true,first_barony_in_county_block,867,CK3 00_landed_titles.txt
b_plzen,c_plzen,d_bohemia,k_bohemia,e_west_slavia,true,first_barony_in_county_block,867,CK3 00_landed_titles.txt
b_po,c_po,d_wagadugu,k_gur,e_guinea,true,first_barony_in_county_block,867,CK3 00_landed_titles.txt
b_pockington,c_east_riding,d_york,k_england,e_britannia,true,first_barony_in_county_block,867,CK3 00_landed_titles.txt
b_podandus,c_cilicia,d_cilicia,k_anatolia,e_byzantium,false,,867,CK3 00_landed_titles.txt
b_podgornye,c_millerovo,d_don_valley,k_pontic_steppe,e_caspian-pontic_steppe,false,,867,CK3 00_landed_titles.txt
b_podor,c_podor,d_takrur,k_takrur,e_mali,true,first_barony_in_county_block,867,CK3 00_landed_titles.txt
b_podporozhye,c_vyangi,d_vepsia,k_novgorod,e_russia,false,,867,CK3 00_landed_titles.txt
b_podujevo,c_hvosno,d_rashka,k_serbia,e_byzantium,false,,867,CK3 00_landed_titles.txt
b_pogibi,c_pogibi,d_sahaliyan,k_aynumosir,e_amur,true,first_barony_in_county_block,867,CK3 00_landed_titles.txt
b_poimanenon,c_mysia,d_opsikion,k_nikaea,e_byzantium,false,,867,CK3 00_landed_titles.txt
b_poitiers,c_poitiers,d_poitou,k_aquitaine,e_france,true,first_barony_in_county_block,867,CK3 00_landed_titles.txt
b_pokhnishne,c_samar_VB,d_volga_bulgaria,k_volga_bulgaria,e_volga-ural,false,,867,CK3 00_landed_titles.txt
b_pokrovsk,c_lozova,d_levedia,k_pontic_steppe,e_caspian-pontic_steppe,false,,867,CK3 00_landed_titles.txt
b_polavaram,c_vengipura,d_vengi,k_andhra,e_deccan,false,,867,CK3 00_landed_titles.txt
b_pole,c_onega_BJA,d_biarmia,k_bjarmaland,e_russia,false,,867,CK3 00_landed_titles.txt
b_polemonium,c_cerasus,d_chaldia,k_pontus,e_byzantium,false,,867,CK3 00_landed_titles.txt
b_policastro,c_salerno,d_salerno,k_sicily,e_byzantium,false,,867,CK3 00_landed_titles.txt
b_polonnaruwa,c_trincomalee,d_sinhala,k_lanka,e_deccan,true,first_barony_in_county_block,867,CK3 00_landed_titles.txt
b_polotsk,c_polotsk,d_polotsk,k_white_rus,e_russia,true,first_barony_in_county_block,867,CK3 00_landed_titles.txt
b_polovragi,c_polovragi,d_transylvanian_alps,k_dacia,e_carpathia,true,first_barony_in_county_block,867,CK3 00_landed_titles.txt
b_poltava,c_hradyzk,d_pereyaslavl,k_ruthenia,e_russia,false,,867,CK3 00_landed_titles.txt
b_poltsamaa,c_narva,d_esthonia,k_esthonia,e_wendish_empire,false,,867,CK3 00_landed_titles.txt
b_polybotus,c_galatia_salutaris,d_anatolia,k_anatolia,e_byzantium,true,first_barony_in_county_block,867,CK3 00_landed_titles.txt
b_polygyros,c_chalkidike,d_thessalonika,k_thessalonika,e_byzantium,true,first_barony_in_county_block,867,CK3 00_landed_titles.txt
b_pombia,c_como,d_lombardia,k_italy,e_italy,false,,867,CK3 00_landed_titles.txt
b_pompeiopolis,c_pompeiopolis,d_paphlagonia,k_pontus,e_byzantium,true,first_barony_in_county_block,867,CK3 00_landed_titles.txt
b_pomposa,c_ferrara,d_romagna,k_romagna,e_italy,false,,867,CK3 00_landed_titles.txt
b_pondugala,c_nallamala,d_udayagiri,k_andhra,e_deccan,false,,867,CK3 00_landed_titles.txt
b_ponferrada,c_astorga,d_galicia,k_spanish_galicia,e_spain,false,,867,CK3 00_landed_titles.txt
b_pontarlier,c_neuchatel,d_transjurania,k_burgundy,e_france,false,,867,CK3 00_landed_titles.txt
b_pontukes,c_kusunkotan,d_sahaliyan,k_aynumosir,e_amur,false,,867,CK3 00_landed_titles.txt
b_poo,c_kamru,d_kinnaur,k_guge,e_tibet,false,,867,CK3 00_landed_titles.txt
b_poole,c_dorset,d_somerset,k_england,e_britannia,false,,867,CK3 00_landed_titles.txt
b_poperech,c_aley,d_aley,k_ob,e_siberia,false,,867,CK3 00_landed_titles.txt
b_por_bajin,c_arzhan,d_togina,k_tuva,e_mongolia,false,,867,CK3 00_landed_titles.txt
b_pordenone,c_friuli,d_friuli,k_italy,e_italy,false,,867,CK3 00_landed_titles.txt
b_porhoet,c_vannes,d_brittany,k_brittany,e_france,false,,867,CK3 00_landed_titles.txt
b_porkhov,c_rusa,d_novgorod,k_novgorod,e_russia,false,,867,CK3 00_landed_titles.txt
b_porrentruy,c_sundgau,d_alsace,k_east_francia,e_germany,false,,867,CK3 00_landed_titles.txt
b_porsu-burun,c_mangyshlak,d_transcaspiana,k_oghuz_il,e_turan,false,,867,CK3 00_landed_titles.txt
b_porto,c_porto,d_porto,k_portugal,e_spain,true,first_barony_in_county_block,867,CK3 00_landed_titles.txt
b_porto_torres,c_logudoro,d_sardinia,k_sardinia,e_italy,false,,867,CK3 00_landed_titles.txt
b_portogruaro,c_friuli,d_friuli,k_italy,e_italy,false,,867,CK3 00_landed_titles.txt
b_portsmouth,c_hampton,d_somerset,k_england,e_britannia,false,,867,CK3 00_landed_titles.txt
b_porvoo,c_nyland,d_finland,k_finland,e_scandinavia,true,first_barony_in_county_block,867,CK3 00_landed_titles.txt
b_poszony,c_poszony,d_nyitra,k_hungary,e_carpathia,true,first_barony_in_county_block,867,CK3 00_landed_titles.txt
b_potala,c_lhasa,d_lhasa,k_u,e_tibet,true,first_barony_in_county_block,867,CK3 00_landed_titles.txt
b_potamuskastel,c_burgas,d_philippopolis,k_bulgaria,e_byzantium,false,,867,CK3 00_landed_titles.txt
b_potapi,c_nellore,d_tondai_nadu,k_tamilakam,e_deccan,false,,867,CK3 00_landed_titles.txt
b_potenza,c_salerno,d_salerno,k_sicily,e_byzantium,false,,867,CK3 00_landed_titles.txt
b_poti,c_guria,d_abkhazia,k_georgia,e_byzantium,false,,867,CK3 00_landed_titles.txt
b_potsdam,c_brandenburg,d_ostmark,k_pomerania,e_wendish_empire,false,,867,CK3 00_landed_titles.txt
b_pougues_les_eaux,c_nevers,d_burgundy,k_france,e_france,false,,867,CK3 00_landed_titles.txt
b_povenets,c_povenets,d_biarmia,k_bjarmaland,e_russia,true,first_barony_in_county_block,867,CK3 00_landed_titles.txt
b_pozega,c_pozega,d_slavonia,k_croatia,e_byzantium,true,first_barony_in_county_block,867,CK3 00_landed_titles.txt
b_poznan,c_poznanska,d_wielkopolska,k_poland,e_west_slavia,true,first_barony_in_county_block,867,CK3 00_landed_titles.txt
b_prachen,c_plzen,d_bohemia,k_bohemia,e_west_slavia,false,,867,CK3 00_landed_titles.txt
b_prades,c_lleida,d_barcelona,k_aragon,e_spain,false,,867,CK3 00_landed_titles.txt
b_prades_rossello,c_rossello,d_barcelona,k_aragon,e_spain,false,,867,CK3 00_landed_titles.txt
b_pragyotisapura,c_kamarupanagara,d_kamarupanagara,k_kamarupa,e_bengal,false,,867,CK3 00_landed_titles.txt
b_praha,c_praha,d_bohemia,k_bohemia,e_west_slavia,true,first_barony_in_county_block,867,CK3 00_landed_titles.txt
b_pranala,c_kolhapur,d_rattapadi,k_maharastra,e_deccan,false,,867,CK3 00_landed_titles.txt
b_prang,c_bono,d_brong,k_akan,e_guinea,false,,867,CK3 00_landed_titles.txt
b_pratishthana,c_mulaka,d_devagiri,k_maharastra,e_deccan,true,first_barony_in_county_block,867,CK3 00_landed_titles.txt
b_prato,c_lucca,d_toscana,k_italy,e_italy,false,,867,CK3 00_landed_titles.txt
b_pravia,c_pravia,d_asturias,k_leon,e_spain,true,first_barony_in_county_block,867,CK3 00_landed_titles.txt
b_prayaga,c_prayaga,d_kanyakubja,k_kosala,e_rajastan,true,first_barony_in_county_block,867,CK3 00_landed_titles.txt
b_prechistenskaya,c_kumertau,d_bugurslan,k_volga_bulgaria,e_volga-ural,false,,867,CK3 00_landed_titles.txt
b_prenzlau,c_prenzlau,d_ostmark,k_pomerania,e_wendish_empire,true,first_barony_in_county_block,867,CK3 00_landed_titles.txt
b_prerov,c_prerov,d_moravia,k_bohemia,e_west_slavia,true,first_barony_in_county_block,867,CK3 00_landed_titles.txt
b_preslav,c_dorostorum,d_turnovo,k_bulgaria,e_byzantium,true,first_barony_in_county_block,867,CK3 00_landed_titles.txt
b_prigoro_tabynsk,c_prigoro_tabynsk,d_bashkiria,k_bashkiria,e_volga-ural,true,first_barony_in_county_block,867,CK3 00_landed_titles.txt
b_prijepolje,c_podrinje,d_rashka,k_serbia,e_byzantium,false,,867,CK3 00_landed_titles.txt
b_prilep,c_skopje,d_bulgaria,k_bulgaria,e_byzantium,false,,867,CK3 00_landed_titles.txt
b_priluk,c_pereyaslavl,d_pereyaslavl,k_ruthenia,e_russia,false,,867,CK3 00_landed_titles.txt
b_primda,c_plzen,d_bohemia,k_bohemia,e_west_slavia,false,,867,CK3 00_landed_titles.txt
b_pristina,c_hvosno,d_rashka,k_serbia,e_byzantium,true,first_barony_in_county_block,867,CK3 00_landed_titles.txt
b_prizren,c_hvosno,d_rashka,k_serbia,e_byzantium,false,,867,CK3 00_landed_titles.txt
b_prokuplje,c_sumadija,d_rashka,k_serbia,e_byzantium,false,,867,CK3 00_landed_titles.txt
b_pronsk,c_tula,d_ryazan,k_opolye,e_russia,false,,867,CK3 00_landed_titles.txt
b_prosek,c_strumica,d_bulgaria,k_bulgaria,e_byzantium,false,,867,CK3 00_landed_titles.txt
b_prousos,c_aetolia,d_epirus,k_epirus,e_byzantium,false,,867,CK3 00_landed_titles.txt
b_provadiya,c_aytos,d_turnovo,k_bulgaria,e_byzantium,false,,867,CK3 00_landed_titles.txt
b_provins,c_coulommiers,d_champagne,k_france,e_france,true,first_barony_in_county_block,867,CK3 00_landed_titles.txt
b_prozor,c_rama,d_bosna,k_croatia,e_byzantium,false,,867,CK3 00_landed_titles.txt
b_prum,c_aachen,d_julich,k_lotharingia,e_germany,false,,867,CK3 00_landed_titles.txt
b_prusa,c_prusa,d_opsikion,k_nikaea,e_byzantium,true,first_barony_in_county_block,867,CK3 00_landed_titles.txt
b_prusias_ad_hypium,c_tarsos,d_optimatoi,k_nikaea,e_byzantium,false,,867,CK3 00_landed_titles.txt
b_przedborz,c_sieradzka,d_kuyavia,k_poland,e_west_slavia,false,,867,CK3 00_landed_titles.txt
b_przemkow,c_przemkow,d_lower_silesia,k_poland,e_west_slavia,true,first_barony_in_county_block,867,CK3 00_landed_titles.txt
b_pset,c_pset,d_bosna,k_croatia,e_byzantium,false,,867,CK3 00_landed_titles.txt
b_pskov,c_pskov,d_novgorod,k_novgorod,e_russia,true,first_barony_in_county_block,867,CK3 00_landed_titles.txt
b_pteria,c_euchaita,d_armeniac,k_pontus,e_byzantium,false,,867,CK3 00_landed_titles.txt
b_pudozh,c_pudozh,d_biarmia,k_bjarmaland,e_russia,true,first_barony_in_county_block,867,CK3 00_landed_titles.txt
b_puget,c_nice,d_provence,k_burgundy,e_france,false,,867,CK3 00_landed_titles.txt
b_puho,c_trenscen,d_nyitra,k_hungary,e_carpathia,false,,867,CK3 00_landed_titles.txt
b_puigcerda,c_puigcerda,d_barcelona,k_aragon,e_spain,true,first_barony_in_county_block,867,CK3 00_landed_titles.txt
b_pukpa,c_baingoin,d_nagchu,k_u,e_tibet,true,first_barony_in_county_block,867,CK3 00_landed_titles.txt
b_pul,c_sibi,d_bhakkar,k_sindh,e_rajastan,false,,867,CK3 00_landed_titles.txt
b_pula,c_pula,d_istria,k_italy,e_italy,true,first_barony_in_county_block,867,CK3 00_landed_titles.txt
b_pulei,c_barkul,d_kara_khoja,k_dzungaria,e_tartaria,false,,867,CK3 00_landed_titles.txt
b_punakha,c_punakha,d_paro,k_lhomon,e_tibet,true,first_barony_in_county_block,867,CK3 00_landed_titles.txt
b_pundarika,c_karahataka,d_rattapadi,k_maharastra,e_deccan,false,,867,CK3 00_landed_titles.txt
b_pundravardhana,c_pundravardhana,d_varendra,k_bengal,e_bengal,true,first_barony_in_county_block,867,CK3 00_landed_titles.txt
b_puolanka,c_oulu,d_pohjanmaa,k_finland,e_scandinavia,false,,867,CK3 00_landed_titles.txt
b_pura,c_lobi,d_lobi,k_kong,e_guinea,false,,867,CK3 00_landed_titles.txt
b_puri,c_puri,d_kalinga,k_orissa,e_bengal,true,first_barony_in_county_block,867,CK3 00_landed_titles.txt
b_purig,c_purig,d_zanskar,k_maryul,e_tibet,true,first_barony_in_county_block,867,CK3 00_landed_titles.txt
b_purnagiri,c_naldurg,d_rattapadi,k_maharastra,e_deccan,false,,867,CK3 00_landed_titles.txt
b_purnatallakapura,c_medantaka,d_maru,k_rajputana,e_rajastan,false,,867,CK3 00_landed_titles.txt
b_purushapura,c_purushapura,d_gandhara,k_punjab,e_rajastan,true,first_barony_in_county_block,867,CK3 00_landed_titles.txt
b_pushang,c_bakharz,d_herat,k_khorasan,e_persia,false,,867,CK3 00_landed_titles.txt
b_pushkar,c_ajayameru,d_ajmer,k_rajputana,e_rajastan,false,,867,CK3 00_landed_titles.txt
b_pushkin,c_novgorod,d_novgorod,k_novgorod,e_russia,false,,867,CK3 00_landed_titles.txt
b_puspagiri,c_renandu,d_tondai_nadu,k_tamilakam,e_deccan,false,,867,CK3 00_landed_titles.txt
b_pusuga,c_mamprusi,d_mamprusi,k_gur,e_guinea,false,,867,CK3 00_landed_titles.txt
b_puttalam,c_kotte,d_sinhala,k_lanka,e_deccan,true,first_barony_in_county_block,867,CK3 00_landed_titles.txt
b_puttlingen,c_puttlingen,d_upper_lorraine,k_lotharingia,e_germany,true,first_barony_in_county_block,867,CK3 00_landed_titles.txt
b_putu,c_grebo,d_wenyon,k_guinea,e_guinea,false,,867,CK3 00_landed_titles.txt
b_putyvl,c_putyvl,d_chernigov,k_ruthenia,e_russia,true,first_barony_in_county_block,867,CK3 00_landed_titles.txt
b_pyzdry,c_gnieznienska,d_wielkopolska,k_poland,e_west_slavia,false,,867,CK3 00_landed_titles.txt
b_qabqa,c_gerqen,d_tuyuhun,k_amdo,e_tibet,true,first_barony_in_county_block,867,CK3 00_landed_titles.txt
b_qabr_salih,c_hadramawt,d_hadramawt,k_yemen,e_arabia,false,,867,CK3 00_landed_titles.txt
b_qafsa,c_west_qamuda,d_kairouan,k_africa,e_maghreb,false,,867,CK3 00_landed_titles.txt
b_qagcheng,c_batang,d_batang,k_kham,e_tibet,false,,867,CK3 00_landed_titles.txt
b_qaidam,c_lenghu,d_nagormo,k_amdo,e_tibet,false,,867,CK3 00_landed_titles.txt
b_qain,c_qain,d_kohestan,k_khorasan,e_persia,true,first_barony_in_county_block,867,CK3 00_landed_titles.txt
b_qalaa_bhammad,c_satif,d_bejaia,k_tahert,e_maghreb,false,,867,CK3 00_landed_titles.txt
b_qalaa_bhuwara,c_yalala,d_tahert,k_tahert,e_maghreb,false,,867,CK3 00_landed_titles.txt
b_qalaa_bsalama,c_tahert,d_tahert,k_tahert,e_maghreb,false,,867,CK3 00_landed_titles.txt
b_qalaafe,c_qalaafe,d_west_ajuraan,k_ajuraan,e_azania,true,first_barony_in_county_block,867,CK3 00_landed_titles.txt
b_qalama,c_annaba,d_kroumerie,k_africa,e_maghreb,false,,867,CK3 00_landed_titles.txt
b_qalat_ar-rum,c_marash,d_edessa,k_syria,e_arabia,false,,867,CK3 00_landed_titles.txt
b_qalat_jundi,c_sinai,d_sinai,k_egypt,e_arabia,false,,867,CK3 00_landed_titles.txt
b_qalhat,c_muscat,d_oman,k_arabia,e_arabia,false,,867,CK3 00_landed_titles.txt
b_qalyub,c_sharkiya,d_delta,k_egypt,e_arabia,false,,867,CK3 00_landed_titles.txt
b_qamdo,c_qamdo,d_qamdo,k_kham,e_tibet,true,first_barony_in_county_block,867,CK3 00_landed_titles.txt
b_qanbali,c_khawr,d_makran,k_makran,e_persia,false,,867,CK3 00_landed_titles.txt
b_qandabil,c_turan,d_makran,k_makran,e_persia,false,,867,CK3 00_landed_titles.txt
b_qandahar,c_rukhaj,d_zabulistan,k_kabulistan,e_persia,false,,867,CK3 00_landed_titles.txt
b_qandhar,c_ashmaka,d_rattapadi,k_maharastra,e_deccan,false,,867,CK3 00_landed_titles.txt
b_qangma,c_nagchu,d_nagchu,k_u,e_tibet,false,,867,CK3 00_landed_titles.txt
b_qantarat_kirman,c_sanij,d_makran,k_makran,e_persia,false,,867,CK3 00_landed_titles.txt
b_qapugtang,c_zadoi,d_zadoi,k_amdo,e_tibet,true,first_barony_in_county_block,867,CK3 00_landed_titles.txt
b_qara,c_siwa,d_alexandria,k_egypt,e_arabia,false,,867,CK3 00_landed_titles.txt
b_qarinayn,c_marvarrud,d_merv,k_khorasan,e_persia,false,,867,CK3 00_landed_titles.txt
b_qarnin,c_zaranj,d_sistan,k_makran,e_persia,false,,867,CK3 00_landed_titles.txt
b_qarqisiya,c_khabur,d_diyarrabia,k_jazira,e_persia,false,,867,CK3 00_landed_titles.txt
b_qartajana,c_tunis,d_tunis,k_africa,e_maghreb,false,,867,CK3 00_landed_titles.txt
b_qaryat-al-asad,c_shahre-babak,d_yazd,k_persia,e_persia,false,,867,CK3 00_landed_titles.txt
b_qashan,c_ardestan,d_isfahan,k_persia,e_persia,true,first_barony_in_county_block,867,CK3 00_landed_titles.txt
b_qasr-al-adi,c_falaj,d_yamama,k_arabia,e_arabia,false,,867,CK3 00_landed_titles.txt
b_qasr-al-ifriqi,c_constantine,d_kroumerie,k_africa,e_maghreb,false,,867,CK3 00_landed_titles.txt
b_qasr-ibn-sinan,c_tlemcen,d_tlemcen,k_tahert,e_maghreb,false,,867,CK3 00_landed_titles.txt
b_qasr_ash-shams,c_sullum,d_alexandria,k_egypt,e_arabia,false,,867,CK3 00_landed_titles.txt
b_qasr_at-tuba,c_jilat,d_amman,k_arabia,e_arabia,false,,867,CK3 00_landed_titles.txt
b_qasr_ibrim,c_qasr_ibrim,d_nobatia,k_nubia,e_abyssinia,true,first_barony_in_county_block,867,CK3 00_landed_titles.txt
b_qasran,c_rayy,d_rayy,k_persia,e_persia,false,,867,CK3 00_landed_titles.txt
b_qataa,c_qataa,d_baqlin,k_blemmyia,e_abyssinia,true,first_barony_in_county_block,867,CK3 00_landed_titles.txt
b_qatwan,c_samarkand,d_soghd,k_transoxiana,e_turan,false,,867,CK3 00_landed_titles.txt
b_qayaliq,c_qayaliq,d_zhetysu,k_zhetysu,e_tartaria,true,first_barony_in_county_block,867,CK3 00_landed_titles.txt
b_qazvin,c_qazwin,d_daylam,k_daylam,e_persia,true,first_barony_in_county_block,867,CK3 00_landed_titles.txt
b_qewa,c_nyemo,d_lhasa,k_u,e_tibet,false,,867,CK3 00_landed_titles.txt
b_qiha,c_intarta,d_aksum,k_abyssinia,e_abyssinia,false,,867,CK3 00_landed_titles.txt
b_qimr,c_qimr,d_west_darfur,k_darfur,e_kanem_bornu,false,,867,CK3 00_landed_titles.txt
b_qina,c_qus,d_al-said,k_egypt,e_arabia,false,,867,CK3 00_landed_titles.txt
b_qinggil,c_qinggil,d_altay,k_dzungaria,e_tartaria,true,first_barony_in_county_block,867,CK3 00_landed_titles.txt
b_qingtu,c_xaitongmoin,d_ngamring,k_tsang,e_tibet,false,,867,CK3 00_landed_titles.txt
b_qinnasrin,c_qinnasrin,d_aleppo,k_syria,e_arabia,true,first_barony_in_county_block,867,CK3 00_landed_titles.txt
b_qiqan,c_turan,d_makran,k_makran,e_persia,false,,867,CK3 00_landed_titles.txt
b_qizhu,c_dengqen,d_qamdo,k_kham,e_tibet,false,,867,CK3 00_landed_titles.txt
b_qobadiyan,c_wakhsh,d_khuttal,k_transoxiana,e_turan,false,,867,CK3 00_landed_titles.txt
b_qohaito,c_intarta,d_aksum,k_abyssinia,e_abyssinia,false,,867,CK3 00_landed_titles.txt
b_qom,c_qom,d_rayy,k_persia,e_persia,true,first_barony_in_county_block,867,CK3 00_landed_titles.txt
b_qoshagyl,c_qoshagyl,d_jemba,k_oghuz_il,e_turan,true,first_barony_in_county_block,867,CK3 00_landed_titles.txt
b_qualnsiyah,c_socotra,d_socotra,k_yemen,e_arabia,false,,867,CK3 00_landed_titles.txt
b_quba,c_nasaiya,d_ferghana,k_transoxiana,e_turan,false,,867,CK3 00_landed_titles.txt
b_queensferry,c_linlithgowshire,d_lothian,k_scotland,e_britannia,false,,867,CK3 00_landed_titles.txt
b_quemoco,c_dangla,d_amdo,k_amdo,e_tibet,false,,867,CK3 00_landed_titles.txt
b_quercy,c_quercy,d_toulouse,k_aquitaine,e_france,true,first_barony_in_county_block,867,CK3 00_landed_titles.txt
b_quesada,c_granada,d_granada,k_andalusia,e_spain,false,,867,CK3 00_landed_titles.txt
b_quimper,c_cornouaille,d_brittany,k_brittany,e_france,true,first_barony_in_county_block,867,CK3 00_landed_titles.txt
b_quingey,c_dole,d_upper_burgundy,k_burgundy,e_france,false,,867,CK3 00_landed_titles.txt
b_quintanar,c_mora,d_toledo,k_andalusia,e_spain,false,,867,CK3 00_landed_titles.txt
b_qulb,c_bakriya,d_diyarbakr,k_jazira,e_persia,false,,867,CK3 00_landed_titles.txt
b_qulho,c_coqen,d_purang,k_guge,e_tibet,false,,867,CK3 00_landed_titles.txt
b_qumarleb,c_qumarleb,d_qumarleb,k_amdo,e_tibet,true,first_barony_in_county_block,867,CK3 00_landed_titles.txt
b_qumbucul,c_busaso,d_sanaag,k_adal,e_abyssinia,false,,867,CK3 00_landed_titles.txt
b_qumisha,c_qumisha,d_isfahan,k_persia,e_persia,true,first_barony_in_county_block,867,CK3 00_landed_titles.txt
b_qundo,c_bome,d_boyul,k_kham,e_tibet,false,,867,CK3 00_landed_titles.txt
b_quog,c_kagar,d_ngamring,k_tsang,e_tibet,false,,867,CK3 00_landed_titles.txt
b_quqen,c_quqen,d_gyalrong,k_gyalrong,e_tibet,true,first_barony_in_county_block,867,CK3 00_landed_titles.txt
b_quraqir,c_sirhan,d_jawf,k_arabia,e_arabia,true,first_barony_in_county_block,867,CK3 00_landed_titles.txt
b_quriltay,c_quriltay,d_muyunkum,k_syr_darya,e_turan,true,first_barony_in_county_block,867,CK3 00_landed_titles.txt
b_qurta,c_qurta,d_nobatia,k_nubia,e_abyssinia,true,first_barony_in_county_block,867,CK3 00_landed_titles.txt
b_qurus,c_alexandretta,d_antioch,k_syria,e_arabia,false,,867,CK3 00_landed_titles.txt
b_qus,c_qus,d_al-said,k_egypt,e_arabia,true,first_barony_in_county_block,867,CK3 00_landed_titles.txt
b_qusayr,c_qusayr,d_eastern_desert,k_egypt,e_arabia,true,first_barony_in_county_block,867,CK3 00_landed_titles.txt
b_qusdar,c_turan,d_makran,k_makran,e_persia,true,first_barony_in_county_block,867,CK3 00_landed_titles.txt
b_qusum,c_zetang,d_yarlung,k_u,e_tibet,false,,867,CK3 00_landed_titles.txt
b_qutn,c_hadramawt,d_hadramawt,k_yemen,e_arabia,false,,867,CK3 00_landed_titles.txt
b_quxu,c_lhasa,d_lhasa,k_u,e_tibet,false,,867,CK3 00_landed_titles.txt
b_quzlum,c_cairo,d_cairo,k_egypt,e_arabia,false,,867,CK3 00_landed_titles.txt
b_raaboigde,c_nedenes,d_agder,k_norway,e_scandinavia,false,,867,CK3 00_landed_titles.txt
b_raba,c_nupe,d_nupe,k_igbo-benue,e_guinea,true,first_barony_in_county_block,867,CK3 00_landed_titles.txt
b_rabadha,c_sharaf,d_najd,k_arabia,e_arabia,false,,867,CK3 00_landed_titles.txt
b_rabigh,c_mecca,d_mecca,k_arabia,e_arabia,false,,867,CK3 00_landed_titles.txt
b_racakonda,c_racakonda,d_racakonda,k_telingana,e_deccan,true,first_barony_in_county_block,867,CK3 00_landed_titles.txt
b_rada,c_taizz,d_taizz,k_yemen,e_arabia,false,,867,CK3 00_landed_titles.txt
b_radebeul,c_meissen,d_meissen,k_sorbia,e_west_slavia,false,,867,CK3 00_landed_titles.txt
b_radfield,c_cambridgeshire,d_norfolk,k_england,e_britannia,false,,867,CK3 00_landed_titles.txt
b_radna,c_beszterce,d_transylvania,k_hungary,e_carpathia,false,,867,CK3 00_landed_titles.txt
b_radom,c_radomska,d_lesser_poland,k_poland,e_west_slavia,true,first_barony_in_county_block,867,CK3 00_landed_titles.txt
b_radomsko,c_sieradzka,d_kuyavia,k_poland,e_west_slavia,false,,867,CK3 00_landed_titles.txt
b_radovanu,c_calarasi,d_muntenia,k_dacia,e_carpathia,false,,867,CK3 00_landed_titles.txt
b_radynka,c_chornobyl,d_kiev,k_ruthenia,e_russia,false,,867,CK3 00_landed_titles.txt
b_rafaniya-krak,c_homs,d_homs,k_syria,e_arabia,false,,867,CK3 00_landed_titles.txt
b_ragali,c_danakil,d_danakil,k_adal,e_abyssinia,false,,867,CK3 00_landed_titles.txt
b_ragbangadung,c_hohaseco,d_nagormo,k_amdo,e_tibet,false,,867,CK3 00_landed_titles.txt
b_ragnit,c_scalovia,d_samogitia,k_lithuania,e_wendish_empire,true,first_barony_in_county_block,867,CK3 00_landed_titles.txt
b_ragunda,c_morarna,d_jamtland,k_norway,e_scandinavia,false,,867,CK3 00_landed_titles.txt
b_ragusa,c_ragusa,d_ragusa,k_croatia,e_byzantium,true,first_barony_in_county_block,867,CK3 00_landed_titles.txt
b_rahon,c_trigarta,d_lahore,k_punjab,e_rajastan,false,,867,CK3 00_landed_titles.txt
b_raibania,c_viraja,d_tosali,k_orissa,e_bengal,false,,867,CK3 00_landed_titles.txt
b_raichur,c_idatarainadu,d_raichur_doab,k_karnata,e_deccan,false,,867,CK3 00_landed_titles.txt
b_raidestos,c_kalliopolis,d_thrace,k_thessalonika,e_byzantium,false,,867,CK3 00_landed_titles.txt
b_raimskoe,c_raimskoe,d_aral_il,k_oghuz_il,e_turan,true,first_barony_in_county_block,867,CK3 00_landed_titles.txt
b_rais,c_nantes,d_brittany,k_brittany,e_france,false,,867,CK3 00_landed_titles.txt
b_raisin,c_vidisa,d_akara_dasarna,k_malwa,e_rajastan,false,,867,CK3 00_landed_titles.txt
b_rajagrha,c_magadha,d_magadha,k_bihar,e_bengal,false,,867,CK3 00_landed_titles.txt
b_rajamahendravaram,c_mosala,d_vengi,k_andhra,e_deccan,false,,867,CK3 00_landed_titles.txt
b_rajanpur,c_rajanpur,d_bhakkar,k_sindh,e_rajastan,true,first_barony_in_county_block,867,CK3 00_landed_titles.txt
b_rajbiraj,c_janakpur,d_nepal,k_himalaya,e_rajastan,false,,867,CK3 00_landed_titles.txt
b_rajgangpur,c_sambalpur,d_daksina_kosala,k_orissa,e_bengal,false,,867,CK3 00_landed_titles.txt
b_rajiva_lochana,c_sripuri,d_daksina_kosala,k_orissa,e_bengal,false,,867,CK3 00_landed_titles.txt
b_rajpipla,c_navasarika,d_lata,k_gujarat,e_rajastan,false,,867,CK3 00_landed_titles.txt
b_rajrappa,c_rajrappa,d_jharkand,k_bihar,e_bengal,true,first_barony_in_county_block,867,CK3 00_landed_titles.txt
b_rakcha,c_rakcha,d_mordvinia,k_mordvinia,e_volga-ural,true,first_barony_in_county_block,867,CK3 00_landed_titles.txt
b_rakhushmitan,c_khiva,d_khorezm,k_transoxiana,e_turan,false,,867,CK3 00_landed_titles.txt
b_raktamrittika,c_gauda,d_gauda,k_bengal,e_bengal,false,,867,CK3 00_landed_titles.txt
b_ram_shahristan,c_zaranj,d_sistan,k_makran,e_persia,false,,867,CK3 00_landed_titles.txt
b_rama,c_qasim,d_najd,k_arabia,e_arabia,false,,867,CK3 00_landed_titles.txt
b_ramagiri,c_ramagiri,d_vidharba,k_maharastra,e_deccan,true,first_barony_in_county_block,867,CK3 00_landed_titles.txt
b_ramavati,c_kotivarsa,d_gauda,k_bengal,e_bengal,true,first_barony_in_county_block,867,CK3 00_landed_titles.txt
b_rameshvaram,c_madurai,d_pandya_nadu,k_tamilakam,e_deccan,false,,867,CK3 00_landed_titles.txt
b_ramgarh,c_kota,d_medapata,k_rajputana,e_rajastan,false,,867,CK3 00_landed_titles.txt
b_ramhurmuz,c_ramhurmuz,d_khuzestan,k_persia,e_persia,true,first_barony_in_county_block,867,CK3 00_landed_titles.txt
b_ramitan,c_bukhara,d_soghd,k_transoxiana,e_turan,false,,867,CK3 00_landed_titles.txt
b_ramnicu_sarat,c_braila,d_muntenia,k_dacia,e_carpathia,false,,867,CK3 00_landed_titles.txt
b_rampur_boalia,c_laksmanavati,d_gauda,k_bengal,e_bengal,false,,867,CK3 00_landed_titles.txt
b_rampura,c_chitrakut,d_medapata,k_rajputana,e_rajastan,false,,867,CK3 00_landed_titles.txt
b_ramsbury,c_wiltshire,d_gloucester,k_england,e_britannia,false,,867,CK3 00_landed_titles.txt
b_ramsey,c_isle_of_man,d_the_isles,k_scotland,e_britannia,false,,867,CK3 00_landed_titles.txt
b_ramsis,c_al-buhaira,d_delta,k_egypt,e_arabia,false,,867,CK3 00_landed_titles.txt
b_ranakpur,c_naddula,d_maru,k_rajputana,e_rajastan,false,,867,CK3 00_landed_titles.txt
b_ranariki,c_raniriki,d_viken,k_norway,e_scandinavia,false,,867,CK3 00_landed_titles.txt
b_randros,c_aalborg,d_jylland,k_denmark,e_scandinavia,false,,867,CK3 00_landed_titles.txt
b_ranikot,c_ranikot,d_sauvira,k_sindh,e_rajastan,true,first_barony_in_county_block,867,CK3 00_landed_titles.txt
b_ranipur,c_suvarnapura,d_daksina_kosala,k_orissa,e_bengal,false,,867,CK3 00_landed_titles.txt
b_rano,c_rano,d_kano,k_hausaland,e_kanem_bornu,true,first_barony_in_county_block,867,CK3 00_landed_titles.txt
b_ranpur,c_vardhamana,d_saurashtra,k_gujarat,e_rajastan,false,,867,CK3 00_landed_titles.txt
b_ranthambore,c_ranthambore,d_ajmer,k_rajputana,e_rajastan,true,first_barony_in_county_block,867,CK3 00_landed_titles.txt
b_ranya,c_subay,d_najd,k_arabia,e_arabia,false,,867,CK3 00_landed_titles.txt
b_raphoe,c_ailech,d_ulster,k_ireland,e_britannia,false,,867,CK3 00_landed_titles.txt
b_raqe,c_tun,d_kohestan,k_khorasan,e_persia,false,,867,CK3 00_landed_titles.txt
b_raqqa,c_raqqa,d_diyarmudar,k_jazira,e_persia,true,first_barony_in_county_block,867,CK3 00_landed_titles.txt
b_raqqada,c_kairwan,d_kairouan,k_africa,e_maghreb,false,,867,CK3 00_landed_titles.txt
b_ras_al-ain,c_upper_khabur,d_diyarrabia,k_jazira,e_persia,true,first_barony_in_county_block,867,CK3 00_landed_titles.txt
b_ras_el-ma,c_kouga,d_mema,k_ghana,e_mali,false,,867,CK3 00_landed_titles.txt
b_ras_hafun,c_ras_hafun,d_hafun,k_ajuraan,e_azania,true,first_barony_in_county_block,867,CK3 00_landed_titles.txt
b_rasak,c_kiz,d_makran,k_makran,e_persia,false,,867,CK3 00_landed_titles.txt
b_raseborg,c_nyland,d_finland,k_finland,e_scandinavia,false,,867,CK3 00_landed_titles.txt
b_raseiniai,c_raseiniai,d_samogitia,k_lithuania,e_wendish_empire,true,first_barony_in_county_block,867,CK3 00_landed_titles.txt
b_rashid,c_al-buhaira,d_delta,k_egypt,e_arabia,true,first_barony_in_county_block,867,CK3 00_landed_titles.txt
b_rasht,c_rasht,d_khuttal,k_transoxiana,e_turan,true,first_barony_in_county_block,867,CK3 00_landed_titles.txt
b_rastenburg,c_bartenstein,d_prussia,k_lithuania,e_wendish_empire,false,,867,CK3 00_landed_titles.txt
b_rastovets,c_zhytomyr,d_kiev,k_ruthenia,e_russia,false,,867,CK3 00_landed_titles.txt
b_ratanpur,c_ratanpur,d_ratanpur,k_gondwana,e_bengal,true,first_barony_in_county_block,867,CK3 00_landed_titles.txt
b_rath,c_mahoba,d_jejakabhukti,k_kosala,e_rajastan,false,,867,CK3 00_landed_titles.txt
b_ratibor,c_ratibor,d_upper_silesia,k_poland,e_west_slavia,true,first_barony_in_county_block,867,CK3 00_landed_titles.txt
b_ratla,c_raqqa,d_diyarmudar,k_jazira,e_persia,false,,867,CK3 00_landed_titles.txt
b_ratnagiri,c_viraja,d_tosali,k_orissa,e_bengal,false,,867,CK3 00_landed_titles.txt
b_ratu,c_munda,d_jharkand,k_bihar,e_bengal,false,,867,CK3 00_landed_titles.txt
b_ratzeburg,c_mecklenburg,d_nordmark,k_pomerania,e_wendish_empire,false,,867,CK3 00_landed_titles.txt
b_rauma,c_finland,d_finland,k_finland,e_scandinavia,false,,867,CK3 00_landed_titles.txt
b_raumsdali,c_norwegian_more,d_trandalog,k_norway,e_scandinavia,true,first_barony_in_county_block,867,CK3 00_landed_titles.txt
b_rauna,c_talava,d_latgalians,k_lithuania,e_wendish_empire,false,,867,CK3 00_landed_titles.txt
b_raushanqubad,c_kirkuk,d_samarra,k_mesopotamia,e_persia,false,,867,CK3 00_landed_titles.txt
b_rautu,c_kakisalmi,d_karelia,k_finland,e_scandinavia,false,,867,CK3 00_landed_titles.txt
b_ravenna,c_ravenna,d_romagna,k_romagna,e_italy,true,first_barony_in_county_block,867,CK3 00_landed_titles.txt
b_ravensberg,c_osnabruck,d_westfalen,k_saxony,e_germany,false,,867,CK3 00_landed_titles.txt
b_ravensburg,c_ravensburg,d_augsburg,k_bavaria,e_germany,true,first_barony_in_county_block,867,CK3 00_landed_titles.txt
b_ravno,c_branicevo,d_vidin,k_bulgaria,e_byzantium,false,,867,CK3 00_landed_titles.txt
b_rawa,c_gostyninska,d_mazovia,k_poland,e_west_slavia,false,,867,CK3 00_landed_titles.txt
b_rawar,c_behabad,d_kirman,k_persia,e_persia,false,,867,CK3 00_landed_titles.txt
b_rawu,c_baxoi,d_boyul,k_kham,e_tibet,false,,867,CK3 00_landed_titles.txt
b_rayagada,c_swetaka_mandala,d_kalinga,k_orissa,e_bengal,false,,867,CK3 00_landed_titles.txt
b_rayapura,c_rayapura,d_daksina_kosala,k_orissa,e_bengal,true,first_barony_in_county_block,867,CK3 00_landed_titles.txt
b_raysut,c_dhofar,d_mahra,k_yemen,e_arabia,true,first_barony_in_county_block,867,CK3 00_landed_titles.txt
b_rayy,c_rayy,d_rayy,k_persia,e_persia,true,first_barony_in_county_block,867,CK3 00_landed_titles.txt
b_razlivnoye,c_lyubim,d_vologda,k_bjarmaland,e_russia,false,,867,CK3 00_landed_titles.txt
b_reading,c_berkshire,d_gloucester,k_england,e_britannia,true,first_barony_in_county_block,867,CK3 00_landed_titles.txt
b_rebang,c_rutog,d_rutog,k_maryul,e_tibet,false,,867,CK3 00_landed_titles.txt
b_rebgong,c_rebgong,d_malho,k_gyalrong,e_tibet,true,first_barony_in_county_block,867,CK3 00_landed_titles.txt
b_rechytsa,c_babruysk,d_pinsk,k_white_rus,e_russia,false,,867,CK3 00_landed_titles.txt
b_recklinghausen,c_dortmund,d_lower_lorraine,k_lotharingia,e_germany,false,,867,CK3 00_landed_titles.txt
b_redab,c_shamir,d_shamir,k_nubia,e_abyssinia,false,,867,CK3 00_landed_titles.txt
b_reewin,c_qalaafe,d_west_ajuraan,k_ajuraan,e_azania,false,,867,CK3 00_landed_titles.txt
b_regensburg,c_regensburg,d_bavaria,k_bavaria,e_germany,true,first_barony_in_county_block,867,CK3 00_landed_titles.txt
b_reggane,c_tamentit,d_touat,k_anbiya,e_maghreb,false,,867,CK3 00_landed_titles.txt
b_reggio_calabria,c_reggio_calabria,d_calabria,k_sicily,e_byzantium,true,first_barony_in_county_block,867,CK3 00_landed_titles.txt
b_reggio_emilia,c_modena,d_emilia,k_italy,e_italy,false,,867,CK3 00_landed_titles.txt
b_rehau,c_vogtland,d_meissen,k_sorbia,e_west_slavia,false,,867,CK3 00_landed_titles.txt
b_reichenbach,c_vogtland,d_meissen,k_sorbia,e_west_slavia,true,first_barony_in_county_block,867,CK3 00_landed_titles.txt
b_reims,c_reims,d_champagne,k_france,e_france,true,first_barony_in_county_block,867,CK3 00_landed_titles.txt
b_reinosa,c_asturias_de_santillana,d_cantabria,k_castille,e_spain,false,,867,CK3 00_landed_titles.txt
b_rendina,c_chalkidike,d_thessalonika,k_thessalonika,e_byzantium,false,,867,CK3 00_landed_titles.txt
b_reni,c_reni,d_jangladesh,k_rajputana,e_rajastan,true,first_barony_in_county_block,867,CK3 00_landed_titles.txt
b_renk,c_sennar,d_sennar,k_nubia,e_abyssinia,false,,867,CK3 00_landed_titles.txt
b_rennes,c_rennes,d_brittany,k_brittany,e_france,true,first_barony_in_county_block,867,CK3 00_landed_titles.txt
b_reolid,c_alcaraz,d_murcia,k_valencia,e_spain,false,,867,CK3 00_landed_titles.txt
b_repnoye,c_durovka,d_tambov,k_mordvinia,e_volga-ural,false,,867,CK3 00_landed_titles.txt
b_requena,c_valencia,d_valencia,k_valencia,e_spain,false,,867,CK3 00_landed_titles.txt
b_retford,c_nottinghamshire,d_hereford,k_england,e_britannia,false,,867,CK3 00_landed_titles.txt
b_rethel,c_rethel,d_champagne,k_france,e_france,true,first_barony_in_county_block,867,CK3 00_landed_titles.txt
b_rethymno,c_chania,d_krete,k_krete,e_byzantium,false,,867,CK3 00_landed_titles.txt
b_reting,c_lhunzhub,d_lhasa,k_u,e_tibet,false,,867,CK3 00_landed_titles.txt
b_reutlingen,c_zollern,d_swabia,k_east_francia,e_germany,false,,867,CK3 00_landed_titles.txt
b_reval,c_reval,d_esthonia,k_esthonia,e_wendish_empire,true,first_barony_in_county_block,867,CK3 00_landed_titles.txt
b_revda,c_karabash,d_uraltau,k_bashkiria,e_volga-ural,false,,867,CK3 00_landed_titles.txt
b_reydarfjall,c_austisland,d_iceland,k_norway,e_scandinavia,true,first_barony_in_county_block,867,CK3 00_landed_titles.txt
b_reykjavik,c_vestisland,d_iceland,k_norway,e_scandinavia,true,first_barony_in_county_block,867,CK3 00_landed_titles.txt
b_rezekne,c_jersika,d_latgalians,k_lithuania,e_wendish_empire,false,,867,CK3 00_landed_titles.txt
b_rhayader,c_sir_faesyfed,d_powys,k_wales,e_britannia,false,,867,CK3 00_landed_titles.txt
b_rhizus,c_trebizond,d_chaldia,k_pontus,e_byzantium,false,,867,CK3 00_landed_titles.txt
b_rhodos,c_rhodos,d_aegean_islands,k_thessalonika,e_byzantium,true,first_barony_in_county_block,867,CK3 00_landed_titles.txt
b_riano,c_asturias_de_oviedo,d_asturias,k_leon,e_spain,false,,867,CK3 00_landed_titles.txt
b_riau,c_riau,d_MAL_pahang,k_hujung_medini,e_srivijaya,true,first_barony_in_county_block,867,CK3 00_landed_titles.txt
b_ribagorza,c_sobrarbe,d_aragon,k_aragon,e_spain,false,,867,CK3 00_landed_titles.txt
b_ribat-e-karyan,c_upper_ghur,d_ghur,k_khorasan,e_persia,false,,867,CK3 00_landed_titles.txt
b_ribat-i-el-kif,c_balkh,d_balkh,k_khorasan,e_persia,false,,867,CK3 00_landed_titles.txt
b_ribat-i-kish,c_bost,d_sistan,k_makran,e_persia,false,,867,CK3 00_landed_titles.txt
b_ribat-shakir,c_marrakesh,d_marrakesh,k_maghreb,e_maghreb,false,,867,CK3 00_landed_titles.txt
b_ribat_al-fath,c_gharb,d_fes,k_maghreb,e_maghreb,false,,867,CK3 00_landed_titles.txt
b_ribat_malik,c_nakhshab,d_soghd,k_transoxiana,e_turan,false,,867,CK3 00_landed_titles.txt
b_ribe,c_ribe,d_slesvig,k_denmark,e_scandinavia,true,first_barony_in_county_block,867,CK3 00_landed_titles.txt
b_ribnica,c_ljubljana,d_krain,k_bavaria,e_germany,false,,867,CK3 00_landed_titles.txt
b_ribnicapodgorica,c_duklja,d_duklja,k_serbia,e_byzantium,true,first_barony_in_county_block,867,CK3 00_landed_titles.txt
b_richmond,c_north_riding,d_york,k_england,e_britannia,false,,867,CK3 00_landed_titles.txt
b_ridder,c_koksemey,d_semey,k_kipchak,e_tartaria,true,first_barony_in_county_block,867,CK3 00_landed_titles.txt
b_ried,c_schaumberg,d_salzburg,k_bavaria,e_germany,false,,867,CK3 00_landed_titles.txt
b_riedfeld,c_nurnberg,d_east_franconia,k_east_francia,e_germany,false,,867,CK3 00_landed_titles.txt
b_rieneck,c_klingenberg,d_west_franconia,k_east_francia,e_germany,false,,867,CK3 00_landed_titles.txt
b_rieti,c_abruzzi,d_spoleto,k_romagna,e_italy,false,,867,CK3 00_landed_titles.txt
b_riga,c_vidzeme,d_livonia,k_esthonia,e_wendish_empire,true,first_barony_in_county_block,867,CK3 00_landed_titles.txt
b_rigar,c_chaghaniyan,d_khuttal,k_transoxiana,e_turan,false,,867,CK3 00_landed_titles.txt
b_rijeka,c_gacka,d_croatia,k_croatia,e_byzantium,false,,867,CK3 00_landed_titles.txt
b_rikala,c_finland,d_finland,k_finland,e_scandinavia,false,,867,CK3 00_landed_titles.txt
b_rila,c_sredets,d_turnovo,k_bulgaria,e_byzantium,false,,867,CK3 00_landed_titles.txt
b_rim,c_yatenga,d_yatenga,k_gurma,e_mali,false,,867,CK3 00_landed_titles.txt
b_rima,c_rima,d_dzayul,k_lhomon,e_tibet,true,first_barony_in_county_block,867,CK3 00_landed_titles.txt
b_rimaszombat,c_gemer,d_nyitra,k_hungary,e_carpathia,false,,867,CK3 00_landed_titles.txt
b_rimini,c_ravenna,d_romagna,k_romagna,e_italy,false,,867,CK3 00_landed_titles.txt
b_rinbung,c_gyangze,d_xigaze,k_tsang,e_tibet,false,,867,CK3 00_landed_titles.txt
b_ringariki,c_vestfold,d_viken,k_norway,e_scandinavia,false,,867,CK3 00_landed_titles.txt
b_ringkobing,c_ringkobing,d_jylland,k_denmark,e_scandinavia,true,first_barony_in_county_block,867,CK3 00_landed_titles.txt
b_ringtor,c_lunggar,d_purang,k_guge,e_tibet,false,,867,CK3 00_landed_titles.txt
b_ripon,c_west_riding,d_york,k_england,e_britannia,false,,867,CK3 00_landed_titles.txt
b_riqan,c_riqan,d_jabal_kufs,k_makran,e_persia,true,first_barony_in_county_block,867,CK3 00_landed_titles.txt
b_risan,c_travunia,d_duklja,k_serbia,e_byzantium,false,,867,CK3 00_landed_titles.txt
b_riseberga,c_narke,d_ostergotland,k_sweden,e_scandinavia,false,,867,CK3 00_landed_titles.txt
b_rishabhdeo,c_medapata,d_medapata,k_rajputana,e_rajastan,false,,867,CK3 00_landed_titles.txt
b_risum,c_rutog,d_rutog,k_maryul,e_tibet,false,,867,CK3 00_landed_titles.txt
b_rivand,c_nishapur,d_nishapur,k_khorasan,e_persia,false,,867,CK3 00_landed_titles.txt
b_rivne,c_peresopnytsia,d_volhynia,k_galicia-volhynia,e_west_slavia,false,,867,CK3 00_landed_titles.txt
b_riwar,c_sog,d_qamdo,k_kham,e_tibet,false,,867,CK3 00_landed_titles.txt
b_riwoqe,c_qamdo,d_qamdo,k_kham,e_tibet,false,,867,CK3 00_landed_titles.txt
b_roanne,c_forez,d_dauphine,k_burgundy,e_france,false,,867,CK3 00_landed_titles.txt
b_roavvenjarga,c_kittila,d_vuovdisamieana,k_sapmi,e_scandinavia,false,,867,CK3 00_landed_titles.txt
b_rochester,c_kent,d_canterbury,k_england,e_britannia,false,,867,CK3 00_landed_titles.txt
b_rockenhausen,c_kaiserslautern,d_west_franconia,k_east_francia,e_germany,false,,867,CK3 00_landed_titles.txt
b_rodez,c_rouergue,d_toulouse,k_aquitaine,e_france,true,first_barony_in_county_block,867,CK3 00_landed_titles.txt
b_rodkhan,c_khawr,d_makran,k_makran,e_persia,false,,867,CK3 00_landed_titles.txt
b_rodopi,c_mosynopolis,d_strymon,k_thessalonika,e_byzantium,false,,867,CK3 00_landed_titles.txt
b_rodoy,c_bothin,d_halogaland,k_norway,e_scandinavia,false,,867,CK3 00_landed_titles.txt
b_roeselare,c_brugge,d_flanders,k_france,e_france,false,,867,CK3 00_landed_titles.txt
b_rogatica,c_vhrbosna,d_bosna,k_croatia,e_byzantium,false,,867,CK3 00_landed_titles.txt
b_rohan,c_vannes,d_brittany,k_brittany,e_france,false,,867,CK3 00_landed_titles.txt
b_rohtak,c_delhi,d_kuru,k_delhi,e_rajastan,false,,867,CK3 00_landed_titles.txt
b_rohtas,c_rothas,d_jharkand,k_bihar,e_bengal,true,first_barony_in_county_block,867,CK3 00_landed_titles.txt
b_roing,c_roing,d_dzayul,k_lhomon,e_tibet,true,first_barony_in_county_block,867,CK3 00_landed_titles.txt
b_rojhan,c_rajanpur,d_bhakkar,k_sindh,e_rajastan,false,,867,CK3 00_landed_titles.txt
b_roma,c_roma,d_latium,k_romagna,e_italy,true,first_barony_in_county_block,867,CK3 00_landed_titles.txt
b_roman,c_neamnt,d_bukovina,k_moldavia,e_carpathia,false,,867,CK3 00_landed_titles.txt
b_romans,c_viennois,d_dauphine,k_burgundy,e_france,false,,867,CK3 00_landed_titles.txt
b_romen,c_romen,d_pereyaslavl,k_ruthenia,e_russia,true,first_barony_in_county_block,867,CK3 00_landed_titles.txt
b_romerriki,c_vingulmork,d_viken,k_norway,e_scandinavia,false,,867,CK3 00_landed_titles.txt
b_romigny,c_rethel,d_champagne,k_france,e_france,false,,867,CK3 00_landed_titles.txt
b_romilly,c_coulommiers,d_champagne,k_france,e_france,false,,867,CK3 00_landed_titles.txt
b_romorantin,c_blois,d_berry,k_france,e_france,false,,867,CK3 00_landed_titles.txt
b_roncaglia,c_cremona,d_lombardia,k_italy,e_italy,false,,867,CK3 00_landed_titles.txt
b_rongbur,c_barkam,d_gyalrong,k_gyalrong,e_tibet,false,,867,CK3 00_landed_titles.txt
b_rongzhag,c_dawu,d_chakla,k_gyalrong,e_tibet,false,,867,CK3 00_landed_titles.txt
b_rongzhub,c_zhagyab,d_lhatok,k_kham,e_tibet,false,,867,CK3 00_landed_titles.txt
b_ronne,c_bornholm,d_skane,k_denmark,e_scandinavia,true,first_barony_in_county_block,867,CK3 00_landed_titles.txt
b_ronneby,c_blekinge,d_skane,k_denmark,e_scandinavia,false,,867,CK3 00_landed_titles.txt
b_roscrea,c_thomond,d_munster,k_ireland,e_britannia,false,,867,CK3 00_landed_titles.txt
b_rosendaal,c_antwerpen,d_brabant,k_lotharingia,e_germany,false,,867,CK3 00_landed_titles.txt
b_rosenfelde,c_berlin,d_ostmark,k_pomerania,e_wendish_empire,false,,867,CK3 00_landed_titles.txt
b_roses,c_rossello,d_barcelona,k_aragon,e_spain,false,,867,CK3 00_landed_titles.txt
b_roskilde,c_sjaelland,d_sjaelland,k_denmark,e_scandinavia,true,first_barony_in_county_block,867,CK3 00_landed_titles.txt
b_roslavl,c_roslavl,d_smolensk,k_white_rus,e_russia,true,first_barony_in_county_block,867,CK3 00_landed_titles.txt
b_rossano,c_rossano,d_calabria,k_sicily,e_byzantium,true,first_barony_in_county_block,867,CK3 00_landed_titles.txt
b_rostislavl,c_ryazan,d_ryazan,k_opolye,e_russia,false,,867,CK3 00_landed_titles.txt
b_rostock,c_rostock,d_nordmark,k_pomerania,e_wendish_empire,true,first_barony_in_county_block,867,CK3 00_landed_titles.txt
b_rostov,c_yaroslavl,d_opolye,k_opolye,e_russia,false,,867,CK3 00_landed_titles.txt
b_rothbury,c_northumberland,d_northumberland,k_england,e_britannia,false,,867,CK3 00_landed_titles.txt
b_rothenburg,c_rothenburg,d_bavaria,k_bavaria,e_germany,true,first_barony_in_county_block,867,CK3 00_landed_titles.txt
b_rotterdam,c_holland,d_holland,k_frisia,e_germany,false,,867,CK3 00_landed_titles.txt
b_rottweil,c_hohenberg,d_swabia,k_east_francia,e_germany,false,,867,CK3 00_landed_titles.txt
b_roucy,c_vermandois,d_valois,k_france,e_france,false,,867,CK3 00_landed_titles.txt
b_rouen,c_rouen,d_normandy,k_france,e_france,true,first_barony_in_county_block,867,CK3 00_landed_titles.txt
b_rounala,c_rounala,d_duortnoseatnu,k_sapmi,e_scandinavia,true,first_barony_in_county_block,867,CK3 00_landed_titles.txt
b_roundu,c_skardu,d_baltiyul,k_maryul,e_tibet,false,,867,CK3 00_landed_titles.txt
b_rovigo,c_polesine,d_verona,k_italy,e_italy,true,first_barony_in_county_block,867,CK3 00_landed_titles.txt
b_royan,c_saintonge,d_aquitaine,k_aquitaine,e_france,false,,867,CK3 00_landed_titles.txt
b_rozan,c_zakroczymska,d_mazovia,k_poland,e_west_slavia,false,,867,CK3 00_landed_titles.txt
b_rozhyshche,c_volodymyr,d_volhynia,k_galicia-volhynia,e_west_slavia,false,,867,CK3 00_landed_titles.txt
b_rozi,c_dyamare,d_dendi,k_songhay,e_mali,true,first_barony_in_county_block,867,CK3 00_landed_titles.txt
b_rozmberk,c_doudleby,d_bohemia,k_bohemia,e_west_slavia,false,,867,CK3 00_landed_titles.txt
b_rudan,c_rukhaj,d_zabulistan,k_kabulistan,e_persia,false,,867,CK3 00_landed_titles.txt
b_rudbar,c_rudbar,d_sistan,k_makran,e_persia,true,first_barony_in_county_block,867,CK3 00_landed_titles.txt
b_rudhan,c_kirman,d_kirman,k_persia,e_persia,false,,867,CK3 00_landed_titles.txt
b_rudhrawar,c_hamadan,d_hamadan,k_persia,e_persia,false,,867,CK3 00_landed_titles.txt
b_rudnik,c_beograd,d_macva,k_serbia,e_byzantium,false,,867,CK3 00_landed_titles.txt
b_rudolfswerde,c_ljubljana,d_krain,k_bavaria,e_germany,false,,867,CK3 00_landed_titles.txt
b_ruffec,c_poitiers,d_poitou,k_aquitaine,e_france,false,,867,CK3 00_landed_titles.txt
b_rugen,c_rugen,d_nordmark,k_pomerania,e_wendish_empire,true,first_barony_in_county_block,867,CK3 00_landed_titles.txt
b_ruhna,c_bampur,d_jabal_kufs,k_makran,e_persia,false,,867,CK3 00_landed_titles.txt
b_rujno,c_zlatibor,d_rashka,k_serbia,e_byzantium,false,,867,CK3 00_landed_titles.txt
b_rukhaj,c_rukhaj,d_zabulistan,k_kabulistan,e_persia,true,first_barony_in_county_block,867,CK3 00_landed_titles.txt
b_rukum,c_jagatipur,d_khasa,k_himalaya,e_rajastan,false,,867,CK3 00_landed_titles.txt
b_ruovesi,c_messukyla,d_finland,k_finland,e_scandinavia,false,,867,CK3 00_landed_titles.txt
b_ruppin,c_ruppin,d_ostmark,k_pomerania,e_wendish_empire,true,first_barony_in_county_block,867,CK3 00_landed_titles.txt
b_rurmo_otpe,c_iskar,d_sum,k_aynumosir,e_amur,false,,867,CK3 00_landed_titles.txt
b_rusa,c_rusa,d_novgorod,k_novgorod,e_russia,true,first_barony_in_county_block,867,CK3 00_landed_titles.txt
b_rusar,c_caze,d_ngamring,k_tsang,e_tibet,false,,867,CK3 00_landed_titles.txt
b_rusar_huangzhong,c_xining,d_xining,k_amdo,e_tibet,true,first_barony_in_county_block,867,CK3 00_landed_titles.txt
b_rusii_de_vede,c_giurgiu,d_muntenia,k_dacia,e_carpathia,false,,867,CK3 00_landed_titles.txt
b_russelsheim,c_frankfurt,d_west_franconia,k_east_francia,e_germany,false,,867,CK3 00_landed_titles.txt
b_rustaq,c_badakhshan,d_badakhshan,k_transoxiana,e_turan,false,,867,CK3 00_landed_titles.txt
b_rustaq-oman,c_batina,d_oman,k_arabia,e_arabia,false,,867,CK3 00_landed_titles.txt
b_rustavi,c_tbilisi,d_georgia,k_georgia,e_byzantium,false,,867,CK3 00_landed_titles.txt
b_ruthin,c_denbighshire,d_gwynedd,k_wales,e_britannia,false,,867,CK3 00_landed_titles.txt
b_rutland,c_leicestershire,d_hereford,k_england,e_britannia,false,,867,CK3 00_landed_titles.txt
b_rutog,c_rutog,d_rutog,k_maryul,e_tibet,true,first_barony_in_county_block,867,CK3 00_landed_titles.txt
b_ruy,c_west-tokharestan,d_balkh,k_khorasan,e_persia,false,,867,CK3 00_landed_titles.txt
b_ruyan,c_ruyan,d_tabaristan,k_daylam,e_persia,true,first_barony_in_county_block,867,CK3 00_landed_titles.txt
b_ruyan-jirufti,c_jiruft,d_kirman,k_persia,e_persia,false,,867,CK3 00_landed_titles.txt
b_ruzvand,c_zamakhshar,d_khorezm,k_transoxiana,e_turan,false,,867,CK3 00_landed_titles.txt
b_ryazan,c_ryazan,d_ryazan,k_opolye,e_russia,true,first_barony_in_county_block,867,CK3 00_landed_titles.txt
b_rybnik,c_ratibor,d_upper_silesia,k_poland,e_west_slavia,false,,867,CK3 00_landed_titles.txt
b_ryfylki,c_rogalandi,d_vestlandi,k_norway,e_scandinavia,false,,867,CK3 00_landed_titles.txt
b_rylsk,c_kursk,d_chernigov,k_ruthenia,e_russia,false,,867,CK3 00_landed_titles.txt
b_ryn,c_saqsin,d_itil,k_caspian_steppe,e_caspian-pontic_steppe,false,,867,CK3 00_landed_titles.txt
b_ryty,c_ryty,d_tsagaanbaigal,k_buryatia,e_mongolia,true,first_barony_in_county_block,867,CK3 00_landed_titles.txt
b_rzepin,c_lubusz,d_wielkopolska,k_poland,e_west_slavia,false,,867,CK3 00_landed_titles.txt
b_saa,c_wajda,d_tlemcen,k_tahert,e_maghreb,false,,867,CK3 00_landed_titles.txt
b_saalum,c_saalum,d_wuli,k_kaabu,e_mali,true,first_barony_in_county_block,867,CK3 00_landed_titles.txt
b_saan,c_west-tokharestan,d_balkh,k_khorasan,e_persia,false,,867,CK3 00_landed_titles.txt
b_saarbrucken,c_saarbrucken,d_upper_lorraine,k_lotharingia,e_germany,true,first_barony_in_county_block,867,CK3 00_landed_titles.txt
b_saarburg,c_metz,d_upper_lorraine,k_lotharingia,e_germany,false,,867,CK3 00_landed_titles.txt
b_saarvesjaurr,c_sombio,d_giemajohka,k_sapmi,e_scandinavia,false,,867,CK3 00_landed_titles.txt
b_sabagura,c_kalabsha,d_nobatia,k_nubia,e_abyssinia,false,,867,CK3 00_landed_titles.txt
b_sabakyul,c_sabakyul,d_kurgan,k_qara_dala,e_tartaria,true,first_barony_in_county_block,867,CK3 00_landed_titles.txt
b_sabalgarh,c_gwalior,d_ajmer,k_rajputana,e_rajastan,false,,867,CK3 00_landed_titles.txt
b_sabha,c_germa,d_fezzan,k_sahara,e_maghreb,false,,867,CK3 00_landed_titles.txt
b_sabiba,c_kairwan,d_kairouan,k_africa,e_maghreb,false,,867,CK3 00_landed_titles.txt
b_sable,c_sable,d_anjou,k_france,e_france,true,first_barony_in_county_block,867,CK3 00_landed_titles.txt
b_sabratha,c_tripolitana,d_tripolitania,k_africa,e_maghreb,false,,867,CK3 00_landed_titles.txt
b_sabta,c_ceuta,d_rif,k_maghreb,e_maghreb,true,first_barony_in_county_block,867,CK3 00_landed_titles.txt
b_sabur,c_shiraz,d_fars,k_persia,e_persia,false,,867,CK3 00_landed_titles.txt
b_saburkhawasht,c_saimara,d_kermanshah,k_persia,e_persia,true,first_barony_in_county_block,867,CK3 00_landed_titles.txt
b_sabzavar,c_baihaq,d_nishapur,k_khorasan,e_persia,false,,867,CK3 00_landed_titles.txt
b_saca,c_cherchen,d_khotan,k_khotan,e_turan,false,,867,CK3 00_landed_titles.txt
b_sacacatce,c_cherkassy,d_yedisan,k_pontic_steppe,e_caspian-pontic_steppe,false,,867,CK3 00_landed_titles.txt
b_sacz,c_sacz,d_lesser_poland,k_poland,e_west_slavia,true,first_barony_in_county_block,867,CK3 00_landed_titles.txt
b_sad_khaniya,c_dinawar,d_hamadan,k_persia,e_persia,false,,867,CK3 00_landed_titles.txt
b_sada,c_najran,d_sanaa,k_yemen,e_arabia,false,,867,CK3 00_landed_titles.txt
b_sadhaura,c_sthanisvara,d_kuru,k_delhi,e_rajastan,false,,867,CK3 00_landed_titles.txt
b_sadowel,c_legnica,d_lower_silesia,k_poland,e_west_slavia,false,,867,CK3 00_landed_titles.txt
b_sadrata,c_wargla,d_mzab,k_tahert,e_maghreb,false,,867,CK3 00_landed_titles.txt
b_sadvar,c_darghan,d_khorezm,k_transoxiana,e_turan,false,,867,CK3 00_landed_titles.txt
b_safaga,c_qusayr,d_eastern_desert,k_egypt,e_arabia,false,,867,CK3 00_landed_titles.txt
b_safare,c_kurmina,d_jenne,k_jenne,e_mali,false,,867,CK3 00_landed_titles.txt
b_safata,c_safata,d_kufa,k_mesopotamia,e_persia,true,first_barony_in_county_block,867,CK3 00_landed_titles.txt
b_sagalassus,c_pisidia,d_anatolia,k_anatolia,e_byzantium,false,,867,CK3 00_landed_titles.txt
b_sagar,c_sagar,d_kalyani,k_karnata,e_deccan,true,first_barony_in_county_block,867,CK3 00_landed_titles.txt
b_sagardwip,c_tamralipti,d_suhma,k_bengal,e_bengal,false,,867,CK3 00_landed_titles.txt
b_saghasa,c_taveta,d_bonde_la_ufa,k_zanj,e_azania,false,,867,CK3 00_landed_titles.txt
b_sagiz,c_sagiz,d_atyrau,k_caspian_steppe,e_caspian-pontic_steppe,true,first_barony_in_county_block,867,CK3 00_landed_titles.txt
b_sagly,c_central_tannu,d_tannu_ola,k_tuva,e_mongolia,false,,867,CK3 00_landed_titles.txt
b_sagya,c_sagya,d_sagya,k_tsang,e_tibet,true,first_barony_in_county_block,867,CK3 00_landed_titles.txt
b_saharanpur,c_sthanisvara,d_kuru,k_delhi,e_rajastan,true,first_barony_in_county_block,867,CK3 00_landed_titles.txt
b_saho,c_bur,d_dahlaks,k_abyssinia,e_abyssinia,false,,867,CK3 00_landed_titles.txt
b_sai,c_sai,d_makuria,k_nubia,e_abyssinia,true,first_barony_in_county_block,867,CK3 00_landed_titles.txt
b_sai-kule,c_qyzylustyurt,d_transcaspiana,k_oghuz_il,e_turan,false,,867,CK3 00_landed_titles.txt
b_saida,c_beirut,d_lebanon,k_syria,e_arabia,false,,867,CK3 00_landed_titles.txt
b_saindak,c_panjgur,d_makran,k_makran,e_persia,false,,867,CK3 00_landed_titles.txt
b_saint_albans,c_hertfordshire,d_bedford,k_england,e_britannia,false,,867,CK3 00_landed_titles.txt
b_saint_brieuc,c_penthievre,d_brittany,k_brittany,e_france,true,first_barony_in_county_block,867,CK3 00_landed_titles.txt
b_saint_denis,c_ile_de_france,d_valois,k_france,e_france,false,,867,CK3 00_landed_titles.txt
b_saint_dizier,c_chalons,d_champagne,k_france,e_france,false,,867,CK3 00_landed_titles.txt
b_saint_flour,c_gevaudan,d_toulouse,k_aquitaine,e_france,false,,867,CK3 00_landed_titles.txt
b_saint_hubert,c_bouillon,d_luxembourg,k_lotharingia,e_germany,false,,867,CK3 00_landed_titles.txt
b_saint_junien,c_angouleme,d_aquitaine,k_aquitaine,e_france,false,,867,CK3 00_landed_titles.txt
b_saint_lizier,c_comminges,d_armagnac,k_aquitaine,e_france,false,,867,CK3 00_landed_titles.txt
b_saint_malo,c_penthievre,d_brittany,k_brittany,e_france,false,,867,CK3 00_landed_titles.txt
b_saint_michel_de_maurienne,c_savoie,d_savoie,k_burgundy,e_france,false,,867,CK3 00_landed_titles.txt
b_saint_omer,c_guines,d_flanders,k_france,e_france,false,,867,CK3 00_landed_titles.txt
b_saint_pourcain,c_jaligny,d_bourbon,k_aquitaine,e_france,true,first_barony_in_county_block,867,CK3 00_landed_titles.txt
b_saint_quentin,c_clermont,d_valois,k_france,e_france,false,,867,CK3 00_landed_titles.txt
b_saintes,c_saintonge,d_aquitaine,k_aquitaine,e_france,false,,867,CK3 00_landed_titles.txt
b_saintonge,c_saintonge,d_aquitaine,k_aquitaine,e_france,true,first_barony_in_county_block,867,CK3 00_landed_titles.txt
b_saird,c_hakkari,d_diyarbakr,k_jazira,e_persia,false,,867,CK3 00_landed_titles.txt
b_sakadame,c_djado,d_kawar,k_sahara,e_maghreb,false,,867,CK3 00_landed_titles.txt
b_sakaka,c_al_jawf,d_jawf,k_arabia,e_arabia,false,,867,CK3 00_landed_titles.txt
b_sakala,c_sakala,d_lahore,k_punjab,e_rajastan,true,first_barony_in_county_block,867,CK3 00_landed_titles.txt
b_sakalkand,c_bamian,d_kabul,k_kabulistan,e_persia,false,,867,CK3 00_landed_titles.txt
b_sakarai,c_sakarai,d_ajmer,k_rajputana,e_rajastan,true,first_barony_in_county_block,867,CK3 00_landed_titles.txt
b_sakmara,c_sakmara,d_sakmara,k_bashkiria,e_volga-ural,true,first_barony_in_county_block,867,CK3 00_landed_titles.txt
b_sakmarskoi_gorodok,c_bugurslan,d_bugurslan,k_volga_bulgaria,e_volga-ural,false,,867,CK3 00_landed_titles.txt
b_sakogu,c_mamprusi,d_mamprusi,k_gur,e_guinea,false,,867,CK3 00_landed_titles.txt
b_sakshigopal,c_kataka,d_tosali,k_orissa,e_bengal,false,,867,CK3 00_landed_titles.txt
b_sala,c_gharb,d_fes,k_maghreb,e_maghreb,true,first_barony_in_county_block,867,CK3 00_landed_titles.txt
b_salacgriva,c_vidzeme,d_livonia,k_esthonia,e_wendish_empire,false,,867,CK3 00_landed_titles.txt
b_salaga,c_dagomba,d_dagomba,k_gur,e_guinea,false,,867,CK3 00_landed_titles.txt
b_salamanca,c_salamanca,d_leon,k_leon,e_spain,false,,867,CK3 00_landed_titles.txt
b_salamat,c_salamat,d_salamat,k_sao,e_kanem_bornu,true,first_barony_in_county_block,867,CK3 00_landed_titles.txt
b_salamiya,c_hama,d_homs,k_syria,e_arabia,false,,867,CK3 00_landed_titles.txt
b_salavat,c_salavat,d_bugurslan,k_volga_bulgaria,e_volga-ural,true,first_barony_in_county_block,867,CK3 00_landed_titles.txt
b_salda,c_pisidia,d_anatolia,k_anatolia,e_byzantium,false,,867,CK3 00_landed_titles.txt
b_salerno,c_salerno,d_salerno,k_sicily,e_byzantium,true,first_barony_in_county_block,867,CK3 00_landed_titles.txt
b_salford,c_lancashire,d_lancaster,k_england,e_britannia,false,,867,CK3 00_landed_titles.txt
b_salim,c_tomsk,d_ala_tau,k_ob,e_siberia,false,,867,CK3 00_landed_titles.txt
b_salinis,c_salinis,d_karelia,k_finland,e_scandinavia,true,first_barony_in_county_block,867,CK3 00_landed_titles.txt
b_salins,c_dole,d_upper_burgundy,k_burgundy,e_france,false,,867,CK3 00_landed_titles.txt
b_salisbury,c_wiltshire,d_gloucester,k_england,e_britannia,true,first_barony_in_county_block,867,CK3 00_landed_titles.txt
b_salm,c_nancy,d_upper_lorraine,k_lotharingia,e_germany,false,,867,CK3 00_landed_titles.txt
b_salmacatce,c_dnipro,d_yedisan,k_pontic_steppe,e_caspian-pontic_steppe,false,,867,CK3 00_landed_titles.txt
b_salmas,c_urmiya,d_azerbaijan,k_daylam,e_persia,false,,867,CK3 00_landed_titles.txt
b_salmydessus,c_brysis,d_thrace,k_thessalonika,e_byzantium,false,,867,CK3 00_landed_titles.txt
b_sals_poveret,c_omsk,d_lanikaz,k_sibir,e_siberia,false,,867,CK3 00_landed_titles.txt
b_saluzzo,c_cuneo,d_piedmonte,k_italy,e_italy,false,,867,CK3 00_landed_titles.txt
b_salyan,c_shirvan,d_shirvan,k_daylam,e_persia,false,,867,CK3 00_landed_titles.txt
b_salzburg,c_salzburg,d_salzburg,k_bavaria,e_germany,true,first_barony_in_county_block,867,CK3 00_landed_titles.txt
b_sam,c_churuk,d_jemba,k_oghuz_il,e_turan,false,,867,CK3 00_landed_titles.txt
b_samad,c_nizwa,d_oman,k_arabia,e_arabia,false,,867,CK3 00_landed_titles.txt
b_samaiqan,c_samaiqan,d_nishapur,k_khorasan,e_persia,true,first_barony_in_county_block,867,CK3 00_landed_titles.txt
b_samana,c_sthanisvara,d_kuru,k_delhi,e_rajastan,false,,867,CK3 00_landed_titles.txt
b_samander,c_samander,d_ciscaucasia,k_caucasus,e_caspian-pontic_steppe,true,first_barony_in_county_block,867,CK3 00_landed_titles.txt
b_samanjan,c_west-tokharestan,d_balkh,k_khorasan,e_persia,true,first_barony_in_county_block,867,CK3 00_landed_titles.txt
b_samannud,c_al-gharbiya,d_delta,k_egypt,e_arabia,false,,867,CK3 00_landed_titles.txt
b_samar,c_samar,d_levedia,k_pontic_steppe,e_caspian-pontic_steppe,true,first_barony_in_county_block,867,CK3 00_landed_titles.txt
b_samar_VB,c_samar_VB,d_volga_bulgaria,k_volga_bulgaria,e_volga-ural,true,first_barony_in_county_block,867,CK3 00_landed_titles.txt
b_samarkand,c_samarkand,d_soghd,k_transoxiana,e_turan,true,first_barony_in_county_block,867,CK3 00_landed_titles.txt
b_samarra,c_samarra,d_samarra,k_mesopotamia,e_persia,true,first_barony_in_county_block,867,CK3 00_landed_titles.txt
b_samassi,c_cagliari,d_sardinia,k_sardinia,e_italy,false,,867,CK3 00_landed_titles.txt
b_samatigila,c_kabarasana,d_toro,k_guinea,e_guinea,false,,867,CK3 00_landed_titles.txt
b_sambalpur,c_sambalpur,d_daksina_kosala,k_orissa,e_bengal,true,first_barony_in_county_block,867,CK3 00_landed_titles.txt
b_sambalut,c_samander,d_ciscaucasia,k_caucasus,e_caspian-pontic_steppe,false,,867,CK3 00_landed_titles.txt
b_sambhal,c_sambhal,d_vodamayutja,k_delhi,e_rajastan,true,first_barony_in_county_block,867,CK3 00_landed_titles.txt
b_sambir,c_halych,d_halych,k_galicia-volhynia,e_west_slavia,false,,867,CK3 00_landed_titles.txt
b_samiran,c_samiran,d_ciscaucasia,k_caucasus,e_caspian-pontic_steppe,true,first_barony_in_county_block,867,CK3 00_landed_titles.txt
b_samobor,c_zagreb,d_slavonia,k_croatia,e_byzantium,false,,867,CK3 00_landed_titles.txt
b_samos,c_chios,d_aegean_islands,k_thessalonika,e_byzantium,false,,867,CK3 00_landed_titles.txt
b_samosata,c_samosata,d_edessa,k_syria,e_arabia,true,first_barony_in_county_block,867,CK3 00_landed_titles.txt
b_sampa,c_begho,d_brong,k_akan,e_guinea,false,,867,CK3 00_landed_titles.txt
b_samshiborid,c_sardan,d_khuzestan,k_persia,e_persia,false,,867,CK3 00_landed_titles.txt
b_samundzhievo,c_nikopolis,d_turnovo,k_bulgaria,e_byzantium,false,,867,CK3 00_landed_titles.txt
b_samye,c_lhasa,d_lhasa,k_u,e_tibet,false,,867,CK3 00_landed_titles.txt
b_samyere,c_gondo,d_yatenga,k_gurma,e_mali,false,,867,CK3 00_landed_titles.txt
b_san,c_bindugu,d_jenne,k_jenne,e_mali,false,,867,CK3 00_landed_titles.txt
b_sana,c_begemder,d_gondar,k_abyssinia,e_abyssinia,false,,867,CK3 00_landed_titles.txt
b_sanaa,c_sanaa,d_sanaa,k_yemen,e_arabia,true,first_barony_in_county_block,867,CK3 00_landed_titles.txt
b_sanado,c_dodugu,d_jenne,k_jenne,e_mali,false,,867,CK3 00_landed_titles.txt
b_sanafula,c_kabarasana,d_toro,k_guinea,e_guinea,false,,867,CK3 00_landed_titles.txt
b_sancerre,c_sancerre,d_orleans,k_france,e_france,true,first_barony_in_county_block,867,CK3 00_landed_titles.txt
b_sanchi,c_vidisa,d_akara_dasarna,k_malwa,e_rajastan,false,,867,CK3 00_landed_titles.txt
b_sanda,c_dinawar,d_hamadan,k_persia,e_persia,false,,867,CK3 00_landed_titles.txt
b_sanderaka,c_mandavyapura,d_maru,k_rajputana,e_rajastan,false,,867,CK3 00_landed_titles.txt
b_sandnes,c_bothin,d_halogaland,k_norway,e_scandinavia,false,,867,CK3 00_landed_titles.txt
b_sandomierz,c_sandomierska,d_lesser_poland,k_poland,e_west_slavia,true,first_barony_in_county_block,867,CK3 00_landed_titles.txt
b_sanesteban,c_soria,d_castilla,k_castille,e_spain,false,,867,CK3 00_landed_titles.txt
b_sanga,c_yatenga,d_yatenga,k_gurma,e_mali,false,,867,CK3 00_landed_titles.txt
b_sangalan,c_konko,d_bambuk,k_mali,e_mali,false,,867,CK3 00_landed_titles.txt
b_sanganer,c_vairata,d_ajmer,k_rajputana,e_rajastan,false,,867,CK3 00_landed_titles.txt
b_sangerhausen,c_mansfeld,d_anhalt,k_east_francia,e_germany,false,,867,CK3 00_landed_titles.txt
b_sangiin_dalai,c_tomorbulag,d_khovsgol,k_naimania,e_mongolia,false,,867,CK3 00_landed_titles.txt
b_sangla,c_lahur,d_lahore,k_punjab,e_rajastan,false,,867,CK3 00_landed_titles.txt
b_sanglich,c_munjan,d_badakhshan,k_transoxiana,e_turan,false,,867,CK3 00_landed_titles.txt
b_sangqu,c_sangqu,d_gainlho,k_gyalrong,e_tibet,true,first_barony_in_county_block,867,CK3 00_landed_titles.txt
b_sangri,c_gyaca,d_yarlung,k_u,e_tibet,false,,867,CK3 00_landed_titles.txt
b_sangsang,c_kagar,d_ngamring,k_tsang,e_tibet,false,,867,CK3 00_landed_titles.txt
b_sanij,c_sanij,d_makran,k_makran,e_persia,true,first_barony_in_county_block,867,CK3 00_landed_titles.txt
b_sanjan,c_daman,d_lata,k_gujarat,e_rajastan,false,,867,CK3 00_landed_titles.txt
b_sankt_blasien,c_breisgau,d_alsace,k_east_francia,e_germany,false,,867,CK3 00_landed_titles.txt
b_sankt_gallen,c_sankt_gallen,d_currezia,k_east_francia,e_germany,true,first_barony_in_county_block,867,CK3 00_landed_titles.txt
b_sankt_polten,c_sankt_polten,d_osterreich,k_bavaria,e_germany,true,first_barony_in_county_block,867,CK3 00_landed_titles.txt
b_sankt_veit,c_karnten,d_carinthia,k_bavaria,e_germany,false,,867,CK3 00_landed_titles.txt
b_sanleonardodeyague,c_soria,d_castilla,k_castille,e_spain,false,,867,CK3 00_landed_titles.txt
b_sanok,c_peremyshl,d_cherven_cities,k_galicia-volhynia,e_west_slavia,false,,867,CK3 00_landed_titles.txt
b_sanquhar,c_galloway,d_galloway,k_scotland,e_britannia,false,,867,CK3 00_landed_titles.txt
b_sansane_mango,c_mamprusi,d_mamprusi,k_gur,e_guinea,false,,867,CK3 00_landed_titles.txt
b_santander,c_asturias_de_santillana,d_cantabria,k_castille,e_spain,false,,867,CK3 00_landed_titles.txt
b_santarem,c_lisboa,d_beja,k_badajoz,e_spain,false,,867,CK3 00_landed_titles.txt
b_santas,c_ilek,d_aqtobe,k_caspian_steppe,e_caspian-pontic_steppe,true,first_barony_in_county_block,867,CK3 00_landed_titles.txt
b_santhia,c_turin,d_piedmonte,k_italy,e_italy,false,,867,CK3 00_landed_titles.txt
b_santiago,c_santiago,d_galicia,k_spanish_galicia,e_spain,true,first_barony_in_county_block,867,CK3 00_landed_titles.txt
b_santiallana,c_asturias_de_santillana,d_cantabria,k_castille,e_spain,true,first_barony_in_county_block,867,CK3 00_landed_titles.txt
b_santipura,c_nabadwipa,d_nadia,k_bengal,e_bengal,false,,867,CK3 00_landed_titles.txt
b_sanwi,c_aowin,d_adiukru,k_akan,e_guinea,false,,867,CK3 00_landed_titles.txt
b_saouga,c_oudalan,d_upper_gurma,k_gurma,e_mali,false,,867,CK3 00_landed_titles.txt
b_saoura,c_saoura,d_taghaza,k_anbiya,e_maghreb,false,,867,CK3 00_landed_titles.txt
b_saptagrama,c_saptagrama,d_nadia,k_bengal,e_bengal,true,first_barony_in_county_block,867,CK3 00_landed_titles.txt
b_saqadi,c_gezira,d_alwa,k_nubia,e_abyssinia,false,,867,CK3 00_landed_titles.txt
b_saqra,c_dathina,d_taizz,k_yemen,e_arabia,true,first_barony_in_county_block,867,CK3 00_landed_titles.txt
b_saqsin,c_saqsin,d_itil,k_caspian_steppe,e_caspian-pontic_steppe,true,first_barony_in_county_block,867,CK3 00_landed_titles.txt
b_sar,c_sum,d_sum,k_aynumosir,e_amur,true,first_barony_in_county_block,867,CK3 00_landed_titles.txt
b_sara,c_astrakhan,d_khazaria,k_caucasus,e_caspian-pontic_steppe,false,,867,CK3 00_landed_titles.txt
b_sarakhs,c_sarakhs,d_merv,k_khorasan,e_persia,true,first_barony_in_county_block,867,CK3 00_landed_titles.txt
b_saran,c_saran,d_saran,k_mordvinia,e_volga-ural,true,first_barony_in_county_block,867,CK3 00_landed_titles.txt
b_sarangpur,c_sarangpur,d_akara_dasarna,k_malwa,e_rajastan,true,first_barony_in_county_block,867,CK3 00_landed_titles.txt
b_saraninskor,c_sebur,d_perm,k_permia,e_volga-ural,false,,867,CK3 00_landed_titles.txt
b_saranka,c_ulan_ude,d_uda_valley,k_buryatia,e_mongolia,false,,867,CK3 00_landed_titles.txt
b_saransk,c_penza,d_chuvashia,k_mordvinia,e_volga-ural,false,,867,CK3 00_landed_titles.txt
b_sarasvati,c_sarasvati,d_haritanaka,k_delhi,e_rajastan,true,first_barony_in_county_block,867,CK3 00_landed_titles.txt
b_sarat,c_ardabil,d_azerbaijan,k_daylam,e_persia,false,,867,CK3 00_landed_titles.txt
b_saratov,c_saratov,d_chuvashia,k_mordvinia,e_volga-ural,true,first_barony_in_county_block,867,CK3 00_landed_titles.txt
b_saray,c_itil,d_itil,k_caspian_steppe,e_caspian-pontic_steppe,false,,867,CK3 00_landed_titles.txt
b_saraychiq,c_saqsin,d_itil,k_caspian_steppe,e_caspian-pontic_steppe,false,,867,CK3 00_landed_titles.txt
b_sarba,c_aqiq,d_asir,k_arabia,e_arabia,false,,867,CK3 00_landed_titles.txt
b_sardes,c_lydia,d_thracesia,k_nikaea,e_byzantium,false,,867,CK3 00_landed_titles.txt
b_sarepta,c_beksima,d_khazaria,k_caucasus,e_caspian-pontic_steppe,false,,867,CK3 00_landed_titles.txt
b_sargan,c_zarma,d_dendi,k_songhay,e_mali,false,,867,CK3 00_landed_titles.txt
b_sargatka,c_petropavolsk,d_tara,k_sibir,e_siberia,false,,867,CK3 00_landed_titles.txt
b_sarinena,c_zaragoza,d_aragon,k_aragon,e_spain,false,,867,CK3 00_landed_titles.txt
b_saris,c_saris,d_ungvar,k_hungary,e_carpathia,true,first_barony_in_county_block,867,CK3 00_landed_titles.txt
b_sariya,c_mazandaran,d_tabaristan,k_daylam,e_persia,false,,867,CK3 00_landed_titles.txt
b_sarj,c_tabuk,d_shammar,k_arabia,e_arabia,false,,867,CK3 00_landed_titles.txt
b_sarkand,c_lepsink,d_alakol,k_zhetysu,e_tartaria,false,,867,CK3 00_landed_titles.txt
b_sarkel,c_sarkel,d_khazaria,k_caucasus,e_caspian-pontic_steppe,true,first_barony_in_county_block,867,CK3 00_landed_titles.txt
b_sarkhad,c_hauran,d_damascus,k_syria,e_arabia,false,,867,CK3 00_landed_titles.txt
b_sarmat,c_fetegar,d_showa,k_abyssinia,e_abyssinia,false,,867,CK3 00_landed_titles.txt
b_sarnah,c_gao,d_kawkaw,k_songhay,e_mali,false,,867,CK3 00_landed_titles.txt
b_sarny,c_turov,d_turov,k_ruthenia,e_russia,false,,867,CK3 00_landed_titles.txt
b_sarpang,c_paro,d_paro,k_lhomon,e_tibet,false,,867,CK3 00_landed_titles.txt
b_sarria,c_leon,d_leon,k_leon,e_spain,false,,867,CK3 00_landed_titles.txt
b_sarsar,c_baghdad,d_baghdad,k_mesopotamia,e_persia,false,,867,CK3 00_landed_titles.txt
b_sarthe,c_maine,d_anjou,k_france,e_france,false,,867,CK3 00_landed_titles.txt
b_sartlan,c_sartlan,d_baraba_steppe,k_ob,e_siberia,true,first_barony_in_county_block,867,CK3 00_landed_titles.txt
b_saruj,c_harran,d_diyarmudar,k_jazira,e_persia,false,,867,CK3 00_landed_titles.txt
b_sarwa,c_barma,d_baguirmi,k_sao,e_kanem_bornu,false,,867,CK3 00_landed_titles.txt
b_sarwan,c_zamindawar,d_zabulistan,k_kabulistan,e_persia,false,,867,CK3 00_landed_titles.txt
b_sarwistan,c_qumisha,d_isfahan,k_persia,e_persia,false,,867,CK3 00_landed_titles.txt
b_sarwistan-shirazi-runiz,c_shiraz,d_fars,k_persia,e_persia,false,,867,CK3 00_landed_titles.txt
b_sary-ozek,c_sutkend,d_chah,k_syr_darya,e_turan,false,,867,CK3 00_landed_titles.txt
b_sary_chumych,c_kondoma,d_aley,k_ob,e_siberia,false,,867,CK3 00_landed_titles.txt
b_sarybulak,c_nasrabad,d_ferghana,k_transoxiana,e_turan,false,,867,CK3 00_landed_titles.txt
b_sarychulsyn,c_emil,d_tarbagatai,k_zhetysu,e_tartaria,false,,867,CK3 00_landed_titles.txt
b_saryg_sep,c_arzhan,d_togina,k_tuva,e_mongolia,false,,867,CK3 00_landed_titles.txt
b_sarykamysh,c_sarykamysh,d_uzboy,k_transoxiana,e_turan,true,first_barony_in_county_block,867,CK3 00_landed_titles.txt
b_sarysyn,c_sarysyn,d_don_valley,k_pontic_steppe,e_caspian-pontic_steppe,true,first_barony_in_county_block,867,CK3 00_landed_titles.txt
b_sarytau,c_torangy_kul,d_akaltay,k_dzungaria,e_tartaria,false,,867,CK3 00_landed_titles.txt
b_sasaram,c_sasaram,d_magadha,k_bihar,e_bengal,true,first_barony_in_county_block,867,CK3 00_landed_titles.txt
b_sassandra,c_kru,d_kru,k_guinea,e_guinea,false,,867,CK3 00_landed_titles.txt
b_sassari,c_logudoro,d_sardinia,k_sardinia,e_italy,true,first_barony_in_county_block,867,CK3 00_landed_titles.txt
b_sasvar,c_nyitra,d_nyitra,k_hungary,e_carpathia,false,,867,CK3 00_landed_titles.txt
b_sasyk_kul,c_sasyk_kul,d_semey,k_kipchak,e_tartaria,true,first_barony_in_county_block,867,CK3 00_landed_titles.txt
b_satala,c_satala,d_chaldia,k_pontus,e_byzantium,true,first_barony_in_county_block,867,CK3 00_landed_titles.txt
b_satama-sokoro,c_ndenye,d_gyaman,k_akan,e_guinea,false,,867,CK3 00_landed_titles.txt
b_satghara,c_dipalpur,d_lahore,k_punjab,e_rajastan,false,,867,CK3 00_landed_titles.txt
b_satif,c_satif,d_bejaia,k_tahert,e_maghreb,true,first_barony_in_county_block,867,CK3 00_landed_titles.txt
b_satka,c_uiska,d_uraltau,k_bashkiria,e_volga-ural,false,,867,CK3 00_landed_titles.txt
b_satyapura,c_satyapura,d_stravani,k_rajputana,e_rajastan,true,first_barony_in_county_block,867,CK3 00_landed_titles.txt
b_saumur,c_saumur,d_anjou,k_france,e_france,true,first_barony_in_county_block,867,CK3 00_landed_titles.txt
b_savalu,c_savalu,d_savalu,k_borgu,e_guinea,true,first_barony_in_county_block,867,CK3 00_landed_titles.txt
b_savarinarayana,c_ratanpur,d_ratanpur,k_gondwana,e_bengal,false,,867,CK3 00_landed_titles.txt
b_save,c_shabe,d_savalu,k_borgu,e_guinea,false,,867,CK3 00_landed_titles.txt
b_savitaipale,c_viipuri,d_karelia,k_finland,e_scandinavia,false,,867,CK3 00_landed_titles.txt
b_savona,c_genoa,d_genoa,k_italy,e_italy,false,,867,CK3 00_landed_titles.txt
b_savra,c_dyrrachion,d_dyrrachion,k_epirus,e_byzantium,false,,867,CK3 00_landed_titles.txt
b_sawa,c_qom,d_rayy,k_persia,e_persia,false,,867,CK3 00_landed_titles.txt
b_sawran,c_shavgar,d_chah,k_syr_darya,e_turan,false,,867,CK3 00_landed_titles.txt
b_say,c_say,d_lower_gurma,k_gurma,e_mali,true,first_barony_in_county_block,867,CK3 00_landed_titles.txt
b_sayak,c_umiai,d_vasyugan_mire,k_ob,e_siberia,false,,867,CK3 00_landed_titles.txt
b_sayala,c_qurta,d_nobatia,k_nubia,e_abyssinia,false,,867,CK3 00_landed_titles.txt
b_sayanchu,c_sayanchu,d_western_sayan,k_tuva,e_mongolia,true,first_barony_in_county_block,867,CK3 00_landed_titles.txt
b_sayaq,c_taraz,d_talas_alatau,k_syr_darya,e_turan,false,,867,CK3 00_landed_titles.txt
b_sayat,c_amol,d_merv,k_khorasan,e_persia,false,,867,CK3 00_landed_titles.txt
b_saymur,c_somnath,d_saurashtra,k_gujarat,e_rajastan,false,,867,CK3 00_landed_titles.txt
b_sayn,c_sayn,d_lower_lorraine,k_lotharingia,e_germany,true,first_barony_in_county_block,867,CK3 00_landed_titles.txt
b_sayram,c_chah,d_chah,k_syr_darya,e_turan,false,,867,CK3 00_landed_titles.txt
b_sborishte,c_dorostorum,d_turnovo,k_bulgaria,e_byzantium,false,,867,CK3 00_landed_titles.txt
b_scalloway,c_shetland,d_northern_isles,k_norway,e_scandinavia,true,first_barony_in_county_block,867,CK3 00_landed_titles.txt
b_scaptopara,c_pirin,d_bulgaria,k_bulgaria,e_byzantium,false,,867,CK3 00_landed_titles.txt
b_scarborough,c_north_riding,d_york,k_england,e_britannia,false,,867,CK3 00_landed_titles.txt
b_scharding,c_passau,d_bavaria,k_bavaria,e_germany,false,,867,CK3 00_landed_titles.txt
b_schauenburg,c_wolpe,d_angria,k_saxony,e_germany,false,,867,CK3 00_landed_titles.txt
b_schaumberg,c_schaumberg,d_salzburg,k_bavaria,e_germany,true,first_barony_in_county_block,867,CK3 00_landed_titles.txt
b_schelklingen,c_ulm,d_swabia,k_east_francia,e_germany,false,,867,CK3 00_landed_titles.txt
b_schmalkalden,c_schmalkalden,d_thuringia,k_east_francia,e_germany,true,first_barony_in_county_block,867,CK3 00_landed_titles.txt
b_schongau,c_alpsee,d_augsburg,k_bavaria,e_germany,true,first_barony_in_county_block,867,CK3 00_landed_titles.txt
b_schwalenberg,c_lippe,d_angria,k_saxony,e_germany,false,,867,CK3 00_landed_titles.txt
b_schwarzburg,c_orlamunde,d_thuringia,k_east_francia,e_germany,false,,867,CK3 00_landed_titles.txt
b_schwedt,c_prenzlau,d_ostmark,k_pomerania,e_wendish_empire,false,,867,CK3 00_landed_titles.txt
b_schweibus,c_schweibus,d_lower_silesia,k_poland,e_west_slavia,true,first_barony_in_county_block,867,CK3 00_landed_titles.txt
b_schweinfurt,c_wiltberg,d_east_franconia,k_east_francia,e_germany,false,,867,CK3 00_landed_titles.txt
b_schwerin,c_mecklenburg,d_nordmark,k_pomerania,e_wendish_empire,false,,867,CK3 00_landed_titles.txt
b_schwetz,c_berent,d_pomerelia,k_pomerania,e_wendish_empire,true,first_barony_in_county_block,867,CK3 00_landed_titles.txt
b_schwyz,c_zurich,d_currezia,k_east_francia,e_germany,false,,867,CK3 00_landed_titles.txt
b_se,c_sagya,d_sagya,k_tsang,e_tibet,false,,867,CK3 00_landed_titles.txt
b_sebaste,c_lydia,d_thracesia,k_nikaea,e_byzantium,false,,867,CK3 00_landed_titles.txt
b_sebasteia,c_sebasteia,d_sebasteia,k_pontus,e_byzantium,true,first_barony_in_county_block,867,CK3 00_landed_titles.txt
b_sebastopolis,c_sebasteia,d_sebasteia,k_pontus,e_byzantium,false,,867,CK3 00_landed_titles.txt
b_sebezh,c_sebezh,d_novgorod,k_novgorod,e_russia,true,first_barony_in_county_block,867,CK3 00_landed_titles.txt
b_sebur,c_sebur,d_perm,k_permia,e_volga-ural,true,first_barony_in_county_block,867,CK3 00_landed_titles.txt
b_sedano,c_amaya,d_cantabria,k_castille,e_spain,false,,867,CK3 00_landed_titles.txt
b_sedlec,c_zatec,d_bohemia,k_bohemia,e_west_slavia,false,,867,CK3 00_landed_titles.txt
b_sees,c_lisieux,d_normandy,k_france,e_france,false,,867,CK3 00_landed_titles.txt
b_seesjarvi,c_kontupohja,d_karelia,k_finland,e_scandinavia,false,,867,CK3 00_landed_titles.txt
b_sefrou,c_meknes,d_fes,k_maghreb,e_maghreb,false,,867,CK3 00_landed_titles.txt
b_segarcea,c_calafat,d_oltenia,k_dacia,e_carpathia,false,,867,CK3 00_landed_titles.txt
b_segbana,c_nikki,d_borgu,k_borgu,e_guinea,false,,867,CK3 00_landed_titles.txt
b_segni,c_tivoli,d_latium,k_romagna,e_italy,false,,867,CK3 00_landed_titles.txt
b_segorbe,c_castellon,d_valencia,k_valencia,e_spain,false,,867,CK3 00_landed_titles.txt
b_segou,c_dodugu,d_jenne,k_jenne,e_mali,true,first_barony_in_county_block,867,CK3 00_landed_titles.txt
b_segovia,c_cuellar,d_castilla,k_castille,e_spain,true,first_barony_in_county_block,867,CK3 00_landed_titles.txt
b_seguela,c_worodugu,d_worodugu,k_kong,e_guinea,false,,867,CK3 00_landed_titles.txt
b_segura,c_alcaraz,d_murcia,k_valencia,e_spain,false,,867,CK3 00_landed_titles.txt
b_sehwi,c_aowin,d_adiukru,k_akan,e_guinea,false,,867,CK3 00_landed_titles.txt
b_seilanger,c_medelpad,d_norrland,k_sweden,e_scandinavia,true,first_barony_in_county_block,867,CK3 00_landed_titles.txt
b_sejny,c_yatvyagi,d_lithuanians,k_lithuania,e_wendish_empire,false,,867,CK3 00_landed_titles.txt
b_selenga,c_selenga,d_selenga_valley,k_otuken,e_mongolia,true,first_barony_in_county_block,867,CK3 00_landed_titles.txt
b_selestat,c_colmar,d_alsace,k_east_francia,e_germany,false,,867,CK3 00_landed_titles.txt
b_seletyteniz,c_shchuchinsk,d_kazakh,k_cuman,e_tartaria,false,,867,CK3 00_landed_titles.txt
b_seleukia,c_seleucia,d_cilicia,k_anatolia,e_byzantium,true,first_barony_in_county_block,867,CK3 00_landed_titles.txt
b_selge,c_selge,d_anatolia,k_anatolia,e_byzantium,true,first_barony_in_county_block,867,CK3 00_landed_titles.txt
b_seligenstadt,c_erbach,d_west_franconia,k_east_francia,e_germany,false,,867,CK3 00_landed_titles.txt
b_selinga,c_belogorje,d_sibir,k_sibir,e_siberia,false,,867,CK3 00_landed_titles.txt
b_selinus,c_pamphylia,d_cibyrrhaeot,k_anatolia,e_byzantium,false,,867,CK3 00_landed_titles.txt
b_selkirk,c_teviotdale,d_lothian,k_scotland,e_britannia,false,,867,CK3 00_landed_titles.txt
b_selmecbanya,c_hont,d_nyitra,k_hungary,e_carpathia,false,,867,CK3 00_landed_titles.txt
b_selo,c_turov,d_turov,k_ruthenia,e_russia,false,,867,CK3 00_landed_titles.txt
b_selpils,c_selpils,d_courland,k_lithuania,e_wendish_empire,true,first_barony_in_county_block,867,CK3 00_landed_titles.txt
b_seltsa_u_nishi,c_luki,d_luki,k_novgorod,e_russia,false,,867,CK3 00_landed_titles.txt
b_selymbria,c_brysis,d_thrace,k_thessalonika,e_byzantium,false,,867,CK3 00_landed_titles.txt
b_semenov,c_cykma,d_martyuba,k_volga_bulgaria,e_volga-ural,false,,867,CK3 00_landed_titles.txt
b_semey,c_semey,d_semey,k_kipchak,e_tartaria,true,first_barony_in_county_block,867,CK3 00_landed_titles.txt
b_semien,c_semien,d_gondar,k_abyssinia,e_abyssinia,false,,867,CK3 00_landed_titles.txt
b_semikarakary,c_sarkel,d_khazaria,k_caucasus,e_caspian-pontic_steppe,false,,867,CK3 00_landed_titles.txt
b_semisjaur,c_pite,d_aarjetje,k_sapmi,e_scandinavia,false,,867,CK3 00_landed_titles.txt
b_semna,c_batn_al-hajar,d_nobatia,k_nubia,e_abyssinia,true,first_barony_in_county_block,867,CK3 00_landed_titles.txt
b_semur_en_brionnais,c_macon,d_burgundy,k_france,e_france,false,,867,CK3 00_landed_titles.txt
b_sengim,c_toksun,d_karashar,k_khotan,e_turan,false,,867,CK3 00_landed_titles.txt
b_senj,c_gacka,d_croatia,k_croatia,e_byzantium,true,first_barony_in_county_block,867,CK3 00_landed_titles.txt
b_senkadagalapura,c_kandy,d_dakhina_desa,k_lanka,e_deccan,false,,867,CK3 00_landed_titles.txt
b_senlis,c_valois,d_valois,k_france,e_france,true,first_barony_in_county_block,867,CK3 00_landed_titles.txt
b_sennar,c_sennar,d_sennar,k_nubia,e_abyssinia,true,first_barony_in_county_block,867,CK3 00_landed_titles.txt
b_seno-south,c_seno,d_yatenga,k_gurma,e_mali,false,,867,CK3 00_landed_titles.txt
b_sens,c_sens,d_champagne,k_france,e_france,true,first_barony_in_county_block,867,CK3 00_landed_titles.txt
b_senufo,c_kong,d_kong,k_kong,e_guinea,false,,867,CK3 00_landed_titles.txt
b_seoni,c_ramagiri,d_vidharba,k_maharastra,e_deccan,false,,867,CK3 00_landed_titles.txt
b_sepla,c_tawang,d_monyul,k_lhomon,e_tibet,false,,867,CK3 00_landed_titles.txt
b_sepsiszentgyorgy,c_barcasag,d_transylvania,k_hungary,e_carpathia,false,,867,CK3 00_landed_titles.txt
b_sequiet_el-hamra,c_zammour,d_zammour,k_anbiya,e_maghreb,false,,867,CK3 00_landed_titles.txt
b_seradu,c_kuranko,d_loma,k_mali,e_mali,false,,867,CK3 00_landed_titles.txt
b_seraye,c_serae,d_aksum,k_abyssinia,e_abyssinia,true,first_barony_in_county_block,867,CK3 00_landed_titles.txt
b_serdosk,c_serdosk,d_saran,k_mordvinia,e_volga-ural,true,first_barony_in_county_block,867,CK3 00_landed_titles.txt
b_serek,c_kulan_uynak,d_kentarlau,k_kipchak,e_tartaria,false,,867,CK3 00_landed_titles.txt
b_seretang,c_baima,d_golog,k_gyalrong,e_tibet,true,first_barony_in_county_block,867,CK3 00_landed_titles.txt
b_serga,c_lysva,d_perm,k_permia,e_volga-ural,false,,867,CK3 00_landed_titles.txt
b_seringapatam,c_talakad,d_gangavadi,k_karnata,e_deccan,false,,867,CK3 00_landed_titles.txt
b_serkok,c_datong,d_xining,k_amdo,e_tibet,false,,867,CK3 00_landed_titles.txt
b_sero,c_yelimane,d_diafunu,k_ghana,e_mali,false,,867,CK3 00_landed_titles.txt
b_serpa,c_moura,d_sevilla,k_andalusia,e_spain,false,,867,CK3 00_landed_titles.txt
b_serpukhov,c_moskva,d_opolye,k_opolye,e_russia,false,,867,CK3 00_landed_titles.txt
b_serra,c_faras,d_nobatia,k_nubia,e_abyssinia,false,,867,CK3 00_landed_titles.txt
b_serres,c_serres,d_strymon,k_thessalonika,e_byzantium,true,first_barony_in_county_block,867,CK3 00_landed_titles.txt
b_sersou,c_ashir,d_tahert,k_tahert,e_maghreb,false,,867,CK3 00_landed_titles.txt
b_sertar,c_sertar,d_chakla,k_gyalrong,e_tibet,true,first_barony_in_county_block,867,CK3 00_landed_titles.txt
b_servia,c_thessalia,d_thessaly,k_thessalonika,e_byzantium,false,,867,CK3 00_landed_titles.txt
b_serxu,c_lingtsang,d_lingtsang,k_kham,e_tibet,false,,867,CK3 00_landed_titles.txt
b_setanay,c_ioci,d_sum,k_aynumosir,e_amur,false,,867,CK3 00_landed_titles.txt
b_setgel_uul,c_kropot,d_eastern_sayan,k_khakassia,e_mongolia,false,,867,CK3 00_landed_titles.txt
b_seti,c_odishi,d_abkhazia,k_georgia,e_byzantium,false,,867,CK3 00_landed_titles.txt
b_setsen_sart,c_urgamal,d_zavkhan,k_naimania,e_mongolia,false,,867,CK3 00_landed_titles.txt
b_setubal,c_lisboa,d_beja,k_badajoz,e_spain,false,,867,CK3 00_landed_titles.txt
b_seu_d_urgell,c_urgell,d_barcelona,k_aragon,e_spain,false,,867,CK3 00_landed_titles.txt
b_seunapura,c_trikuta,d_nasikya,k_maharastra,e_deccan,false,,867,CK3 00_landed_titles.txt
b_severin,c_severin,d_oltenia,k_dacia,e_carpathia,true,first_barony_in_county_block,867,CK3 00_landed_titles.txt
b_sevilla,c_sevilla,d_sevilla,k_andalusia,e_spain,true,first_barony_in_county_block,867,CK3 00_landed_titles.txt
b_sevsk,c_sevsk,d_karachev,k_ruthenia,e_russia,true,first_barony_in_county_block,867,CK3 00_landed_titles.txt
b_sevuki,c_vanand,d_greater_armenia,k_armenia,e_byzantium,false,,867,CK3 00_landed_titles.txt
b_sewa,c_sewa,d_conyi,k_u,e_tibet,true,first_barony_in_county_block,867,CK3 00_landed_titles.txt
b_sfax,c_sfax,d_gabes,k_africa,e_maghreb,true,first_barony_in_county_block,867,CK3 00_landed_titles.txt
b_shabe,c_shabe,d_savalu,k_borgu,e_guinea,true,first_barony_in_county_block,867,CK3 00_landed_titles.txt
b_shabelle,c_gidaya,d_shabelle,k_bale,e_azania,false,,867,CK3 00_landed_titles.txt
b_shabelle-hiran,c_hiraab,d_mogadishu,k_ajuraan,e_azania,false,,867,CK3 00_landed_titles.txt
b_shabwa,c_jawf-al-yamani,d_jawf-al-yamani,k_yemen,e_arabia,false,,867,CK3 00_landed_titles.txt
b_shade,c_chakla,d_chakla,k_gyalrong,e_tibet,false,,867,CK3 00_landed_titles.txt
b_shaftesbury,c_dorset,d_somerset,k_england,e_britannia,false,,867,CK3 00_landed_titles.txt
b_shagal,c_amol,d_merv,k_khorasan,e_persia,false,,867,CK3 00_landed_titles.txt
b_shahbandar,c_debul,d_sauvira,k_sindh,e_rajastan,false,,867,CK3 00_landed_titles.txt
b_shaheinab,c_ushara,d_alwa,k_nubia,e_abyssinia,false,,867,CK3 00_landed_titles.txt
b_shahr-e-babak,c_shahre-babak,d_yazd,k_persia,e_persia,true,first_barony_in_county_block,867,CK3 00_landed_titles.txt
b_shahrakht,c_zirkuh,d_herat,k_khorasan,e_persia,false,,867,CK3 00_landed_titles.txt
b_shahrastan,c_abivard,d_nasa,k_khorasan,e_persia,false,,867,CK3 00_landed_titles.txt
b_shahrazur,c_shahrazur,d_kurdistan,k_jazira,e_persia,true,first_barony_in_county_block,867,CK3 00_landed_titles.txt
b_shahru,c_hormuz,d_hormuz,k_persia,e_persia,false,,867,CK3 00_landed_titles.txt
b_shai,c_kwahu-akyem,d_ashanti,k_akan,e_guinea,false,,867,CK3 00_landed_titles.txt
b_shakambhari,c_ajayameru,d_ajmer,k_rajputana,e_rajastan,true,first_barony_in_county_block,867,CK3 00_landed_titles.txt
b_shakin,c_urgun,d_gandhara,k_punjab,e_rajastan,false,,867,CK3 00_landed_titles.txt
b_shal,c_sibi,d_bhakkar,k_sindh,e_rajastan,false,,867,CK3 00_landed_titles.txt
b_shalush,c_ruyan,d_tabaristan,k_daylam,e_persia,false,,867,CK3 00_landed_titles.txt
b_shama,c_fante,d_ashanti,k_akan,e_guinea,false,,867,CK3 00_landed_titles.txt
b_shamat,c_nishapur,d_nishapur,k_khorasan,e_persia,false,,867,CK3 00_landed_titles.txt
b_shamkur,c_khachen,d_greater_armenia,k_armenia,e_byzantium,false,,867,CK3 00_landed_titles.txt
b_shandur,c_golaghmuli,d_pamir,k_kashmir,e_rajastan,false,,867,CK3 00_landed_titles.txt
b_shankh,c_karakorum,d_orkhon,k_otuken,e_mongolia,false,,867,CK3 00_landed_titles.txt
b_shantoskoye,c_tyumen,d_ostyaki,k_yugra,e_siberia,false,,867,CK3 00_landed_titles.txt
b_shapurqan,c_balkh,d_balkh,k_khorasan,e_persia,false,,867,CK3 00_landed_titles.txt
b_shaqlabadh,c_kurdistan,d_kurdistan,k_jazira,e_persia,false,,867,CK3 00_landed_titles.txt
b_sharaf_al-bal,c_al_aqabah,d_shammar,k_arabia,e_arabia,false,,867,CK3 00_landed_titles.txt
b_sharan,c_ghazna,d_zabulistan,k_kabulistan,e_persia,false,,867,CK3 00_landed_titles.txt
b_sharga,c_sharga,d_gobi_altai,k_naimania,e_mongolia,true,first_barony_in_county_block,867,CK3 00_landed_titles.txt
b_sharga_OTU,c_karabalgasun,d_orkhon,k_otuken,e_mongolia,false,,867,CK3 00_landed_titles.txt
b_sharka,c_sharka,d_sharka,k_damot,e_abyssinia,true,first_barony_in_county_block,867,CK3 00_landed_titles.txt
b_sharshal,c_tanas,d_alger,k_tahert,e_maghreb,false,,867,CK3 00_landed_titles.txt
b_sharuq,c_hamadan,d_hamadan,k_persia,e_persia,false,,867,CK3 00_landed_titles.txt
b_sharusan,c_ranikot,d_sauvira,k_sindh,e_rajastan,false,,867,CK3 00_landed_titles.txt
b_shatrunjaya,c_valabhi,d_saurashtra,k_gujarat,e_rajastan,false,,867,CK3 00_landed_titles.txt
b_shatt,c_south_kordofan,d_kordofan,k_darfur,e_kanem_bornu,true,first_barony_in_county_block,867,CK3 00_landed_titles.txt
b_shavgar,c_shavgar,d_chah,k_syr_darya,e_turan,true,first_barony_in_county_block,867,CK3 00_landed_titles.txt
b_shawashkan,c_merv,d_merv,k_khorasan,e_persia,false,,867,CK3 00_landed_titles.txt
b_shawbak,c_kerak,d_oultrejourdain,k_jerusalem,e_arabia,false,,867,CK3 00_landed_titles.txt
b_shayar,c_kucha,d_karashar,k_khotan,e_turan,false,,867,CK3 00_landed_titles.txt
b_shayzar,c_shayzar,d_homs,k_syria,e_arabia,true,first_barony_in_county_block,867,CK3 00_landed_titles.txt
b_shchuchinsk,c_shchuchinsk,d_kazakh,k_cuman,e_tartaria,true,first_barony_in_county_block,867,CK3 00_landed_titles.txt
b_shchuchye,c_vargashi,d_tobol-ishim,k_qara_dala,e_tartaria,false,,867,CK3 00_landed_titles.txt
b_sheffield,c_west_riding,d_york,k_england,e_britannia,false,,867,CK3 00_landed_titles.txt
b_sheikh,c_makhir,d_sanaag,k_adal,e_abyssinia,false,,867,CK3 00_landed_titles.txt
b_sheikh_dawud,c_qasr_ibrim,d_nobatia,k_nubia,e_abyssinia,false,,867,CK3 00_landed_titles.txt
b_sheksna,c_vologda,d_vologda,k_bjarmaland,e_russia,false,,867,CK3 00_landed_titles.txt
b_shelji,c_shelji,d_muyunkum,k_syr_darya,e_turan,true,first_barony_in_county_block,867,CK3 00_landed_titles.txt
b_shelkar,c_nyalam,d_sagya,k_tsang,e_tibet,false,,867,CK3 00_landed_titles.txt
b_shemakha,c_shaki,d_shirvan,k_daylam,e_persia,true,first_barony_in_county_block,867,CK3 00_landed_titles.txt
b_shemkhiya,c_shamir,d_shamir,k_nubia,e_abyssinia,true,first_barony_in_county_block,867,CK3 00_landed_titles.txt
b_shendi,c_abwab,d_makuria,k_nubia,e_abyssinia,false,,867,CK3 00_landed_titles.txt
b_shenkursk,c_shenkursk,d_ustyug,k_bjarmaland,e_russia,true,first_barony_in_county_block,867,CK3 00_landed_titles.txt
b_sheopur,c_ranthambore,d_ajmer,k_rajputana,e_rajastan,false,,867,CK3 00_landed_titles.txt
b_shergarh,c_purushapura,d_gandhara,k_punjab,e_rajastan,false,,867,CK3 00_landed_titles.txt
b_shey,c_leh,d_ladakh,k_maryul,e_tibet,false,,867,CK3 00_landed_titles.txt
b_shibam,c_hadramawt,d_hadramawt,k_yemen,e_arabia,true,first_barony_in_county_block,867,CK3 00_landed_titles.txt
b_shibam-sanaa,c_sanaa,d_sanaa,k_yemen,e_arabia,false,,867,CK3 00_landed_titles.txt
b_shigar,c_shigar,d_baltiyul,k_maryul,e_tibet,true,first_barony_in_county_block,867,CK3 00_landed_titles.txt
b_shikarji,c_damin_i_koh,d_jharkand,k_bihar,e_bengal,false,,867,CK3 00_landed_titles.txt
b_shikarpur,c_bhakkar,d_bhakkar,k_sindh,e_rajastan,false,,867,CK3 00_landed_titles.txt
b_shilmuustoi,c_yera,d_dauria,k_buryatia,e_mongolia,false,,867,CK3 00_landed_titles.txt
b_shimal,c_kerken,d_ural,k_permia,e_volga-ural,false,,867,CK3 00_landed_titles.txt
b_shimazana,c_serae,d_aksum,k_abyssinia,e_abyssinia,false,,867,CK3 00_landed_titles.txt
b_shimshat,c_bakriya,d_diyarbakr,k_jazira,e_persia,false,,867,CK3 00_landed_titles.txt
b_shina,c_kizir,d_blue_khakassia,k_khakassia,e_mongolia,false,,867,CK3 00_landed_titles.txt
b_shinqiti,c_wadan,d_adrar,k_anbiya,e_maghreb,false,,867,CK3 00_landed_titles.txt
b_shirakawa,c_iwaki,d_hitakami,k_hitakami,e_amur,false,,867,CK3 00_landed_titles.txt
b_shiraz-farsi,c_shiraz,d_fars,k_persia,e_persia,true,first_barony_in_county_block,867,CK3 00_landed_titles.txt
b_shiraz-sarakhsi,c_sarakhs,d_merv,k_khorasan,e_persia,false,,867,CK3 00_landed_titles.txt
b_shirvan,c_shirvan,d_shirvan,k_daylam,e_persia,false,,867,CK3 00_landed_titles.txt
b_shishina,c_shishina,d_yenisei_kan,k_angara,e_mongolia,true,first_barony_in_county_block,867,CK3 00_landed_titles.txt
b_shityy,c_shityy,d_eastern_sayan,k_khakassia,e_mongolia,true,first_barony_in_county_block,867,CK3 00_landed_titles.txt
b_shivapura,c_rayapura,d_daksina_kosala,k_orissa,e_bengal,false,,867,CK3 00_landed_titles.txt
b_shiz,c_maragha,d_azerbaijan,k_daylam,e_persia,false,,867,CK3 00_landed_titles.txt
b_sholapur,c_naldurg,d_rattapadi,k_maharastra,e_deccan,false,,867,CK3 00_landed_titles.txt
b_shoma,c_massina,d_mema,k_ghana,e_mali,false,,867,CK3 00_landed_titles.txt
b_shor,c_shor,d_shoria,k_khakassia,e_mongolia,false,,867,CK3 00_landed_titles.txt
b_shorapann,c_guria,d_abkhazia,k_georgia,e_byzantium,false,,867,CK3 00_landed_titles.txt
b_shorchuk,c_luntai,d_karashar,k_khotan,e_turan,false,,867,CK3 00_landed_titles.txt
b_shorkot,c_shorkot,d_lahore,k_punjab,e_rajastan,false,,867,CK3 00_landed_titles.txt
b_showak,c_showak,d_baqlin,k_blemmyia,e_abyssinia,true,first_barony_in_county_block,867,CK3 00_landed_titles.txt
b_showak_south,c_showak,d_baqlin,k_blemmyia,e_abyssinia,false,,867,CK3 00_landed_titles.txt
b_shravana_belgola,c_mahishaka,d_gangavadi,k_karnata,e_deccan,false,,867,CK3 00_landed_titles.txt
b_shrewsbury,c_shropshire,d_hereford,k_england,e_britannia,true,first_barony_in_county_block,867,CK3 00_landed_titles.txt
b_shrinagar,c_bhumilka,d_saurashtra,k_gujarat,e_rajastan,false,,867,CK3 00_landed_titles.txt
b_shringeri,c_banavasi,d_nulambavadi,k_karnata,e_deccan,false,,867,CK3 00_landed_titles.txt
b_shtip,c_strumica,d_bulgaria,k_bulgaria,e_byzantium,false,,867,CK3 00_landed_titles.txt
b_shugel_ondor,c_kotera,d_bargujin_tukum,k_buryatia,e_mongolia,false,,867,CK3 00_landed_titles.txt
b_shughnan,c_shughnan,d_badakhshan,k_transoxiana,e_turan,true,first_barony_in_county_block,867,CK3 00_landed_titles.txt
b_shulak,c_shavgar,d_chah,k_syr_darya,e_turan,false,,867,CK3 00_landed_titles.txt
b_shule_river,c_dafang,d_loulan,k_khotan,e_turan,false,,867,CK3 00_landed_titles.txt
b_shuman,c_rasht,d_khuttal,k_transoxiana,e_turan,false,,867,CK3 00_landed_titles.txt
b_shumen,c_dorostorum,d_turnovo,k_bulgaria,e_byzantium,false,,867,CK3 00_landed_titles.txt
b_shunqayr,c_atbara,d_makuria,k_nubia,e_abyssinia,false,,867,CK3 00_landed_titles.txt
b_shurmin,c_rivsharan,d_merv,k_khorasan,e_persia,false,,867,CK3 00_landed_titles.txt
b_shurysh,c_chulym,d_ala_tau,k_ob,e_siberia,false,,867,CK3 00_landed_titles.txt
b_shuya,c_plyos,d_nizhny_novgorod,k_opolye,e_russia,false,,867,CK3 00_landed_titles.txt
b_shyganak,c_aksuyek,d_zhetysu,k_zhetysu,e_tartaria,false,,867,CK3 00_landed_titles.txt
b_shyungme,c_xainza,d_nyima,k_tsang,e_tibet,false,,867,CK3 00_landed_titles.txt
b_siantan,c_riau,d_MAL_pahang,k_hujung_medini,e_srivijaya,false,,867,CK3 00_landed_titles.txt
b_siauliai,c_siauliai,d_samogitia,k_lithuania,e_wendish_empire,true,first_barony_in_county_block,867,CK3 00_landed_titles.txt
b_sibenik,c_knin,d_dalmatia,k_croatia,e_byzantium,false,,867,CK3 00_landed_titles.txt
b_siberut,c_mentawai,d_nias,k_malayadvipa,e_srivijaya,true,first_barony_in_county_block,867,CK3 00_landed_titles.txt
b_sibi,c_sibi,d_bhakkar,k_sindh,e_rajastan,true,first_barony_in_county_block,867,CK3 00_landed_titles.txt
b_sibi_mali,c_sibi_mali,d_manding,k_mali,e_mali,true,first_barony_in_county_block,867,CK3 00_landed_titles.txt
b_sibir,c_sibir,d_sibir,k_sibir,e_siberia,true,first_barony_in_county_block,867,CK3 00_landed_titles.txt
b_sibnak_chenchungo,c_amdo,d_amdo,k_amdo,e_tibet,false,,867,CK3 00_landed_titles.txt
b_sidamo-south,c_sidamo,d_bali,k_bale,e_azania,false,,867,CK3 00_landed_titles.txt
b_siddhapura,c_sarasvata_mandala,d_gurjara_mandala,k_gujarat,e_rajastan,false,,867,CK3 00_landed_titles.txt
b_side,c_pamphylia,d_cibyrrhaeot,k_anatolia,e_byzantium,false,,867,CK3 00_landed_titles.txt
b_siderokastron,c_serres,d_strymon,k_thessalonika,e_byzantium,false,,867,CK3 00_landed_titles.txt
b_sidi_uqba,c_biskra,d_zab,k_tahert,e_maghreb,false,,867,CK3 00_landed_titles.txt
b_sidrah,c_kordofan,d_kordofan,k_darfur,e_kanem_bornu,false,,867,CK3 00_landed_titles.txt
b_siedlischo,c_schweibus,d_lower_silesia,k_poland,e_west_slavia,false,,867,CK3 00_landed_titles.txt
b_siegburg,c_bergh,d_lower_lorraine,k_lotharingia,e_germany,false,,867,CK3 00_landed_titles.txt
b_siegen,c_nassau,d_hesse,k_east_francia,e_germany,true,first_barony_in_county_block,867,CK3 00_landed_titles.txt
b_siena,c_siena,d_toscana,k_italy,e_italy,true,first_barony_in_county_block,867,CK3 00_landed_titles.txt
b_sieradz,c_sieradzka,d_kuyavia,k_poland,e_west_slavia,true,first_barony_in_county_block,867,CK3 00_landed_titles.txt
b_sierradegredos,c_avila,d_leon,k_leon,e_spain,false,,867,CK3 00_landed_titles.txt
b_sierradesanjust,c_albarracin,d_aragon,k_aragon,e_spain,false,,867,CK3 00_landed_titles.txt
b_siffin,c_syrrusafa,d_aleppo,k_syria,e_arabia,false,,867,CK3 00_landed_titles.txt
b_siggevara,c_siggevara,d_duortnoseatnu,k_sapmi,e_scandinavia,true,first_barony_in_county_block,867,CK3 00_landed_titles.txt
b_sighnaq,c_sighnaq,d_syr_darya,k_syr_darya,e_turan,true,first_barony_in_county_block,867,CK3 00_landed_titles.txt
b_sigmaringen,c_grunningen,d_swabia,k_east_francia,e_germany,false,,867,CK3 00_landed_titles.txt
b_sigtuna,c_upland,d_svealand,k_sweden,e_scandinavia,true,first_barony_in_county_block,867,CK3 00_landed_titles.txt
b_siguenza,c_molina,d_toledo,k_andalusia,e_spain,false,,867,CK3 00_landed_titles.txt
b_siguiri,c_bure,d_manding,k_mali,e_mali,true,first_barony_in_county_block,867,CK3 00_landed_titles.txt
b_sihor,c_valabhi,d_saurashtra,k_gujarat,e_rajastan,false,,867,CK3 00_landed_titles.txt
b_sijilmasa,c_sijilmasa,d_tafilalt,k_maghreb,e_maghreb,true,first_barony_in_county_block,867,CK3 00_landed_titles.txt
b_sikasso,c_sikasso,d_bobo,k_jenne,e_mali,true,first_barony_in_county_block,867,CK3 00_landed_titles.txt
b_siklos,c_baranya,d_somogy,k_hungary,e_carpathia,false,,867,CK3 00_landed_titles.txt
b_silach,c_chelabinsk,d_vogulia,k_bashkiria,e_volga-ural,false,,867,CK3 00_landed_titles.txt
b_silalish,c_fetegar,d_showa,k_abyssinia,e_abyssinia,false,,867,CK3 00_landed_titles.txt
b_silandos,c_lydia,d_thracesia,k_nikaea,e_byzantium,false,,867,CK3 00_landed_titles.txt
b_silla,c_silla,d_silla,k_takrur,e_mali,true,first_barony_in_county_block,867,CK3 00_landed_titles.txt
b_siluko,c_owu,d_ife,k_yorubaland,e_guinea,false,,867,CK3 00_landed_titles.txt
b_silves,c_silves,d_algarve,k_badajoz,e_spain,true,first_barony_in_county_block,867,CK3 00_landed_titles.txt
b_silyana,c_tunis,d_tunis,k_africa,e_maghreb,false,,867,CK3 00_landed_titles.txt
b_sim,c_ufa,d_bashkiria,k_bashkiria,e_volga-ural,false,,867,CK3 00_landed_titles.txt
b_simancas,c_valladolid,d_castilla,k_castille,e_spain,false,,867,CK3 00_landed_titles.txt
b_simaramapura,c_simaramapura,d_tirabhukti,k_bihar,e_bengal,true,first_barony_in_county_block,867,CK3 00_landed_titles.txt
b_simbiling,c_purang,d_purang,k_guge,e_tibet,false,,867,CK3 00_landed_titles.txt
b_simbirsk,c_ashli,d_volga_bulgaria,k_volga_bulgaria,e_volga-ural,false,,867,CK3 00_landed_titles.txt
b_simeulue,c_nias,d_nias,k_malayadvipa,e_srivijaya,false,,867,CK3 00_landed_titles.txt
b_simiat,c_el_fasher,d_darfur,k_darfur,e_kanem_bornu,false,,867,CK3 00_landed_titles.txt
b_simiatychi,c_berestye,d_volhynia,k_galicia-volhynia,e_west_slavia,false,,867,CK3 00_landed_titles.txt
b_simikot,c_bajura,d_khasa,k_himalaya,e_rajastan,false,,867,CK3 00_landed_titles.txt
b_simnan,c_khuwar,d_rayy,k_persia,e_persia,false,,867,CK3 00_landed_titles.txt
b_simontornya,c_tolna,d_somogy,k_hungary,e_carpathia,false,,867,CK3 00_landed_titles.txt
b_sinawin,c_bir_amir,d_jerid,k_africa,e_maghreb,false,,867,CK3 00_landed_titles.txt
b_sindkhed,c_mulaka,d_devagiri,k_maharastra,e_deccan,false,,867,CK3 00_landed_titles.txt
b_sindkheda,c_thalner,d_anupa,k_malwa,e_rajastan,false,,867,CK3 00_landed_titles.txt
b_sine,c_baol,d_djolof,k_takrur,e_mali,true,first_barony_in_county_block,867,CK3 00_landed_titles.txt
b_singa,c_sennar,d_sennar,k_nubia,e_abyssinia,false,,867,CK3 00_landed_titles.txt
b_siniz,c_arrajan,d_fars,k_persia,e_persia,false,,867,CK3 00_landed_titles.txt
b_sinj,c_merv,d_merv,k_khorasan,e_persia,false,,867,CK3 00_landed_titles.txt
b_sinja,c_jumla,d_khasa,k_himalaya,e_rajastan,true,first_barony_in_county_block,867,CK3 00_landed_titles.txt
b_sinjar,c_sinjar,d_diyarrabia,k_jazira,e_persia,true,first_barony_in_county_block,867,CK3 00_landed_titles.txt
b_sinjcroat,c_cetina,d_dalmatia,k_croatia,e_byzantium,true,first_barony_in_county_block,867,CK3 00_landed_titles.txt
b_sinkat,c_baqlin,d_baqlin,k_blemmyia,e_abyssinia,true,first_barony_in_county_block,867,CK3 00_landed_titles.txt
b_sinope,c_sinope,d_armeniac,k_pontus,e_byzantium,true,first_barony_in_county_block,867,CK3 00_landed_titles.txt
b_sinoria,c_colonea,d_chaldia,k_pontus,e_byzantium,false,,867,CK3 00_landed_titles.txt
b_sinya,c_nyima,d_nyima,k_tsang,e_tibet,false,,867,CK3 00_landed_titles.txt
b_sioboradh,c_angermanland,d_norrland,k_sweden,e_scandinavia,false,,867,CK3 00_landed_titles.txt
b_sipicar,c_sum,d_sum,k_aynumosir,e_amur,false,,867,CK3 00_landed_titles.txt
b_siponto,c_apulia,d_apulia,k_sicily,e_byzantium,false,,867,CK3 00_landed_titles.txt
b_sipura,c_mentawai,d_nias,k_malayadvipa,e_srivijaya,false,,867,CK3 00_landed_titles.txt
b_siqqabanariya,c_medjerda,d_tunis,k_africa,e_maghreb,false,,867,CK3 00_landed_titles.txt
b_sir_etok,c_simenas,d_menas,k_aynumosir,e_amur,false,,867,CK3 00_landed_titles.txt
b_siraf,c_irahistan,d_fars,k_persia,e_persia,false,,867,CK3 00_landed_titles.txt
b_siraj_ji_takri,c_aror,d_bhakkar,k_sindh,e_rajastan,false,,867,CK3 00_landed_titles.txt
b_siravan,c_masabadhan,d_kermanshah,k_persia,e_persia,true,first_barony_in_county_block,867,CK3 00_landed_titles.txt
b_sirba,c_gurma,d_lower_gurma,k_gurma,e_mali,false,,867,CK3 00_landed_titles.txt
b_siret,c_suceava,d_bukovina,k_moldavia,e_carpathia,false,,867,CK3 00_landed_titles.txt
b_sirhan,c_sirhan,d_jawf,k_arabia,e_arabia,false,,867,CK3 00_landed_titles.txt
b_sirhind,c_sthanisvara,d_kuru,k_delhi,e_rajastan,false,,867,CK3 00_landed_titles.txt
b_sirjan,c_sirjan,d_kirman,k_persia,e_persia,true,first_barony_in_county_block,867,CK3 00_landed_titles.txt
b_sirkas,c_siggevara,d_duortnoseatnu,k_sapmi,e_scandinavia,false,,867,CK3 00_landed_titles.txt
b_sironj,c_vidisa,d_akara_dasarna,k_malwa,e_rajastan,false,,867,CK3 00_landed_titles.txt
b_sirwan,c_sous,d_sous,k_maghreb,e_maghreb,false,,867,CK3 00_landed_titles.txt
b_sisak,c_zagreb,d_slavonia,k_croatia,e_byzantium,false,,867,CK3 00_landed_titles.txt
b_sisim,c_jerjul,d_khakass_hollow,k_khakassia,e_mongolia,false,,867,CK3 00_landed_titles.txt
b_sitawaka,c_dakhina_desa,d_dakhina_desa,k_lanka,e_deccan,false,,867,CK3 00_landed_titles.txt
b_sitges,c_barcelona,d_barcelona,k_aragon,e_spain,false,,867,CK3 00_landed_titles.txt
b_sitti,c_sitti,d_mora,k_adal,e_abyssinia,true,first_barony_in_county_block,867,CK3 00_landed_titles.txt
b_siun,c_siun,d_jalmat,k_volga_bulgaria,e_volga-ural,true,first_barony_in_county_block,867,CK3 00_landed_titles.txt
b_sivaganga,c_uraiyur,d_pandya_nadu,k_tamilakam,e_deccan,false,,867,CK3 00_landed_titles.txt
b_sivakasi,c_madurai,d_pandya_nadu,k_tamilakam,e_deccan,false,,867,CK3 00_landed_titles.txt
b_sivista,c_nicopolis,d_epirus,k_epirus,e_byzantium,false,,867,CK3 00_landed_titles.txt
b_siwa,c_siwa,d_alexandria,k_egypt,e_arabia,true,first_barony_in_county_block,867,CK3 00_landed_titles.txt
b_siwana,c_mandavyapura,d_maru,k_rajputana,e_rajastan,false,,867,CK3 00_landed_titles.txt
b_siwistan,c_siwistan,d_sauvira,k_sindh,e_rajastan,true,first_barony_in_county_block,867,CK3 00_landed_titles.txt
b_siyahjird,c_balkh,d_balkh,k_khorasan,e_persia,false,,867,CK3 00_landed_titles.txt
b_siyahtepe,c_golden_hills,d_don_valley,k_pontic_steppe,e_caspian-pontic_steppe,false,,867,CK3 00_landed_titles.txt
b_sjeltie,c_sjeltie,d_aarjetje,k_sapmi,e_scandinavia,true,first_barony_in_county_block,867,CK3 00_landed_titles.txt
b_sjenica,c_zlatibor,d_rashka,k_serbia,e_byzantium,true,first_barony_in_county_block,867,CK3 00_landed_titles.txt
b_sjokksjokk,c_siggevara,d_duortnoseatnu,k_sapmi,e_scandinavia,false,,867,CK3 00_landed_titles.txt
b_skadar,c_duklja,d_duklja,k_serbia,e_byzantium,false,,867,CK3 00_landed_titles.txt
b_skalstugan,c_jamtfir,d_jamtland,k_norway,e_scandinavia,false,,867,CK3 00_landed_titles.txt
b_skanninge,c_kinda,d_ostergotland,k_sweden,e_scandinavia,false,,867,CK3 00_landed_titles.txt
b_skara,c_skara,d_vastergotland,k_sweden,e_scandinavia,false,,867,CK3 00_landed_titles.txt
b_skardu,c_skardu,d_baltiyul,k_maryul,e_tibet,true,first_barony_in_county_block,867,CK3 00_landed_titles.txt
b_ski,c_vingulmork,d_viken,k_norway,e_scandinavia,false,,867,CK3 00_landed_titles.txt
b_skiringssal,c_vestfold,d_viken,k_norway,e_scandinavia,false,,867,CK3 00_landed_titles.txt
b_skolt,c_skolt,d_giemajohka,k_sapmi,e_scandinavia,true,first_barony_in_county_block,867,CK3 00_landed_titles.txt
b_skopelos,c_euboea,d_athens,k_hellas,e_byzantium,false,,867,CK3 00_landed_titles.txt
b_skopje,c_skopje,d_bulgaria,k_bulgaria,e_byzantium,true,first_barony_in_county_block,867,CK3 00_landed_titles.txt
b_skramlrak,c_abugan,d_kush-murun,k_qara_dala,e_tartaria,false,,867,CK3 00_landed_titles.txt
b_skrapar,c_antipatreia,d_dyrrachion,k_epirus,e_byzantium,false,,867,CK3 00_landed_titles.txt
b_skye,c_outer_hebrides,d_western_isles,k_scotland,e_britannia,true,first_barony_in_county_block,867,CK3 00_landed_titles.txt
b_skynzekkeberge,c_vastmanland,d_bergslagen,k_sweden,e_scandinavia,false,,867,CK3 00_landed_titles.txt
b_skyros,c_lesbos,d_aegean_islands,k_thessalonika,e_byzantium,false,,867,CK3 00_landed_titles.txt
b_slagelse,c_sjaelland,d_sjaelland,k_denmark,e_scandinavia,false,,867,CK3 00_landed_titles.txt
b_slakta,c_sfax,d_gabes,k_africa,e_maghreb,false,,867,CK3 00_landed_titles.txt
b_slany,c_praha,d_bohemia,k_bohemia,e_west_slavia,false,,867,CK3 00_landed_titles.txt
b_slemish,c_ulster,d_ulster,k_ireland,e_britannia,false,,867,CK3 00_landed_titles.txt
b_sligo,c_mayo,d_connacht,k_ireland,e_britannia,false,,867,CK3 00_landed_titles.txt
b_sliven,c_kran,d_philippopolis,k_bulgaria,e_byzantium,false,,867,CK3 00_landed_titles.txt
b_slobozia,c_buzau,d_muntenia,k_dacia,e_carpathia,false,,867,CK3 00_landed_titles.txt
b_slonim,c_novogrudok,d_grodno,k_white_rus,e_russia,false,,867,CK3 00_landed_titles.txt
b_slupsk,c_slupsk,d_pomerelia,k_pomerania,e_wendish_empire,true,first_barony_in_county_block,867,CK3 00_landed_titles.txt
b_slutsk,c_slutsk,d_pinsk,k_white_rus,e_russia,true,first_barony_in_county_block,867,CK3 00_landed_titles.txt
b_smederevo,c_beograd,d_macva,k_serbia,e_byzantium,false,,867,CK3 00_landed_titles.txt
b_smolensk,c_smolensk,d_smolensk,k_white_rus,e_russia,true,first_barony_in_county_block,867,CK3 00_landed_titles.txt
b_smolyan,c_zherkovo,d_philippopolis,k_bulgaria,e_byzantium,false,,867,CK3 00_landed_titles.txt
b_smozolany,c_poszony,d_nyitra,k_hungary,e_carpathia,false,,867,CK3 00_landed_titles.txt
b_smyrna,c_ionia,d_ephese,k_nikaea,e_byzantium,true,first_barony_in_county_block,867,CK3 00_landed_titles.txt
b_soana,c_orbetello,d_toscana,k_italy,e_italy,false,,867,CK3 00_landed_titles.txt
b_soanda,c_charsianon,d_charsianon,k_anatolia,e_byzantium,false,,867,CK3 00_landed_titles.txt
b_soba,c_alodia,d_alwa,k_nubia,e_abyssinia,true,first_barony_in_county_block,867,CK3 00_landed_titles.txt
b_sochaczew,c_gostyninska,d_mazovia,k_poland,e_west_slavia,false,,867,CK3 00_landed_titles.txt
b_sochur,c_sochur,d_ala_tau,k_ob,e_siberia,true,first_barony_in_county_block,867,CK3 00_landed_titles.txt
b_soegud,c_phrygia,d_opsikion,k_nikaea,e_byzantium,false,,867,CK3 00_landed_titles.txt
b_soest,c_munster,d_westfalen,k_saxony,e_germany,false,,867,CK3 00_landed_titles.txt
b_sog,c_sog,d_qamdo,k_kham,e_tibet,true,first_barony_in_county_block,867,CK3 00_landed_titles.txt
b_sognfylki,c_sogn,d_vestlandi,k_norway,e_scandinavia,true,first_barony_in_county_block,867,CK3 00_landed_titles.txt
b_sohar,c_batina,d_oman,k_arabia,e_arabia,true,first_barony_in_county_block,867,CK3 00_landed_titles.txt
b_sokode,c_sokode,d_savalu,k_borgu,e_guinea,true,first_barony_in_county_block,867,CK3 00_landed_titles.txt
b_sokol,c_donjikraji,d_bosna,k_croatia,e_byzantium,false,,867,CK3 00_landed_titles.txt
b_sokolka,c_volkovysk,d_grodno,k_white_rus,e_russia,false,,867,CK3 00_landed_titles.txt
b_sokoto,c_sokoto,d_kebbi,k_hausaland,e_kanem_bornu,true,first_barony_in_county_block,867,CK3 00_landed_titles.txt
b_sokoto-north,c_kebbi,d_kebbi,k_hausaland,e_kanem_bornu,false,,867,CK3 00_landed_titles.txt
b_sokur,c_karabas,d_karabas,k_saryarka,e_tartaria,false,,867,CK3 00_landed_titles.txt
b_sol_vilikaya,c_plyos,d_nizhny_novgorod,k_opolye,e_russia,false,,867,CK3 00_landed_titles.txt
b_solatumum,c_angermanland,d_norrland,k_sweden,e_scandinavia,true,first_barony_in_county_block,867,CK3 00_landed_titles.txt
b_soldin,c_soldin,d_pommerania,k_pomerania,e_wendish_empire,true,first_barony_in_county_block,867,CK3 00_landed_titles.txt
b_soleny,c_tmutarakan,d_azov,k_caucasus,e_caspian-pontic_steppe,false,,867,CK3 00_landed_titles.txt
b_soli,c_soli,d_lower_bosna,k_croatia,e_byzantium,true,first_barony_in_county_block,867,CK3 00_landed_titles.txt
b_soli_CYP,c_famagusta,d_cyprus,k_cyprus,e_byzantium,false,,867,CK3 00_landed_titles.txt
b_soligalich,c_lyubim,d_vologda,k_bjarmaland,e_russia,false,,867,CK3 00_landed_titles.txt
b_solikamsk,c_ural,d_ural,k_permia,e_volga-ural,false,,867,CK3 00_landed_titles.txt
b_solimana,c_solimana,d_loma,k_mali,e_mali,false,,867,CK3 00_landed_titles.txt
b_solin,c_cetina,d_dalmatia,k_croatia,e_byzantium,false,,867,CK3 00_landed_titles.txt
b_solms,c_nassau,d_hesse,k_east_francia,e_germany,false,,867,CK3 00_landed_titles.txt
b_soloi,c_seleucia,d_cilicia,k_anatolia,e_byzantium,false,,867,CK3 00_landed_titles.txt
b_soltsy,c_novgorod,d_novgorod,k_novgorod,e_russia,false,,867,CK3 00_landed_titles.txt
b_soma,c_viena,d_karelia,k_finland,e_scandinavia,false,,867,CK3 00_landed_titles.txt
b_somapur,c_madhupur,d_varendra,k_bengal,e_bengal,false,,867,CK3 00_landed_titles.txt
b_sombio,c_sombio,d_giemajohka,k_sapmi,e_scandinavia,true,first_barony_in_county_block,867,CK3 00_landed_titles.txt
b_somero,c_tavasts,d_finland,k_finland,e_scandinavia,false,,867,CK3 00_landed_titles.txt
b_somnath,c_somnath,d_saurashtra,k_gujarat,e_rajastan,true,first_barony_in_county_block,867,CK3 00_landed_titles.txt
b_somogyvar,c_somogy,d_somogy,k_hungary,e_carpathia,true,first_barony_in_county_block,867,CK3 00_landed_titles.txt
b_somorja,c_poszony,d_nyitra,k_hungary,e_carpathia,false,,867,CK3 00_landed_titles.txt
b_sonda,c_sonda,d_sauvira,k_sindh,e_rajastan,true,first_barony_in_county_block,867,CK3 00_landed_titles.txt
b_sopak_sor,c_kulan_utmas,d_tokumbay,k_saryarka,e_tartaria,false,,867,CK3 00_landed_titles.txt
b_sopot,c_danzig,d_pomerelia,k_pomerania,e_wendish_empire,false,,867,CK3 00_landed_titles.txt
b_sopron,c_sopron,d_gyor,k_hungary,e_carpathia,true,first_barony_in_county_block,867,CK3 00_landed_titles.txt
b_sor_kuduk,c_ulu_jitanjik,d_kokturgay,k_cuman,e_tartaria,false,,867,CK3 00_landed_titles.txt
b_sorapci,c_iskar,d_sum,k_aynumosir,e_amur,false,,867,CK3 00_landed_titles.txt
b_soria,c_soria,d_castilla,k_castille,e_spain,true,first_barony_in_county_block,867,CK3 00_landed_titles.txt
b_sorkul,c_baisary,d_atyrau,k_caspian_steppe,e_caspian-pontic_steppe,false,,867,CK3 00_landed_titles.txt
b_sorma,c_yelimane,d_diafunu,k_ghana,e_mali,false,,867,CK3 00_landed_titles.txt
b_soroca,c_soroca,d_moldova,k_moldavia,e_carpathia,true,first_barony_in_county_block,867,CK3 00_landed_titles.txt
b_sorok,c_sorok,d_salair,k_ob,e_siberia,true,first_barony_in_county_block,867,CK3 00_landed_titles.txt
b_soron,c_kol,d_mathura,k_delhi,e_rajastan,false,,867,CK3 00_landed_titles.txt
b_sortavala,c_sortavala,d_karelia,k_finland,e_scandinavia,true,first_barony_in_county_block,867,CK3 00_landed_titles.txt
b_sosavur,c_mahishaka,d_gangavadi,k_karnata,e_deccan,false,,867,CK3 00_landed_titles.txt
b_sosnevke,c_ter,d_guoldat,k_sapmi,e_scandinavia,true,first_barony_in_county_block,867,CK3 00_landed_titles.txt
b_sosno,c_abakan,d_khakass_hollow,k_khakassia,e_mongolia,false,,867,CK3 00_landed_titles.txt
b_sosva,c_pelym,d_pelym,k_yugra,e_siberia,false,,867,CK3 00_landed_titles.txt
b_sota,c_dendi,d_dendi,k_songhay,e_mali,false,,867,CK3 00_landed_titles.txt
b_soubhagyapura,c_bandhugadha,d_ratanpur,k_gondwana,e_bengal,false,,867,CK3 00_landed_titles.txt
b_souf,c_souf,d_jerid,k_africa,e_maghreb,true,first_barony_in_county_block,867,CK3 00_landed_titles.txt
b_soum,c_bindugu,d_jenne,k_jenne,e_mali,true,first_barony_in_county_block,867,CK3 00_landed_titles.txt
b_south_danakil,c_afar,d_danakil,k_adal,e_abyssinia,false,,867,CK3 00_landed_titles.txt
b_south_igbo,c_igbo,d_igboland,k_igbo-benue,e_guinea,false,,867,CK3 00_landed_titles.txt
b_south_jaz_murian,c_jabal_kufs,d_jabal_kufs,k_makran,e_persia,false,,867,CK3 00_landed_titles.txt
b_south_jbl_quzlum,c_jabal_quzlum,d_eastern_desert,k_egypt,e_arabia,false,,867,CK3 00_landed_titles.txt
b_south_seraye,c_tigre,d_aksum,k_abyssinia,e_abyssinia,false,,867,CK3 00_landed_titles.txt
b_southampton,c_hampton,d_somerset,k_england,e_britannia,false,,867,CK3 00_landed_titles.txt
b_southwark,c_middlesex,d_bedford,k_england,e_britannia,false,,867,CK3 00_landed_titles.txt
b_soutjarvi,c_onega,d_karelia,k_finland,e_scandinavia,false,,867,CK3 00_landed_titles.txt
b_soxiq,c_ngawa,d_gyalrong,k_gyalrong,e_tibet,true,first_barony_in_county_block,867,CK3 00_landed_titles.txt
b_soya,c_soya,d_menas,k_aynumosir,e_amur,false,,867,CK3 00_landed_titles.txt
b_sozopol,c_burgas,d_philippopolis,k_bulgaria,e_byzantium,false,,867,CK3 00_landed_titles.txt
b_sozopolis,c_pisidia,d_anatolia,k_anatolia,e_byzantium,true,first_barony_in_county_block,867,CK3 00_landed_titles.txt
b_spas,c_halych,d_halych,k_galicia-volhynia,e_west_slavia,false,,867,CK3 00_landed_titles.txt
b_speri,c_theodosiopolis,d_mesopotamia,k_armenia,e_byzantium,false,,867,CK3 00_landed_titles.txt
b_speyer,c_speyer,d_west_franconia,k_east_francia,e_germany,true,first_barony_in_county_block,867,CK3 00_landed_titles.txt
b_spis,c_spis,d_ungvar,k_hungary,e_carpathia,true,first_barony_in_county_block,867,CK3 00_landed_titles.txt
b_spittal,c_villach,d_carinthia,k_bavaria,e_germany,false,,867,CK3 00_landed_titles.txt
b_spitz,c_freistadt,d_osterreich,k_bavaria,e_germany,false,,867,CK3 00_landed_titles.txt
b_split,c_cetina,d_dalmatia,k_croatia,e_byzantium,false,,867,CK3 00_landed_titles.txt
b_spoleto,c_spoleto,d_spoleto,k_romagna,e_italy,true,first_barony_in_county_block,867,CK3 00_landed_titles.txt
b_sponhem,c_koblenz,d_lower_lorraine,k_lotharingia,e_germany,false,,867,CK3 00_landed_titles.txt
b_spreewald,c_spreewald,d_lausitz,k_sorbia,e_west_slavia,true,first_barony_in_county_block,867,CK3 00_landed_titles.txt
b_spremberg,c_gorlitz,d_meissen,k_sorbia,e_west_slavia,false,,867,CK3 00_landed_titles.txt
b_sprottau,c_sprottau,d_lower_silesia,k_poland,e_west_slavia,true,first_barony_in_county_block,867,CK3 00_landed_titles.txt
b_spytihnev,c_prerov,d_moravia,k_bohemia,e_west_slavia,false,,867,CK3 00_landed_titles.txt
b_squilluce,c_reggio_calabria,d_calabria,k_sicily,e_byzantium,false,,867,CK3 00_landed_titles.txt
b_sravasti,c_sravasti,d_saryupara,k_kosala,e_rajastan,true,first_barony_in_county_block,867,CK3 00_landed_titles.txt
b_srebrenica,c_vhrbosna,d_bosna,k_croatia,e_byzantium,false,,867,CK3 00_landed_titles.txt
b_srebrenik,c_usora,d_lower_bosna,k_croatia,e_byzantium,true,first_barony_in_county_block,867,CK3 00_landed_titles.txt
b_sredets,c_sredets,d_turnovo,k_bulgaria,e_byzantium,true,first_barony_in_county_block,867,CK3 00_landed_titles.txt
b_srem,c_wschowska,d_wielkopolska,k_poland,e_west_slavia,false,,867,CK3 00_landed_titles.txt
b_sri_surya_pahar,c_goalpara,d_para_lauhitya,k_kamarupa,e_bengal,false,,867,CK3 00_landed_titles.txt
b_srihatta,c_srihatta,d_para_lauhitya,k_kamarupa,e_bengal,true,first_barony_in_county_block,867,CK3 00_landed_titles.txt
b_srikakulam,c_kalinganagar,d_kalinga,k_orissa,e_bengal,false,,867,CK3 00_landed_titles.txt
b_srinagar,c_garwhal,d_kurmanchal,k_himalaya,e_rajastan,false,,867,CK3 00_landed_titles.txt
b_srinagara,c_kasmira,d_kasmira,k_kashmir,e_rajastan,true,first_barony_in_county_block,867,CK3 00_landed_titles.txt
b_sriparvata,c_cumbum,d_udayagiri,k_andhra,e_deccan,false,,867,CK3 00_landed_titles.txt
b_sripatha,c_sripatha,d_mathura,k_delhi,e_rajastan,true,first_barony_in_county_block,867,CK3 00_landed_titles.txt
b_sripuri,c_sripuri,d_daksina_kosala,k_orissa,e_bengal,true,first_barony_in_county_block,867,CK3 00_landed_titles.txt
b_srirangam,c_tagadur,d_chola_nadu,k_tamilakam,e_deccan,false,,867,CK3 00_landed_titles.txt
b_srirangapatna,c_srirangapatna,d_gangavadi,k_karnata,e_deccan,false,,867,CK3 00_landed_titles.txt
b_sroda,c_gnieznienska,d_wielkopolska,k_poland,e_west_slavia,false,,867,CK3 00_landed_titles.txt
b_st_andrews,c_fife,d_albany,k_scotland,e_britannia,false,,867,CK3 00_landed_titles.txt
b_st_davids,c_pembrokeshire,d_deheubarth,k_wales,e_britannia,false,,867,CK3 00_landed_titles.txt
b_st_johnston,c_gowrie,d_albany,k_scotland,e_britannia,true,first_barony_in_county_block,867,CK3 00_landed_titles.txt
b_st_pol_de_leon,c_french_leon,d_brittany,k_brittany,e_france,false,,867,CK3 00_landed_titles.txt
b_stade,c_stade,d_holstein,k_saxony,e_germany,true,first_barony_in_county_block,867,CK3 00_landed_titles.txt
b_stafford,c_staffordshire,d_hereford,k_england,e_britannia,true,first_barony_in_county_block,867,CK3 00_landed_titles.txt
b_stagoi,c_thessaliotis,d_thessaly,k_thessalonika,e_byzantium,false,,867,CK3 00_landed_titles.txt
b_stamford,c_lincolnshire,d_york,k_england,e_britannia,false,,867,CK3 00_landed_titles.txt
b_stange,c_hedmork,d_dalir,k_norway,e_scandinavia,false,,867,CK3 00_landed_titles.txt
b_stanimaka,c_philippopolis,d_philippopolis,k_bulgaria,e_byzantium,false,,867,CK3 00_landed_titles.txt
b_stargad,c_kolobrzeg,d_pommerania,k_pomerania,e_wendish_empire,false,,867,CK3 00_landed_titles.txt
b_starodub,c_starodub,d_chernigov,k_ruthenia,e_russia,true,first_barony_in_county_block,867,CK3 00_landed_titles.txt
b_starodub-on-the-klyazma,c_vladimir,d_opolye,k_opolye,e_russia,false,,867,CK3 00_landed_titles.txt
b_staveren,c_frisia,d_frisia,k_frisia,e_germany,false,,867,CK3 00_landed_titles.txt
b_stcatherine,c_sinai,d_sinai,k_egypt,e_arabia,false,,867,CK3 00_landed_titles.txt
b_steenwijk,c_groningen,d_utrecht,k_frisia,e_germany,false,,867,CK3 00_landed_titles.txt
b_stegholm,c_sevede,d_smaland,k_sweden,e_scandinavia,true,first_barony_in_county_block,867,CK3 00_landed_titles.txt
b_stendal,c_stendal,d_ostfalen,k_saxony,e_germany,true,first_barony_in_county_block,867,CK3 00_landed_titles.txt
b_stepan,c_dubrovytsia,d_turov,k_ruthenia,e_russia,false,,867,CK3 00_landed_titles.txt
b_sterlitamak,c_salavat,d_bugurslan,k_volga_bulgaria,e_volga-ural,false,,867,CK3 00_landed_titles.txt
b_steyr,c_linz,d_salzburg,k_bavaria,e_germany,false,,867,CK3 00_landed_titles.txt
b_stezyca,c_stezycka,d_lesser_poland,k_poland,e_west_slavia,true,first_barony_in_county_block,867,CK3 00_landed_titles.txt
b_sthanisvara,c_sthanisvara,d_kuru,k_delhi,e_rajastan,false,,867,CK3 00_landed_titles.txt
b_sthlanitza,c_veria,d_thessalonika,k_thessalonika,e_byzantium,false,,867,CK3 00_landed_titles.txt
b_stigliano,c_camarda,d_salerno,k_sicily,e_byzantium,false,,867,CK3 00_landed_titles.txt
b_stipon,c_sredets,d_turnovo,k_bulgaria,e_byzantium,false,,867,CK3 00_landed_titles.txt
b_stirling,c_strathearn,d_albany,k_scotland,e_britannia,true,first_barony_in_county_block,867,CK3 00_landed_titles.txt
b_stjordala,c_gauldala,d_dalir,k_norway,e_scandinavia,false,,867,CK3 00_landed_titles.txt
b_stoenesti,c_stoenesti,d_moldova,k_moldavia,e_carpathia,true,first_barony_in_county_block,867,CK3 00_landed_titles.txt
b_stoke_on_trent,c_staffordshire,d_hereford,k_england,e_britannia,false,,867,CK3 00_landed_titles.txt
b_stokkseyri,c_sudurland,d_iceland,k_norway,e_scandinavia,true,first_barony_in_county_block,867,CK3 00_landed_titles.txt
b_stolby,c_krasnoyarsk,d_yenisei_kan,k_angara,e_mongolia,false,,867,CK3 00_landed_titles.txt
b_stolsheimen,c_sogn,d_vestlandi,k_norway,e_scandinavia,false,,867,CK3 00_landed_titles.txt
b_ston,c_ragusa,d_ragusa,k_croatia,e_byzantium,false,,867,CK3 00_landed_titles.txt
b_storkow,c_spreewald,d_lausitz,k_sorbia,e_west_slavia,false,,867,CK3 00_landed_titles.txt
b_storsjo,c_harjadalen,d_jamtland,k_norway,e_scandinavia,false,,867,CK3 00_landed_titles.txt
b_stoyanka,c_stoyanka,d_western_sayan,k_tuva,e_mongolia,true,first_barony_in_county_block,867,CK3 00_landed_titles.txt
b_stralsund,c_rugen,d_nordmark,k_pomerania,e_wendish_empire,false,,867,CK3 00_landed_titles.txt
b_strand,c_ribe,d_slesvig,k_denmark,e_scandinavia,false,,867,CK3 00_landed_titles.txt
b_strassburg,c_strassburg,d_alsace,k_east_francia,e_germany,true,first_barony_in_county_block,867,CK3 00_landed_titles.txt
b_strasswalchen,c_schaumberg,d_salzburg,k_bavaria,e_germany,false,,867,CK3 00_landed_titles.txt
b_strathgryte,c_ayrshire,d_galloway,k_scotland,e_britannia,false,,867,CK3 00_landed_titles.txt
b_strehaia,c_calafat,d_oltenia,k_dacia,e_carpathia,false,,867,CK3 00_landed_titles.txt
b_strehlitz,c_opole,d_upper_silesia,k_poland,e_west_slavia,false,,867,CK3 00_landed_titles.txt
b_stribro,c_plzen,d_bohemia,k_bohemia,e_west_slavia,false,,867,CK3 00_landed_titles.txt
b_strigines,c_sodermannaland,d_svealand,k_sweden,e_scandinavia,true,first_barony_in_county_block,867,CK3 00_landed_titles.txt
b_strumica,c_strumica,d_bulgaria,k_bulgaria,e_byzantium,true,first_barony_in_county_block,867,CK3 00_landed_titles.txt
b_stwerap,c_aksu,d_kashgar,k_khotan,e_turan,false,,867,CK3 00_landed_titles.txt
b_suadigil,c_kittila,d_vuovdisamieana,k_sapmi,e_scandinavia,false,,867,CK3 00_landed_titles.txt
b_suakin,c_suakin,d_bazin,k_blemmyia,e_abyssinia,true,first_barony_in_county_block,867,CK3 00_landed_titles.txt
b_subakh,c_kalif,d_soghd,k_transoxiana,e_turan,false,,867,CK3 00_landed_titles.txt
b_subashi,c_luntai,d_karashar,k_khotan,e_turan,false,,867,CK3 00_landed_titles.txt
b_subay,c_subay,d_najd,k_arabia,e_arabia,false,,867,CK3 00_landed_titles.txt
b_subu,c_fes,d_fes,k_maghreb,e_maghreb,false,,867,CK3 00_landed_titles.txt
b_suceava,c_suceava,d_bukovina,k_moldavia,e_carpathia,true,first_barony_in_county_block,867,CK3 00_landed_titles.txt
b_suchatu,c_boro_burgasu,d_naiman_gobi,k_dzungaria,e_tartaria,false,,867,CK3 00_landed_titles.txt
b_suday,c_onsthia,d_vologda,k_bjarmaland,e_russia,false,,867,CK3 00_landed_titles.txt
b_sudbury,c_suffolk,d_norfolk,k_england,e_britannia,false,,867,CK3 00_landed_titles.txt
b_sudherkopung,c_ostergotland,d_ostergotland,k_sweden,e_scandinavia,true,first_barony_in_county_block,867,CK3 00_landed_titles.txt
b_sudogda,c_vladimir,d_opolye,k_opolye,e_russia,false,,867,CK3 00_landed_titles.txt
b_sudzha,c_kursk,d_chernigov,k_ruthenia,e_russia,false,,867,CK3 00_landed_titles.txt
b_suenekele,c_inari,d_giemajohka,k_sapmi,e_scandinavia,false,,867,CK3 00_landed_titles.txt
b_sufaina,c_harrat_rahat,d_medina,k_arabia,e_arabia,false,,867,CK3 00_landed_titles.txt
b_sugauna,c_mithila,d_tirabhukti,k_bihar,e_bengal,false,,867,CK3 00_landed_titles.txt
b_sugi,c_kabtag,d_naiman_gobi,k_dzungaria,e_tartaria,false,,867,CK3 00_landed_titles.txt
b_suhravard,c_zanjan,d_daylam,k_daylam,e_persia,false,,867,CK3 00_landed_titles.txt
b_sukawand,c_kabul,d_kabul,k_kabulistan,e_persia,false,,867,CK3 00_landed_titles.txt
b_sukayr_al-abbas,c_hadithat-ana,d_euphrates,k_jazira,e_persia,false,,867,CK3 00_landed_titles.txt
b_sukh,c_nasaiya,d_ferghana,k_transoxiana,e_turan,false,,867,CK3 00_landed_titles.txt
b_sukhorukova,c_sosva,d_kazym,k_yugra,e_siberia,true,first_barony_in_county_block,867,CK3 00_landed_titles.txt
b_sulecin,c_lubusz,d_wielkopolska,k_poland,e_west_slavia,false,,867,CK3 00_landed_titles.txt
b_sulina,c_constanta,d_dobrudja,k_bulgaria,e_byzantium,false,,867,CK3 00_landed_titles.txt
b_sulkava,c_olavinlinna,d_savo,k_finland,e_scandinavia,false,,867,CK3 00_landed_titles.txt
b_sullum,c_sullum,d_alexandria,k_egypt,e_arabia,true,first_barony_in_county_block,867,CK3 00_landed_titles.txt
b_sully_sur_loire,c_sancerre,d_orleans,k_france,e_france,false,,867,CK3 00_landed_titles.txt
b_sulugu,c_jie_DZU,d_gurbantunggut,k_dzungaria,e_tartaria,false,,867,CK3 00_landed_titles.txt
b_sulz,c_baden,d_swabia,k_east_francia,e_germany,false,,867,CK3 00_landed_titles.txt
b_sulzbach,c_parsberg,d_nordgau,k_bavaria,e_germany,false,,867,CK3 00_landed_titles.txt
b_sumbe,c_bekdas,d_garabogazkol,k_oghuz_il,e_turan,false,,867,CK3 00_landed_titles.txt
b_sumdo,c_sumdo,d_aksai_chin,k_maryul,e_tibet,true,first_barony_in_county_block,867,CK3 00_landed_titles.txt
b_sumna,c_khurnak,d_aksai_chin,k_maryul,e_tibet,false,,867,CK3 00_landed_titles.txt
b_sumnal,c_thaldat,d_aksai_chin,k_maryul,e_tibet,false,,867,CK3 00_landed_titles.txt
b_sumray,c_tumak,d_baguirmi,k_sao,e_kanem_bornu,false,,867,CK3 00_landed_titles.txt
b_sumy,c_romen,d_pereyaslavl,k_ruthenia,e_russia,false,,867,CK3 00_landed_titles.txt
b_suna,c_kolyn,d_udmurtia,k_permia,e_volga-ural,false,,867,CK3 00_landed_titles.txt
b_sunam,c_tribandapura,d_haritanaka,k_delhi,e_rajastan,false,,867,CK3 00_landed_titles.txt
b_sund,c_aland,d_svealand,k_sweden,e_scandinavia,true,first_barony_in_county_block,867,CK3 00_landed_titles.txt
b_sundby,c_sodermannaland,d_svealand,k_sweden,e_scandinavia,false,,867,CK3 00_landed_titles.txt
b_sungqu,c_sungqu,d_gyalrong,k_gyalrong,e_tibet,true,first_barony_in_county_block,867,CK3 00_landed_titles.txt
b_sunnhordalandi,c_hordalandi,d_vestlandi,k_norway,e_scandinavia,false,,867,CK3 00_landed_titles.txt
b_sunnmore,c_norwegian_more,d_trandalog,k_norway,e_scandinavia,false,,867,CK3 00_landed_titles.txt
b_suojarvi,c_salinis,d_karelia,k_finland,e_scandinavia,false,,867,CK3 00_landed_titles.txt
b_suondavara,c_suondavara,d_duortnoseatnu,k_sapmi,e_scandinavia,true,first_barony_in_county_block,867,CK3 00_landed_titles.txt
b_suonnjel,c_sombio,d_giemajohka,k_sapmi,e_scandinavia,false,,867,CK3 00_landed_titles.txt
b_suoparsaari,c_olavinlinna,d_savo,k_finland,e_scandinavia,false,,867,CK3 00_landed_titles.txt
b_suq-socotra,c_socotra,d_socotra,k_yemen,e_arabia,true,first_barony_in_county_block,867,CK3 00_landed_titles.txt
b_sur,c_muscat,d_oman,k_arabia,e_arabia,false,,867,CK3 00_landed_titles.txt
b_suraparaka,c_surparaka,d_konkana,k_maharastra,e_deccan,false,,867,CK3 00_landed_titles.txt
b_surazichi,c_chernigov,d_chernigov,k_ruthenia,e_russia,false,,867,CK3 00_landed_titles.txt
b_surgut,c_kazym,d_kazym,k_yugra,e_siberia,true,first_barony_in_county_block,867,CK3 00_landed_titles.txt
b_suriya,c_suriya,d_aleppo,k_syria,e_arabia,true,first_barony_in_county_block,867,CK3 00_landed_titles.txt
b_susa,c_mahdiya,d_tunis,k_africa,e_maghreb,false,,867,CK3 00_landed_titles.txt
b_suteysk,c_cherven,d_cherven_cities,k_galicia-volhynia,e_west_slavia,false,,867,CK3 00_landed_titles.txt
b_suthri_eystridali,c_eystridalir,d_dalir,k_norway,e_scandinavia,false,,867,CK3 00_landed_titles.txt
b_suthri_gudbrandsdali,c_gudbrandsdalir,d_dalir,k_norway,e_scandinavia,true,first_barony_in_county_block,867,CK3 00_landed_titles.txt
b_sutkend,c_sutkend,d_chah,k_syr_darya,e_turan,true,first_barony_in_county_block,867,CK3 00_landed_titles.txt
b_sutkhol,c_sayanchu,d_western_sayan,k_tuva,e_mongolia,false,,867,CK3 00_landed_titles.txt
b_sutri,c_viterbo,d_latium,k_romagna,e_italy,false,,867,CK3 00_landed_titles.txt
b_suvalkai,c_yatvyagi,d_lithuanians,k_lithuania,e_wendish_empire,false,,867,CK3 00_landed_titles.txt
b_suvar,c_bolghar,d_volga_bulgaria,k_volga_bulgaria,e_volga-ural,false,,867,CK3 00_landed_titles.txt
b_suvarnagram,c_suvarnagram,d_varendra,k_bengal,e_bengal,true,first_barony_in_county_block,867,CK3 00_landed_titles.txt
b_suvarnapura,c_suvarnapura,d_daksina_kosala,k_orissa,e_bengal,true,first_barony_in_county_block,867,CK3 00_landed_titles.txt
b_suvorov,c_odoyev,d_novosil,k_ruthenia,e_russia,false,,867,CK3 00_landed_titles.txt
b_suvunduk,c_atamansku,d_aqtobe,k_caspian_steppe,e_caspian-pontic_steppe,false,,867,CK3 00_landed_titles.txt
b_suyab,c_suyab,d_talas_alatau,k_syr_darya,e_turan,true,first_barony_in_county_block,867,CK3 00_landed_titles.txt
b_suzak,c_sighnaq,d_syr_darya,k_syr_darya,e_turan,false,,867,CK3 00_landed_titles.txt
b_suzdal,c_suzdal,d_opolye,k_opolye,e_russia,true,first_barony_in_county_block,867,CK3 00_landed_titles.txt
b_svarvas,c_bekes,d_bihar,k_hungary,e_carpathia,false,,867,CK3 00_landed_titles.txt
b_sveg,c_harjadalen,d_jamtland,k_norway,e_scandinavia,false,,867,CK3 00_landed_titles.txt
b_svendborg,c_fyn,d_sjaelland,k_denmark,e_scandinavia,false,,867,CK3 00_landed_titles.txt
b_svolensk,c_tikhvin,d_vepsia,k_novgorod,e_russia,false,,867,CK3 00_landed_titles.txt
b_svrljig,c_naissus,d_bulgaria,k_bulgaria,e_byzantium,false,,867,CK3 00_landed_titles.txt
b_swansea,c_glamorgan,d_deheubarth,k_wales,e_britannia,false,,867,CK3 00_landed_titles.txt
b_swetakapura,c_swetaka_mandala,d_kalinga,k_orissa,e_bengal,true,first_barony_in_county_block,867,CK3 00_landed_titles.txt
b_swinoujscie,c_kolobrzeg,d_pommerania,k_pomerania,e_wendish_empire,true,first_barony_in_county_block,867,CK3 00_landed_titles.txt
b_swiny,c_przemkow,d_lower_silesia,k_poland,e_west_slavia,false,,867,CK3 00_landed_titles.txt
b_sylva,c_lysva,d_perm,k_permia,e_volga-ural,false,,867,CK3 00_landed_titles.txt
b_symbyl,c_shelji,d_muyunkum,k_syr_darya,e_turan,false,,867,CK3 00_landed_titles.txt
b_synaos,c_thyatira,d_thracesia,k_nikaea,e_byzantium,false,,867,CK3 00_landed_titles.txt
b_synnada,c_pacatiana,d_anatolia,k_anatolia,e_byzantium,false,,867,CK3 00_landed_titles.txt
b_syracusa,c_siracusa,d_sicily,k_sicily,e_byzantium,true,first_barony_in_county_block,867,CK3 00_landed_titles.txt
b_syrte,c_syrte,d_syrte,k_africa,e_maghreb,true,first_barony_in_county_block,867,CK3 00_landed_titles.txt
b_syrtripolis,c_tripoli,d_lebanon,k_syria,e_arabia,true,first_barony_in_county_block,867,CK3 00_landed_titles.txt
b_sysma,c_sysma,d_savo,k_finland,e_scandinavia,true,first_barony_in_county_block,867,CK3 00_landed_titles.txt
b_szabolcs,c_szabolcs,d_bihar,k_hungary,e_carpathia,true,first_barony_in_county_block,867,CK3 00_landed_titles.txt
b_szaszkezd,c_feher,d_transylvania,k_hungary,e_carpathia,false,,867,CK3 00_landed_titles.txt
b_szaszregen,c_torda,d_transylvania,k_hungary,e_carpathia,false,,867,CK3 00_landed_titles.txt
b_szatmar,c_szatmar,d_bihar,k_hungary,e_carpathia,true,first_barony_in_county_block,867,CK3 00_landed_titles.txt
b_szava,c_tambov,d_tambov,k_mordvinia,e_volga-ural,false,,867,CK3 00_landed_titles.txt
b_szczecin,c_stettin,d_pommerania,k_pomerania,e_wendish_empire,true,first_barony_in_county_block,867,CK3 00_landed_titles.txt
b_szczecinek,c_pila,d_pommerania,k_pomerania,e_wendish_empire,false,,867,CK3 00_landed_titles.txt
b_szeged,c_csanad,d_temes,k_hungary,e_carpathia,false,,867,CK3 00_landed_titles.txt
b_szek,c_beszterce,d_transylvania,k_hungary,e_carpathia,false,,867,CK3 00_landed_titles.txt
b_szekelyudvarhely,c_szekelyfold,d_transylvania,k_hungary,e_carpathia,true,first_barony_in_county_block,867,CK3 00_landed_titles.txt
b_szekesfehervar,c_szekesfehervar,d_visegrad,k_hungary,e_carpathia,true,first_barony_in_county_block,867,CK3 00_landed_titles.txt
b_szendro,c_borsod,d_ungvar,k_hungary,e_carpathia,false,,867,CK3 00_landed_titles.txt
b_szentgotthard,c_vas,d_gyor,k_hungary,e_carpathia,false,,867,CK3 00_landed_titles.txt
b_szerem,c_szerem,d_syrmia,k_hungary,e_carpathia,true,first_barony_in_county_block,867,CK3 00_landed_titles.txt
b_szerencs,c_zemplen,d_ungvar,k_hungary,e_carpathia,false,,867,CK3 00_landed_titles.txt
b_szigetvar,c_somogy,d_somogy,k_hungary,e_carpathia,false,,867,CK3 00_landed_titles.txt
b_szilagy,c_szatmar,d_bihar,k_hungary,e_carpathia,false,,867,CK3 00_landed_titles.txt
b_szobszlo,c_szabolcs,d_bihar,k_hungary,e_carpathia,false,,867,CK3 00_landed_titles.txt
b_szolnok,c_hewes,d_visegrad,k_hungary,e_carpathia,false,,867,CK3 00_landed_titles.txt
b_szydlowiec,c_radomska,d_lesser_poland,k_poland,e_west_slavia,false,,867,CK3 00_landed_titles.txt
b_taatsiin_tsagaan,c_ongi,d_ovorkhangai,k_naimania,e_mongolia,false,,867,CK3 00_landed_titles.txt
b_taba,c_bindugu,d_jenne,k_jenne,e_mali,false,,867,CK3 00_landed_titles.txt
b_tabala,c_thyatira,d_thracesia,k_nikaea,e_byzantium,false,,867,CK3 00_landed_titles.txt
b_tabala-hijaz,c_taif,d_mecca,k_arabia,e_arabia,false,,867,CK3 00_landed_titles.txt
b_tabalbala,c_touat,d_touat,k_anbiya,e_maghreb,false,,867,CK3 00_landed_titles.txt
b_tabarqa,b_banzart,c_satfura,d_tunis,k_africa,true,first_barony_in_county_block,867,CK3 00_landed_titles.txt
b_tabary,c_tabary,d_ostyaki,k_yugra,e_siberia,true,first_barony_in_county_block,867,CK3 00_landed_titles.txt
b_tabas,c_tun,d_kohestan,k_khorasan,e_persia,false,,867,CK3 00_landed_titles.txt
b_tabassa,c_tabassa,d_kairouan,k_africa,e_maghreb,true,first_barony_in_county_block,867,CK3 00_landed_titles.txt
b_tabia,c_galatia,d_bucellaria,k_nikaea,e_byzantium,false,,867,CK3 00_landed_titles.txt
b_tabla_butii,c_tabla_butii,d_transylvanian_alps,k_dacia,e_carpathia,true,first_barony_in_county_block,867,CK3 00_landed_titles.txt
b_tabo,c_dhankar,d_kinnaur,k_guge,e_tibet,false,,867,CK3 00_landed_titles.txt
b_tabon,c_tabon,d_manding,k_mali,e_mali,true,first_barony_in_county_block,867,CK3 00_landed_titles.txt
b_tabriz,c_tabriz,d_azerbaijan,k_daylam,e_persia,true,first_barony_in_county_block,867,CK3 00_landed_titles.txt
b_tabu,c_wenyon,d_wenyon,k_guinea,e_guinea,false,,867,CK3 00_landed_titles.txt
b_tabuk,c_tabuk,d_shammar,k_arabia,e_arabia,true,first_barony_in_county_block,867,CK3 00_landed_titles.txt
b_taburshiq,c_constantine,d_kroumerie,k_africa,e_maghreb,false,,867,CK3 00_landed_titles.txt
b_tada,c_ilorin,d_oyo,k_yorubaland,e_guinea,false,,867,CK3 00_landed_titles.txt
b_tadallis,c_algier,d_alger,k_tahert,e_maghreb,false,,867,CK3 00_landed_titles.txt
b_tadjoura,c_tadjoura,d_zaila,k_adal,e_abyssinia,true,first_barony_in_county_block,867,CK3 00_landed_titles.txt
b_tadkeshwar,c_navasarika,d_lata,k_gujarat,e_rajastan,false,,867,CK3 00_landed_titles.txt
b_tadla,c_tadla,d_marrakesh,k_maghreb,e_maghreb,true,first_barony_in_county_block,867,CK3 00_landed_titles.txt
b_tadmekka,c_tadmekka,d_tadmekka,k_sahara,e_maghreb,true,first_barony_in_county_block,867,CK3 00_landed_titles.txt
b_tadmekka_route,c_tessalit,d_tadmekka,k_sahara,e_maghreb,false,,867,CK3 00_landed_titles.txt
b_tadmur,c_palmyra,d_palmyra,k_syria,e_arabia,true,first_barony_in_county_block,867,CK3 00_landed_titles.txt
b_tafalla,c_navarra,d_navarra,k_navarra,e_spain,false,,867,CK3 00_landed_titles.txt
b_tafilalt,c_sijilmasa,d_tafilalt,k_maghreb,e_maghreb,false,,867,CK3 00_landed_titles.txt
b_tafraoua-sebdou,c_tlemcen,d_tlemcen,k_tahert,e_maghreb,false,,867,CK3 00_landed_titles.txt
b_taga,c_korehari,d_hitakami,k_hitakami,e_amur,true,first_barony_in_county_block,867,CK3 00_landed_titles.txt
b_tagabo,c_dar-al-rih,d_darfur,k_darfur,e_kanem_bornu,false,,867,CK3 00_landed_titles.txt
b_tagadur,c_tagadur,d_chola_nadu,k_tamilakam,e_deccan,true,first_barony_in_county_block,867,CK3 00_landed_titles.txt
b_tagali,c_tagali,d_sennar,k_nubia,e_abyssinia,false,,867,CK3 00_landed_titles.txt
b_tagali_south,c_tagali,d_sennar,k_nubia,e_abyssinia,false,,867,CK3 00_landed_titles.txt
b_taganrog,c_tana,d_tana,k_pontic_steppe,e_caspian-pontic_steppe,false,,867,CK3 00_landed_titles.txt
b_tagant,c_tagant,d_tagant,k_ghana,e_mali,true,first_barony_in_county_block,867,CK3 00_landed_titles.txt
b_tagant_west,c_tagant,d_tagant,k_ghana,e_mali,false,,867,CK3 00_landed_titles.txt
b_tagawst,c_ifni,d_sous,k_maghreb,e_maghreb,false,,867,CK3 00_landed_titles.txt
b_taghaza,c_taghaza,d_taghaza,k_anbiya,e_maghreb,true,first_barony_in_county_block,867,CK3 00_landed_titles.txt
b_taghaza_road,c_saoura,d_taghaza,k_anbiya,e_maghreb,false,,867,CK3 00_landed_titles.txt
b_taghmut,c_ifni,d_sous,k_maghreb,e_maghreb,false,,867,CK3 00_landed_titles.txt
b_taghyart,c_wargla,d_mzab,k_tahert,e_maghreb,false,,867,CK3 00_landed_titles.txt
b_tagil,c_laia,d_ostyaki,k_yugra,e_siberia,false,,867,CK3 00_landed_titles.txt
b_tagmadart,c_draa,d_sous,k_maghreb,e_maghreb,false,,867,CK3 00_landed_titles.txt
b_tagragra,c_meknes,d_fes,k_maghreb,e_maghreb,false,,867,CK3 00_landed_titles.txt
b_tagul,c_tagul,d_yenisei_kan,k_angara,e_mongolia,true,first_barony_in_county_block,867,CK3 00_landed_titles.txt
b_tahart,c_tahert,d_tahert,k_tahert,e_maghreb,true,first_barony_in_county_block,867,CK3 00_landed_titles.txt
b_tahiriya,c_darghan,d_khorezm,k_transoxiana,e_turan,false,,867,CK3 00_landed_titles.txt
b_tahlit,c_tangiers,d_rif,k_maghreb,e_maghreb,false,,867,CK3 00_landed_titles.txt
b_tahoua,c_tahoua,d_gobir,k_hausaland,e_kanem_bornu,true,first_barony_in_county_block,867,CK3 00_landed_titles.txt
b_taigan,c_khasagt_khairkhan,d_ovorkhangai,k_naimania,e_mongolia,false,,867,CK3 00_landed_titles.txt
b_taillebourg,c_aunis,d_aquitaine,k_aquitaine,e_france,false,,867,CK3 00_landed_titles.txt
b_tailyak-kul,c_kara-mugai,d_aral_il,k_oghuz_il,e_turan,false,,867,CK3 00_landed_titles.txt
b_tain,c_ross,d_moray,k_scotland,e_britannia,false,,867,CK3 00_landed_titles.txt
b_taisugan,c_atyrau,d_atyrau,k_caspian_steppe,e_caspian-pontic_steppe,false,,867,CK3 00_landed_titles.txt
b_taizz,c_taizz,d_taizz,k_yemen,e_arabia,true,first_barony_in_county_block,867,CK3 00_landed_titles.txt
b_tajrift,c_waddan,d_syrte,k_africa,e_maghreb,false,,867,CK3 00_landed_titles.txt
b_takchongrong,c_gyaitang,d_batang,k_kham,e_tibet,false,,867,CK3 00_landed_titles.txt
b_takkaloma,c_kanchipuram,d_tondai_nadu,k_tamilakam,e_deccan,false,,867,CK3 00_landed_titles.txt
b_takkeda,c_takkeda,d_air,k_sahara,e_maghreb,true,first_barony_in_county_block,867,CK3 00_landed_titles.txt
b_takoerpasitao,c_haltang,d_aksay,k_amdo,e_tibet,false,,867,CK3 00_landed_titles.txt
b_takrit,c_takrit,d_samarra,k_mesopotamia,e_persia,true,first_barony_in_county_block,867,CK3 00_landed_titles.txt
b_takrur,c_takrur,d_takrur,k_takrur,e_mali,true,first_barony_in_county_block,867,CK3 00_landed_titles.txt
b_taksar,c_nagchu,d_nagchu,k_u,e_tibet,false,,867,CK3 00_landed_titles.txt
b_taktse,c_zetang,d_yarlung,k_u,e_tibet,false,,867,CK3 00_landed_titles.txt
b_tal_tugal,c_tsambagarau,d_khovd,k_naimania,e_mongolia,false,,867,CK3 00_landed_titles.txt
b_tala,c_west_qamuda,d_kairouan,k_africa,e_maghreb,false,,867,CK3 00_landed_titles.txt
b_talakad,c_talakad,d_gangavadi,k_karnata,e_deccan,true,first_barony_in_county_block,867,CK3 00_landed_titles.txt
b_talas,c_quriltay,d_muyunkum,k_syr_darya,e_turan,false,,867,CK3 00_landed_titles.txt
b_talavera,c_toledo,d_toledo,k_andalusia,e_spain,false,,867,CK3 00_landed_titles.txt
b_taldiqorgan,c_uchkul,d_zhetysu,k_zhetysu,e_tartaria,false,,867,CK3 00_landed_titles.txt
b_talekan,c_east-tokharestan,d_balkh,k_khorasan,e_persia,false,,867,CK3 00_landed_titles.txt
b_taleqan,c_guzgan,d_merv,k_khorasan,e_persia,false,,867,CK3 00_landed_titles.txt
b_talgar,c_almaty,d_zhetysu,k_zhetysu,e_tartaria,false,,867,CK3 00_landed_titles.txt
b_talgarth,c_brecknockshire,d_deheubarth,k_wales,e_britannia,false,,867,CK3 00_landed_titles.txt
b_talish,c_talish,d_azerbaijan,k_daylam,e_persia,true,first_barony_in_county_block,867,CK3 00_landed_titles.txt
b_talje,c_sodermannaland,d_svealand,k_sweden,e_scandinavia,false,,867,CK3 00_landed_titles.txt
b_tall_afar,c_mosul,d_diyarrabia,k_jazira,e_persia,false,,867,CK3 00_landed_titles.txt
b_tall_afrin,c_aleppo,d_aleppo,k_syria,e_arabia,false,,867,CK3 00_landed_titles.txt
b_tall_ammar,c_dausar,d_diyarmudar,k_jazira,e_persia,false,,867,CK3 00_landed_titles.txt
b_tall_bashir,c_aintab,d_edessa,k_syria,e_arabia,false,,867,CK3 00_landed_titles.txt
b_tall_basma,c_tall_basma,d_diyarbakr,k_jazira,e_persia,true,first_barony_in_county_block,867,CK3 00_landed_titles.txt
b_tall_fafan,c_mayyafariqin,d_diyarbakr,k_jazira,e_persia,false,,867,CK3 00_landed_titles.txt
b_tall_haftun,c_kurdistan,d_kurdistan,k_jazira,e_persia,true,first_barony_in_county_block,867,CK3 00_landed_titles.txt
b_tall_hamid,c_tall_hamid,d_cilicia,k_anatolia,e_byzantium,true,first_barony_in_county_block,867,CK3 00_landed_titles.txt
b_tall_mahra,c_harran,d_diyarmudar,k_jazira,e_persia,false,,867,CK3 00_landed_titles.txt
b_tall_mauzan,c_amida,d_diyarbakr,k_jazira,e_persia,false,,867,CK3 00_landed_titles.txt
b_talmont,c_montaigu,d_poitou,k_aquitaine,e_france,false,,867,CK3 00_landed_titles.txt
b_talta,c_burqin,d_altay,k_dzungaria,e_tartaria,false,,867,CK3 00_landed_titles.txt
b_tama,c_qimr,d_west_darfur,k_darfur,e_kanem_bornu,false,,867,CK3 00_landed_titles.txt
b_tamani,c_dodugu,d_jenne,k_jenne,e_mali,false,,867,CK3 00_landed_titles.txt
b_tamanin,c_hakkari,d_diyarbakr,k_jazira,e_persia,false,,867,CK3 00_landed_titles.txt
b_tamazda,c_tripolitana,d_tripolitania,k_africa,e_maghreb,false,,867,CK3 00_landed_titles.txt
b_tambov,c_tambov,d_tambov,k_mordvinia,e_volga-ural,true,first_barony_in_county_block,867,CK3 00_landed_titles.txt
b_tamdins,c_ulytau,d_qyzylsaryarka,k_cuman,e_tartaria,false,,867,CK3 00_landed_titles.txt
b_tamentit,c_tamentit,d_touat,k_anbiya,e_maghreb,true,first_barony_in_county_block,867,CK3 00_landed_titles.txt
b_tamgaly,c_kopathal,d_zhetysu,k_zhetysu,e_tartaria,false,,867,CK3 00_landed_titles.txt
b_tamisha,c_mazandaran,d_tabaristan,k_daylam,e_persia,false,,867,CK3 00_landed_titles.txt
b_tamiso,c_tamiso,d_sapi,k_guinea,e_guinea,true,first_barony_in_county_block,867,CK3 00_landed_titles.txt
b_tamralipti,c_tamralipti,d_suhma,k_bengal,e_bengal,true,first_barony_in_county_block,867,CK3 00_landed_titles.txt
b_tamsweg,c_kammersberg,d_carinthia,k_bavaria,e_germany,false,,867,CK3 00_landed_titles.txt
b_tamzawa,c_germa,d_fezzan,k_sahara,e_maghreb,false,,867,CK3 00_landed_titles.txt
b_tana,c_tana,d_tana,k_pontic_steppe,e_caspian-pontic_steppe,true,first_barony_in_county_block,867,CK3 00_landed_titles.txt
b_tanadaris,c_azysia,d_sebasteia,k_pontus,e_byzantium,false,,867,CK3 00_landed_titles.txt
b_tanahun,c_kaski,d_khasa,k_himalaya,e_rajastan,false,,867,CK3 00_landed_titles.txt
b_tanas,c_tanas,d_alger,k_tahert,e_maghreb,true,first_barony_in_county_block,867,CK3 00_landed_titles.txt
b_tandbridge,c_surrey,d_canterbury,k_england,e_britannia,false,,867,CK3 00_landed_titles.txt
b_tando_husubiya,c_kukiya,d_kawkaw,k_songhay,e_mali,false,,867,CK3 00_landed_titles.txt
b_tanga,c_tanga,d_zanzibar,k_zanj,e_azania,true,first_barony_in_county_block,867,CK3 00_landed_titles.txt
b_tangermunde,c_brandenburg,d_ostmark,k_pomerania,e_wendish_empire,false,,867,CK3 00_landed_titles.txt
b_tangiers,c_tangiers,d_rif,k_maghreb,e_maghreb,true,first_barony_in_county_block,867,CK3 00_landed_titles.txt
b_tangtse,c_leh,d_ladakh,k_maryul,e_tibet,false,,867,CK3 00_landed_titles.txt
b_tanjavur,c_cholamandalam,d_chola_nadu,k_tamilakam,e_deccan,true,first_barony_in_county_block,867,CK3 00_landed_titles.txt
b_tankasi,c_meroe,d_makuria,k_nubia,e_abyssinia,false,,867,CK3 00_landed_titles.txt
b_tanna,c_harjadalen,d_jamtland,k_norway,e_scandinavia,true,first_barony_in_county_block,867,CK3 00_landed_titles.txt
b_taoskari,c_tao,d_tao-klarjeti,k_georgia,e_byzantium,false,,867,CK3 00_landed_titles.txt
b_taoudeni,c_taghaza,d_taghaza,k_anbiya,e_maghreb,false,,867,CK3 00_landed_titles.txt
b_taouz,c_sijilmasa,d_tafilalt,k_maghreb,e_maghreb,false,,867,CK3 00_landed_titles.txt
b_tapsa,c_tapsa,d_togina,k_tuva,e_mongolia,true,first_barony_in_county_block,867,CK3 00_landed_titles.txt
b_taqyus,c_qashtiliya,d_jerid,k_africa,e_maghreb,false,,867,CK3 00_landed_titles.txt
b_tara,c_tara,d_tara,k_sibir,e_siberia,true,first_barony_in_county_block,867,CK3 00_landed_titles.txt
b_taradavadi,c_taradavadi,d_rattapadi,k_maharastra,e_deccan,true,first_barony_in_county_block,867,CK3 00_landed_titles.txt
b_taranto,c_bari,d_apulia,k_sicily,e_byzantium,false,,867,CK3 00_landed_titles.txt
b_tarascon,c_foix,d_languedoc,k_aquitaine,e_france,false,,867,CK3 00_landed_titles.txt
b_tarayka,c_tarayka,d_sahaliyan,k_aynumosir,e_amur,true,first_barony_in_county_block,867,CK3 00_landed_titles.txt
b_taraz,c_taraz,d_talas_alatau,k_syr_darya,e_turan,true,first_barony_in_county_block,867,CK3 00_landed_titles.txt
b_tarazki,c_jimi,d_kanem,k_kanem,e_kanem_bornu,false,,867,CK3 00_landed_titles.txt
b_tarazona,c_tudela,d_navarra,k_navarra,e_spain,false,,867,CK3 00_landed_titles.txt
b_tarbes,c_bigorre,d_armagnac,k_aquitaine,e_france,true,first_barony_in_county_block,867,CK3 00_landed_titles.txt
b_tarfaya,c_kurgus,d_shamir,k_nubia,e_abyssinia,false,,867,CK3 00_landed_titles.txt
b_targoviste,c_campulung,d_transylvanian_alps,k_dacia,e_carpathia,true,first_barony_in_county_block,867,CK3 00_landed_titles.txt
b_targsor,c_bucuresti,d_muntenia,k_dacia,e_carpathia,false,,867,CK3 00_landed_titles.txt
b_targu_jiu,c_targu_jiu,d_oltenia,k_dacia,e_carpathia,true,first_barony_in_county_block,867,CK3 00_landed_titles.txt
b_targu_neamnt,c_neamnt,d_bukovina,k_moldavia,e_carpathia,false,,867,CK3 00_landed_titles.txt
b_targyl,c_targyl,d_betpa,k_saryarka,e_tartaria,true,first_barony_in_county_block,867,CK3 00_landed_titles.txt
b_tariat,c_tarvagatai,d_arkhangai,k_naimania,e_mongolia,false,,867,CK3 00_landed_titles.txt
b_tarifa,c_cadiz,d_sevilla,k_andalusia,e_spain,false,,867,CK3 00_landed_titles.txt
b_tarkwa,c_wassa,d_ashanti,k_akan,e_guinea,true,first_barony_in_county_block,867,CK3 00_landed_titles.txt
b_tarm,c_ringkobing,d_jylland,k_denmark,e_scandinavia,false,,867,CK3 00_landed_titles.txt
b_tarnow,c_tarnowska,d_lesser_poland,k_poland,e_west_slavia,true,first_barony_in_county_block,867,CK3 00_landed_titles.txt
b_tarragona,c_tarragona,d_barcelona,k_aragon,e_spain,true,first_barony_in_county_block,867,CK3 00_landed_titles.txt
b_tarsos,c_tarsos,d_optimatoi,k_nikaea,e_byzantium,true,first_barony_in_county_block,867,CK3 00_landed_titles.txt
b_tarsukh,c_badaraya,d_baghdad,k_mesopotamia,e_persia,false,,867,CK3 00_landed_titles.txt
b_tarsus,c_cilicia,d_cilicia,k_anatolia,e_byzantium,true,first_barony_in_county_block,867,CK3 00_landed_titles.txt
b_tartas,c_albret,d_gascogne,k_aquitaine,e_france,false,,867,CK3 00_landed_titles.txt
b_tartas_SIB,c_tartas_SIB,d_vasyugan_mire,k_ob,e_siberia,true,first_barony_in_county_block,867,CK3 00_landed_titles.txt
b_tartu,c_dorpat,d_livonia,k_esthonia,e_wendish_empire,true,first_barony_in_county_block,867,CK3 00_landed_titles.txt
b_tarudant,c_sous,d_sous,k_maghreb,e_maghreb,true,first_barony_in_county_block,867,CK3 00_landed_titles.txt
b_taruga,c_guwari,d_nupe,k_igbo-benue,e_guinea,false,,867,CK3 00_landed_titles.txt
b_tarvagatai,c_tarvagatai,d_arkhangai,k_naimania,e_mongolia,true,first_barony_in_county_block,867,CK3 00_landed_titles.txt
b_tasagdah,c_tudgha,d_tafilalt,k_maghreb,e_maghreb,false,,867,CK3 00_landed_titles.txt
b_taseya,c_shishina,d_yenisei_kan,k_angara,e_mongolia,false,,867,CK3 00_landed_titles.txt
b_tasgimut,c_tinmallal,d_marrakesh,k_maghreb,e_maghreb,false,,867,CK3 00_landed_titles.txt
b_tashkurgan,c_gilgit,d_pamir,k_kashmir,e_rajastan,false,,867,CK3 00_landed_titles.txt
b_tashti,c_sighnaq,d_syr_darya,k_syr_darya,e_turan,false,,867,CK3 00_landed_titles.txt
b_taskyl,c_taskyl,d_ala_tau,k_ob,e_siberia,true,first_barony_in_county_block,867,CK3 00_landed_titles.txt
b_tasnad,c_szatmar,d_bihar,k_hungary,e_carpathia,false,,867,CK3 00_landed_titles.txt
b_tasqala,c_yaitsk,d_pecheneg,k_caspian_steppe,e_caspian-pontic_steppe,false,,867,CK3 00_landed_titles.txt
b_tassawa,c_murzuk,d_fezzan,k_sahara,e_maghreb,false,,867,CK3 00_landed_titles.txt
b_tasta,c_totma,d_chudia,k_bjarmaland,e_russia,false,,867,CK3 00_landed_titles.txt
b_tatarka,c_omsk,d_lanikaz,k_sibir,e_siberia,false,,867,CK3 00_landed_titles.txt
b_tatarki,c_pavlodar,d_lanikaz,k_sibir,e_siberia,false,,867,CK3 00_landed_titles.txt
b_tatartopa,c_cabardinia,d_alania,k_caucasus,e_caspian-pontic_steppe,false,,867,CK3 00_landed_titles.txt
b_tatvan,c_apahunik,d_vaspurakan,k_armenia,e_byzantium,false,,867,CK3 00_landed_titles.txt
b_tatyr_kul,c_murun_tomis,d_turgay,k_cuman,e_tartaria,false,,867,CK3 00_landed_titles.txt
b_taulov,c_vorbasse,d_slesvig,k_denmark,e_scandinavia,false,,867,CK3 00_landed_titles.txt
b_taunton,c_somerset,d_somerset,k_england,e_britannia,false,,867,CK3 00_landed_titles.txt
b_taurage,c_memel,d_samogitia,k_lithuania,e_wendish_empire,false,,867,CK3 00_landed_titles.txt
b_tavavis,c_bukhara,d_soghd,k_transoxiana,e_turan,false,,867,CK3 00_landed_titles.txt
b_taveta,c_taveta,d_bonde_la_ufa,k_zanj,e_azania,true,first_barony_in_county_block,867,CK3 00_landed_titles.txt
b_tawang,c_tawang,d_monyul,k_lhomon,e_tibet,true,first_barony_in_county_block,867,CK3 00_landed_titles.txt
b_tawurgha,c_labda,d_syrte,k_africa,e_maghreb,false,,867,CK3 00_landed_titles.txt
b_tawwaj,c_arrajan,d_fars,k_persia,e_persia,false,,867,CK3 00_landed_titles.txt
b_tawwam,c_julfar,d_oman,k_arabia,e_arabia,false,,867,CK3 00_landed_titles.txt
b_tawwam_west,c_julfar,d_oman,k_arabia,e_arabia,false,,867,CK3 00_landed_titles.txt
b_tayabad,c_bakharz,d_herat,k_khorasan,e_persia,false,,867,CK3 00_landed_titles.txt
b_tayma,c_tayma,d_shammar,k_arabia,e_arabia,true,first_barony_in_county_block,867,CK3 00_landed_titles.txt
b_taza,c_taza,d_fes,k_maghreb,e_maghreb,true,first_barony_in_county_block,867,CK3 00_landed_titles.txt
b_tazagourt,c_draa,d_sous,k_maghreb,e_maghreb,true,first_barony_in_county_block,867,CK3 00_landed_titles.txt
b_tazar,c_kermanshah,d_kermanshah,k_persia,e_persia,false,,867,CK3 00_landed_titles.txt
b_tbilisi,c_tbilisi,d_georgia,k_georgia,e_byzantium,true,first_barony_in_county_block,867,CK3 00_landed_titles.txt
b_teck,c_wurttemberg,d_swabia,k_east_francia,e_germany,false,,867,CK3 00_landed_titles.txt
b_tecklenburg,c_tecklenburg,d_westfalen,k_saxony,e_germany,true,first_barony_in_county_block,867,CK3 00_landed_titles.txt
b_tecso,c_marmaros,d_transcarpathia,k_hungary,e_carpathia,false,,867,CK3 00_landed_titles.txt
b_tecuci,c_galati,d_moldova,k_moldavia,e_carpathia,false,,867,CK3 00_landed_titles.txt
b_tedmait,c_ghardaia,d_mzab,k_tahert,e_maghreb,false,,867,CK3 00_landed_titles.txt
b_tegernheim,c_regensburg,d_bavaria,k_bavaria,e_germany,false,,867,CK3 00_landed_titles.txt
b_teglakar,c_purang,d_purang,k_guge,e_tibet,true,first_barony_in_county_block,867,CK3 00_landed_titles.txt
b_tegurik,c_kara_asirgan,d_naiman_gobi,k_dzungaria,e_tartaria,false,,867,CK3 00_landed_titles.txt
b_teiga,c_dar-al-rih,d_darfur,k_darfur,e_kanem_bornu,false,,867,CK3 00_landed_titles.txt
b_tekar,c_tekar,d_jinghiz,k_kipchak,e_tartaria,true,first_barony_in_county_block,867,CK3 00_landed_titles.txt
b_teke,c_teke,d_kazakh,k_cuman,e_tartaria,true,first_barony_in_county_block,867,CK3 00_landed_titles.txt
b_tekes,c_iliq,d_ili-alatau,k_zhetysu,e_tartaria,false,,867,CK3 00_landed_titles.txt
b_tekeze,c_lasta,d_lasta,k_abyssinia,e_abyssinia,false,,867,CK3 00_landed_titles.txt
b_tekyiman,c_bonoso,d_brong,k_akan,e_guinea,false,,867,CK3 00_landed_titles.txt
b_telavi,c_kakheti,d_georgia,k_georgia,e_byzantium,true,first_barony_in_county_block,867,CK3 00_landed_titles.txt
b_telcz,c_jihlava,d_moravia,k_bohemia,e_west_slavia,false,,867,CK3 00_landed_titles.txt
b_telegul,c_uzgend_KARA,d_syr_darya,k_syr_darya,e_turan,false,,867,CK3 00_landed_titles.txt
b_telemark,c_telemark,d_viken,k_norway,e_scandinavia,true,first_barony_in_county_block,867,CK3 00_landed_titles.txt
b_telja,c_satakunta,d_finland,k_finland,e_scandinavia,false,,867,CK3 00_landed_titles.txt
b_telmen,c_telmen,d_arkhangai,k_naimania,e_mongolia,true,first_barony_in_county_block,867,CK3 00_landed_titles.txt
b_telmessos,c_caria,d_cibyrrhaeot,k_anatolia,e_byzantium,true,first_barony_in_county_block,867,CK3 00_landed_titles.txt
b_telsiai,c_palanga,d_samogitia,k_lithuania,e_wendish_empire,false,,867,CK3 00_landed_titles.txt
b_temesvar,c_temes,d_temes,k_hungary,e_carpathia,true,first_barony_in_county_block,867,CK3 00_landed_titles.txt
b_temir,c_basagha,d_manatau,k_caspian_steppe,e_caspian-pontic_steppe,false,,867,CK3 00_landed_titles.txt
b_templin,c_prenzlau,d_ostmark,k_pomerania,e_wendish_empire,false,,867,CK3 00_landed_titles.txt
b_temqen,c_fuqi,d_tuyuhun,k_amdo,e_tibet,false,,867,CK3 00_landed_titles.txt
b_tenda,c_bundu,d_bambuk,k_mali,e_mali,false,,867,CK3 00_landed_titles.txt
b_tenerife,c_canarias,d_canarias,k_maghreb,e_maghreb,true,first_barony_in_county_block,867,CK3 00_landed_titles.txt
b_tengerge,c_tengerge,d_altay,k_dzungaria,e_tartaria,true,first_barony_in_county_block,867,CK3 00_landed_titles.txt
b_tengiz,c_tengiz,d_jemba,k_oghuz_il,e_turan,true,first_barony_in_county_block,867,CK3 00_landed_titles.txt
b_tenis,c_kazanskoye,d_tara,k_sibir,e_siberia,false,,867,CK3 00_landed_titles.txt
b_tenkasi,c_kongu,d_pandya_nadu,k_tamilakam,e_deccan,false,,867,CK3 00_landed_titles.txt
b_tenkudugo,c_gurma,d_lower_gurma,k_gurma,e_mali,false,,867,CK3 00_landed_titles.txt
b_tephrice,c_satala,d_chaldia,k_pontus,e_byzantium,false,,867,CK3 00_landed_titles.txt
b_teramo,c_teramo,d_spoleto,k_romagna,e_italy,true,first_barony_in_county_block,867,CK3 00_landed_titles.txt
b_terebovl,c_terebovl,d_halych,k_galicia-volhynia,e_west_slavia,true,first_barony_in_county_block,867,CK3 00_landed_titles.txt
b_terek,c_terek_pass,d_kashgar,k_khotan,e_turan,true,first_barony_in_county_block,867,CK3 00_landed_titles.txt
b_terekli,c_terekli,d_aral_karakum,k_oghuz_il,e_turan,true,first_barony_in_county_block,867,CK3 00_landed_titles.txt
b_terektai,c_terektai,d_altaishan,k_ob,e_siberia,true,first_barony_in_county_block,867,CK3 00_landed_titles.txt
b_terekti,c_eghiz_kara,d_qyzylsaryarka,k_cuman,e_tartaria,false,,867,CK3 00_landed_titles.txt
b_termez,c_chaghaniyan,d_khuttal,k_transoxiana,e_turan,false,,867,CK3 00_landed_titles.txt
b_terni,c_spoleto,d_spoleto,k_romagna,e_italy,false,,867,CK3 00_landed_titles.txt
b_terom,c_tyumen,d_ostyaki,k_yugra,e_siberia,false,,867,CK3 00_landed_titles.txt
b_terracina,c_tivoli,d_latium,k_romagna,e_italy,false,,867,CK3 00_landed_titles.txt
b_tersa,c_atkarsk,d_chuvashia,k_mordvinia,e_volga-ural,false,,867,CK3 00_landed_titles.txt
b_teruel,c_teruel,d_valencia,k_valencia,e_spain,true,first_barony_in_county_block,867,CK3 00_landed_titles.txt
b_tes_uni,c_soya,d_menas,k_aynumosir,e_amur,false,,867,CK3 00_landed_titles.txt
b_tesiin_gol,c_tesiin_gol,d_ubsunur_hollow,k_naimania,e_mongolia,true,first_barony_in_county_block,867,CK3 00_landed_titles.txt
b_tessalit,c_tessalit,d_tadmekka,k_sahara,e_maghreb,true,first_barony_in_county_block,867,CK3 00_landed_titles.txt
b_teterpush,c_salavat,d_bugurslan,k_volga_bulgaria,e_volga-ural,false,,867,CK3 00_landed_titles.txt
b_tetina,c_hotin,d_bukovina,k_moldavia,e_carpathia,false,,867,CK3 00_landed_titles.txt
b_tetovo,c_skopje,d_bulgaria,k_bulgaria,e_byzantium,false,,867,CK3 00_landed_titles.txt
b_tewo,c_tewo,d_gainlho,k_gyalrong,e_tibet,true,first_barony_in_county_block,867,CK3 00_landed_titles.txt
b_tezu,c_tezu,d_dzayul,k_lhomon,e_tibet,true,first_barony_in_county_block,867,CK3 00_landed_titles.txt
b_thaj,c_qatif,d_bahrain,k_arabia,e_arabia,false,,867,CK3 00_landed_titles.txt
b_thaldat,c_thaldat,d_aksai_chin,k_maryul,e_tibet,true,first_barony_in_county_block,867,CK3 00_landed_titles.txt
b_thalner,c_thalner,d_anupa,k_malwa,e_rajastan,true,first_barony_in_county_block,867,CK3 00_landed_titles.txt
b_thamud,c_ahqaf,d_hadramawt,k_yemen,e_arabia,false,,867,CK3 00_landed_titles.txt
b_thana,c_surparaka,d_konkana,k_maharastra,e_deccan,true,first_barony_in_county_block,867,CK3 00_landed_titles.txt
b_thasos,c_mosynopolis,d_strymon,k_thessalonika,e_byzantium,false,,867,CK3 00_landed_titles.txt
b_thatta,c_debul,d_sauvira,k_sindh,e_rajastan,false,,867,CK3 00_landed_titles.txt
b_the_uists,c_outer_hebrides,d_western_isles,k_scotland,e_britannia,false,,867,CK3 00_landed_titles.txt
b_thebeshellas,c_attica,d_athens,k_hellas,e_byzantium,false,,867,CK3 00_landed_titles.txt
b_theodosia,c_kerch,d_crimea,k_pontic_steppe,e_caspian-pontic_steppe,false,,867,CK3 00_landed_titles.txt
b_theodosiopolis,c_theodosiopolis,d_mesopotamia,k_armenia,e_byzantium,true,first_barony_in_county_block,867,CK3 00_landed_titles.txt
b_thera,c_naxos,d_aegean_islands,k_thessalonika,e_byzantium,false,,867,CK3 00_landed_titles.txt
b_therma,c_charsianon,d_charsianon,k_anatolia,e_byzantium,false,,867,CK3 00_landed_titles.txt
b_thessaloniki,c_thessalonika,d_thessalonika,k_thessalonika,e_byzantium,true,first_barony_in_county_block,867,CK3 00_landed_titles.txt
b_thetford,c_norfolk,d_norfolk,k_england,e_britannia,false,,867,CK3 00_landed_titles.txt
b_thiers,c_thiers,d_auvergne,k_aquitaine,e_france,true,first_barony_in_county_block,867,CK3 00_landed_titles.txt
b_thiladhunmathi,c_maldives,d_chera_nadu,k_tamilakam,e_deccan,false,,867,CK3 00_landed_titles.txt
b_thimpu,c_paro,d_paro,k_lhomon,e_tibet,false,,867,CK3 00_landed_titles.txt
b_tholing,c_tsaparang,d_ngari,k_guge,e_tibet,false,,867,CK3 00_landed_titles.txt
b_thonon_les_bains,c_geneva,d_savoie,k_burgundy,e_france,false,,867,CK3 00_landed_titles.txt
b_thouars,c_thouars,d_poitou,k_aquitaine,e_france,true,first_barony_in_county_block,867,CK3 00_landed_titles.txt
b_thun,c_bern,d_transjurania,k_burgundy,e_france,false,,867,CK3 00_landed_titles.txt
b_thurso,c_caithness,d_moray,k_scotland,e_britannia,true,first_barony_in_county_block,867,CK3 00_landed_titles.txt
b_thyatira,c_thyatira,d_thracesia,k_nikaea,e_byzantium,true,first_barony_in_county_block,867,CK3 00_landed_titles.txt
b_tiabis,c_omsk,d_lanikaz,k_sibir,e_siberia,false,,867,CK3 00_landed_titles.txt
b_tiagba,c_dabou,d_adiukru,k_akan,e_guinea,false,,867,CK3 00_landed_titles.txt
b_tiberias,c_tiberias,d_urdunn,k_jerusalem,e_arabia,true,first_barony_in_county_block,867,CK3 00_landed_titles.txt
b_tiberkul,c_kizir,d_blue_khakassia,k_khakassia,e_mongolia,false,,867,CK3 00_landed_titles.txt
b_tibesti-central,c_tibesti,d_tibesti,k_sahara,e_maghreb,false,,867,CK3 00_landed_titles.txt
b_tibesti-south,c_tibesti,d_tibesti,k_sahara,e_maghreb,true,first_barony_in_county_block,867,CK3 00_landed_titles.txt
b_tibesti_route,c_tibesti,d_tibesti,k_sahara,e_maghreb,false,,867,CK3 00_landed_titles.txt
b_tibis_sor,c_tumar,d_turgay,k_cuman,e_tartaria,false,,867,CK3 00_landed_titles.txt
b_tichitt,c_tichitt,d_tagant,k_ghana,e_mali,true,first_barony_in_county_block,867,CK3 00_landed_titles.txt
b_tidikelt,c_tamentit,d_touat,k_anbiya,e_maghreb,false,,867,CK3 00_landed_titles.txt
b_tidri,c_draa,d_sous,k_maghreb,e_maghreb,false,,867,CK3 00_landed_titles.txt
b_tie,c_jimi,d_kanem,k_kanem,e_kanem_bornu,false,,867,CK3 00_landed_titles.txt
b_tiebuken,c_hoboksar,d_gurbantunggut,k_dzungaria,e_tartaria,false,,867,CK3 00_landed_titles.txt
b_tiel,c_guelders,d_gelre,k_frisia,e_germany,false,,867,CK3 00_landed_titles.txt
b_tifash,c_constantine,d_kroumerie,k_africa,e_maghreb,false,,867,CK3 00_landed_titles.txt
b_tigheci,c_tigheci,d_bugeac,k_moldavia,e_carpathia,true,first_barony_in_county_block,867,CK3 00_landed_titles.txt
b_tighina,c_cetatea_alba,d_bugeac,k_moldavia,e_carpathia,false,,867,CK3 00_landed_titles.txt
b_tigre,c_tigre,d_aksum,k_abyssinia,e_abyssinia,false,,867,CK3 00_landed_titles.txt
b_tih,c_sinai,d_sinai,k_egypt,e_arabia,false,,867,CK3 00_landed_titles.txt
b_tiiksjarvi,c_koutajoki,d_giemajohka,k_sapmi,e_scandinavia,false,,867,CK3 00_landed_titles.txt
b_tijis,c_constantine,d_kroumerie,k_africa,e_maghreb,false,,867,CK3 00_landed_titles.txt
b_tikenik,c_loulan,d_loulan,k_khotan,e_turan,false,,867,CK3 00_landed_titles.txt
b_tikhfa,c_qasim,d_najd,k_arabia,e_arabia,false,,867,CK3 00_landed_titles.txt
b_tikhon,c_khumar,d_azov,k_caucasus,e_caspian-pontic_steppe,false,,867,CK3 00_landed_titles.txt
b_tikhvin,c_tikhvin,d_vepsia,k_novgorod,e_russia,true,first_barony_in_county_block,867,CK3 00_landed_titles.txt
b_tikoutamine,c_muluya,d_fes,k_maghreb,e_maghreb,false,,867,CK3 00_landed_titles.txt
b_tilburg,c_maastricht,d_julich,k_lotharingia,e_germany,false,,867,CK3 00_landed_titles.txt
b_tilghemt,c_laghwat,d_mzab,k_tahert,e_maghreb,false,,867,CK3 00_landed_titles.txt
b_till,c_upper_ghur,d_ghur,k_khorasan,e_persia,false,,867,CK3 00_landed_titles.txt
b_tillaberi,c_kukiya,d_kawkaw,k_songhay,e_mali,false,,867,CK3 00_landed_titles.txt
b_tilokpur,c_vodamayutja,d_vodamayutja,k_delhi,e_rajastan,false,,867,CK3 00_landed_titles.txt
b_tilsit,c_scalovia,d_samogitia,k_lithuania,e_wendish_empire,false,,867,CK3 00_landed_titles.txt
b_timbedra,c_masin,d_wagadu,k_ghana,e_mali,false,,867,CK3 00_landed_titles.txt
b_timbi_tunni,c_timbi,d_futa_jalon,k_mali,e_mali,true,first_barony_in_county_block,867,CK3 00_landed_titles.txt
b_timbo,c_futa_jalon,d_futa_jalon,k_mali,e_mali,false,,867,CK3 00_landed_titles.txt
b_timbuktu,c_tirakka,d_timbuktu,k_songhay,e_mali,false,,867,CK3 00_landed_titles.txt
b_tindouf,c_tindouf,d_zammour,k_anbiya,e_maghreb,true,first_barony_in_county_block,867,CK3 00_landed_titles.txt
b_tindouf_road,c_tindouf,d_zammour,k_anbiya,e_maghreb,false,,867,CK3 00_landed_titles.txt
b_tingevara,c_rounala,d_duortnoseatnu,k_sapmi,e_scandinavia,false,,867,CK3 00_landed_titles.txt
b_tingi,c_wadan,d_adrar,k_anbiya,e_maghreb,false,,867,CK3 00_landed_titles.txt
b_tingri,c_nyalam,d_sagya,k_tsang,e_tibet,false,,867,CK3 00_landed_titles.txt
b_tingvalla,c_varmland,d_bergslagen,k_sweden,e_scandinavia,true,first_barony_in_county_block,867,CK3 00_landed_titles.txt
b_tinimseyit,c_cherik,d_talas_alatau,k_syr_darya,e_turan,false,,867,CK3 00_landed_titles.txt
b_tinkisso,c_bure,d_manding,k_mali,e_mali,false,,867,CK3 00_landed_titles.txt
b_tinmallal,c_tinmallal,d_marrakesh,k_maghreb,e_maghreb,true,first_barony_in_county_block,867,CK3 00_landed_titles.txt
b_tinnai,c_waddan,d_syrte,k_africa,e_maghreb,false,,867,CK3 00_landed_titles.txt
b_tinnis,c_damietta,d_delta,k_egypt,e_arabia,false,,867,CK3 00_landed_titles.txt
b_tinos,c_naxos,d_aegean_islands,k_thessalonika,e_byzantium,false,,867,CK3 00_landed_titles.txt
b_tinsukia,c_kundina,d_sutiya,k_kamarupa,e_bengal,false,,867,CK3 00_landed_titles.txt
b_tintagel,c_cornwall,d_cornwall,k_england,e_britannia,false,,867,CK3 00_landed_titles.txt
b_tirakka,c_tirakka,d_timbuktu,k_songhay,e_mali,true,first_barony_in_county_block,867,CK3 00_landed_titles.txt
b_tirano,c_trent,d_lombardia,k_italy,e_italy,false,,867,CK3 00_landed_titles.txt
b_tiranshah,c_shahrazur,d_kurdistan,k_jazira,e_persia,false,,867,CK3 00_landed_titles.txt
b_tiraspol,c_odessa,d_kizilyedisan,k_pontic_steppe,e_caspian-pontic_steppe,false,,867,CK3 00_landed_titles.txt
b_tiri,c_jafara,d_tripolitania,k_africa,e_maghreb,false,,867,CK3 00_landed_titles.txt
b_tiris,c_tiris,d_zammour,k_anbiya,e_maghreb,false,,867,CK3 00_landed_titles.txt
b_tiris-south,c_tiris,d_zammour,k_anbiya,e_maghreb,false,,867,CK3 00_landed_titles.txt
b_tirsa,c_fayyum,d_cairo,k_egypt,e_arabia,false,,867,CK3 00_landed_titles.txt
b_tirukoilur,c_cholamandalam,d_chola_nadu,k_tamilakam,e_deccan,false,,867,CK3 00_landed_titles.txt
b_tirunelveli,c_madurai,d_pandya_nadu,k_tamilakam,e_deccan,false,,867,CK3 00_landed_titles.txt
b_tiruppur,c_kongu,d_pandya_nadu,k_tamilakam,e_deccan,false,,867,CK3 00_landed_titles.txt
b_tiruvannamalai,c_tiruvannamalai,d_chola_nadu,k_tamilakam,e_deccan,true,first_barony_in_county_block,867,CK3 00_landed_titles.txt
b_tischna,c_totma,d_chudia,k_bjarmaland,e_russia,false,,867,CK3 00_landed_titles.txt
b_tisselskog,c_dal,d_vastergotland,k_sweden,e_scandinavia,false,,867,CK3 00_landed_titles.txt
b_tit-an-wagurramt,c_fazaz,d_marrakesh,k_maghreb,e_maghreb,false,,867,CK3 00_landed_titles.txt
b_titel,c_bacs,d_bacs,k_hungary,e_carpathia,false,,867,CK3 00_landed_titles.txt
b_tittawan,c_ceuta,d_rif,k_maghreb,e_maghreb,false,,867,CK3 00_landed_titles.txt
b_tivoli,c_tivoli,d_latium,k_romagna,e_italy,true,first_barony_in_county_block,867,CK3 00_landed_titles.txt
b_tiz,c_bampur,d_jabal_kufs,k_makran,e_persia,false,,867,CK3 00_landed_titles.txt
b_tlawng,c_harikela,d_vanga,k_bengal,e_bengal,false,,867,CK3 00_landed_titles.txt
b_tlemcen,c_tlemcen,d_tlemcen,k_tahert,e_maghreb,true,first_barony_in_county_block,867,CK3 00_landed_titles.txt
b_tmogvi,c_klarjeti,d_tao-klarjeti,k_georgia,e_byzantium,false,,867,CK3 00_landed_titles.txt
b_tmutarakan,c_tmutarakan,d_azov,k_caucasus,e_caspian-pontic_steppe,true,first_barony_in_county_block,867,CK3 00_landed_titles.txt
b_to_lus,c_kassala,d_baqlin,k_blemmyia,e_abyssinia,false,,867,CK3 00_landed_titles.txt
b_tobgyai,c_xigaze,d_xigaze,k_tsang,e_tibet,false,,867,CK3 00_landed_titles.txt
b_tobol,c_tobol,d_sibir,k_sibir,e_siberia,true,first_barony_in_county_block,867,CK3 00_landed_titles.txt
b_tobol_bis,c_sabakyul,d_kurgan,k_qara_dala,e_tartaria,false,,867,CK3 00_landed_titles.txt
b_tobruk,c_tobruk,d_cyrenaica,k_egypt,e_arabia,true,first_barony_in_county_block,867,CK3 00_landed_titles.txt
b_todo,c_todo,d_savalu,k_borgu,e_guinea,true,first_barony_in_county_block,867,CK3 00_landed_titles.txt
b_tofa_nuruud,c_anja,d_blue_khakassia,k_khakassia,e_mongolia,false,,867,CK3 00_landed_titles.txt
b_tofalaria,c_burugu_aallar,d_kargassia,k_khakassia,e_mongolia,true,first_barony_in_county_block,867,CK3 00_landed_titles.txt
b_togarakunta,c_renandu,d_tondai_nadu,k_tamilakam,e_deccan,true,first_barony_in_county_block,867,CK3 00_landed_titles.txt
b_togdheer,c_makhir,d_sanaag,k_adal,e_abyssinia,false,,867,CK3 00_landed_titles.txt
b_tohmajarvi,c_olavinlinna,d_savo,k_finland,e_scandinavia,false,,867,CK3 00_landed_titles.txt
b_tokapusi,c_menas,d_menas,k_aynumosir,e_amur,false,,867,CK3 00_landed_titles.txt
b_tokar,c_bazin,d_bazin,k_blemmyia,e_abyssinia,true,first_barony_in_county_block,867,CK3 00_landed_titles.txt
b_tokisara,c_tokisara,d_nushiro,k_hitakami,e_amur,false,,867,CK3 00_landed_titles.txt
b_tokobay,c_betpa,d_betpa,k_saryarka,e_tartaria,false,,867,CK3 00_landed_titles.txt
b_toksu,c_kucha,d_karashar,k_khotan,e_turan,false,,867,CK3 00_landed_titles.txt
b_toksun,c_toksun,d_karashar,k_khotan,e_turan,true,first_barony_in_county_block,867,CK3 00_landed_titles.txt
b_tokumbay,c_tokumbay,d_tokumbay,k_saryarka,e_tartaria,true,first_barony_in_county_block,867,CK3 00_landed_titles.txt
b_toladie,c_mema,d_mema,k_ghana,e_mali,false,,867,CK3 00_landed_titles.txt
b_toledo,c_toledo,d_toledo,k_andalusia,e_spain,true,first_barony_in_county_block,867,CK3 00_landed_titles.txt
b_toli,c_karamay,d_tarbagatai,k_zhetysu,e_tartaria,false,,867,CK3 00_landed_titles.txt
b_tolisa,c_usora,d_lower_bosna,k_croatia,e_byzantium,false,,867,CK3 00_landed_titles.txt
b_tolna,c_tolna,d_somogy,k_hungary,e_carpathia,true,first_barony_in_county_block,867,CK3 00_landed_titles.txt
b_tolti,c_skardu,d_baltiyul,k_maryul,e_tibet,false,,867,CK3 00_landed_titles.txt
b_tolz,c_eschenlohe,d_bavaria,k_bavaria,e_germany,false,,867,CK3 00_landed_titles.txt
b_toma,c_trandam,d_zadoi,k_amdo,e_tibet,false,,867,CK3 00_landed_titles.txt
b_toma_toro,c_toma,d_toro,k_guinea,e_guinea,false,,867,CK3 00_landed_titles.txt
b_tombo,c_sanda,d_sapi,k_guinea,e_guinea,true,first_barony_in_county_block,867,CK3 00_landed_titles.txt
b_tomelloso,c_calatrava,d_cordoba,k_andalusia,e_spain,false,,867,CK3 00_landed_titles.txt
b_tommerup,c_skane,d_skane,k_denmark,e_scandinavia,false,,867,CK3 00_landed_titles.txt
b_tomorbulag,c_tomorbulag,d_khovsgol,k_naimania,e_mongolia,true,first_barony_in_county_block,867,CK3 00_landed_titles.txt
b_tomsk,c_tomsk,d_ala_tau,k_ob,e_siberia,true,first_barony_in_county_block,867,CK3 00_landed_titles.txt
b_tonbridge,c_kent,d_canterbury,k_england,e_britannia,false,,867,CK3 00_landed_titles.txt
b_tondiaru,c_kouga,d_mema,k_ghana,e_mali,false,,867,CK3 00_landed_titles.txt
b_tondikwarey,c_gurma,d_lower_gurma,k_gurma,e_mali,false,,867,CK3 00_landed_titles.txt
b_tongkor,c_xining,d_xining,k_amdo,e_tibet,false,,867,CK3 00_landed_titles.txt
b_tongmoin,c_xaitongmoin,d_ngamring,k_tsang,e_tibet,true,first_barony_in_county_block,867,CK3 00_landed_titles.txt
b_tonko,c_temne,d_sapi,k_guinea,e_guinea,false,,867,CK3 00_landed_titles.txt
b_tonnerre,c_tonnerrois,d_burgundy,k_france,e_france,true,first_barony_in_county_block,867,CK3 00_landed_titles.txt
b_topar_vosh,c_tselym_dalyn,d_konda,k_yugra,e_siberia,false,,867,CK3 00_landed_titles.txt
b_topolno,c_kuchuk,d_kulyndy_steppe,k_ob,e_siberia,false,,867,CK3 00_landed_titles.txt
b_toporo,c_zemplen,d_ungvar,k_hungary,e_carpathia,false,,867,CK3 00_landed_titles.txt
b_topusko,c_modrus,d_croatia,k_croatia,e_byzantium,false,,867,CK3 00_landed_titles.txt
b_tor,c_bakhmut,d_levedia,k_pontic_steppe,e_caspian-pontic_steppe,false,,867,CK3 00_landed_titles.txt
b_torangy_kul,c_torangy_kul,d_akaltay,k_dzungaria,e_tartaria,true,first_barony_in_county_block,867,CK3 00_landed_titles.txt
b_torcsvar,c_fogaras,d_transylvania,k_hungary,e_carpathia,false,,867,CK3 00_landed_titles.txt
b_torda,c_torda,d_transylvania,k_hungary,e_carpathia,true,first_barony_in_county_block,867,CK3 00_landed_titles.txt
b_torema,c_torema,d_salair,k_ob,e_siberia,true,first_barony_in_county_block,867,CK3 00_landed_titles.txt
b_torgar,c_namdalfylki,d_halogaland,k_norway,e_scandinavia,false,,867,CK3 00_landed_titles.txt
b_torgau,c_brene,d_lausitz,k_sorbia,e_west_slavia,true,first_barony_in_county_block,867,CK3 00_landed_titles.txt
b_torna,c_abauj,d_ungvar,k_hungary,e_carpathia,false,,867,CK3 00_landed_titles.txt
b_toro,c_zamora,d_leon,k_leon,e_spain,false,,867,CK3 00_landed_titles.txt
b_toropets,c_toropets,d_smolensk,k_white_rus,e_russia,true,first_barony_in_county_block,867,CK3 00_landed_titles.txt
b_torsas,c_more,d_smaland,k_sweden,e_scandinavia,false,,867,CK3 00_landed_titles.txt
b_torshavn,c_faereyar,d_northern_isles,k_norway,e_scandinavia,true,first_barony_in_county_block,867,CK3 00_landed_titles.txt
b_tortoli,c_tortoli,d_sardinia,k_sardinia,e_italy,true,first_barony_in_county_block,867,CK3 00_landed_titles.txt
b_tortomi,c_tao,d_tao-klarjeti,k_georgia,e_byzantium,true,first_barony_in_county_block,867,CK3 00_landed_titles.txt
b_tortona,c_tortona,d_lombardia,k_italy,e_italy,true,first_barony_in_county_block,867,CK3 00_landed_titles.txt
b_tortosa,c_tarragona,d_barcelona,k_aragon,e_spain,false,,867,CK3 00_landed_titles.txt
b_torun,c_torun,d_masuria,k_lithuania,e_wendish_empire,false,,867,CK3 00_landed_titles.txt
b_torzhok,c_valdai,d_luki,k_novgorod,e_russia,true,first_barony_in_county_block,867,CK3 00_landed_titles.txt
b_totkarak,c_pelym,d_pelym,k_yugra,e_siberia,false,,867,CK3 00_landed_titles.txt
b_totma,c_totma,d_chudia,k_bjarmaland,e_russia,true,first_barony_in_county_block,867,CK3 00_landed_titles.txt
b_totnes,c_devon,d_cornwall,k_england,e_britannia,false,,867,CK3 00_landed_titles.txt
b_touba,c_mau,d_toro,k_guinea,e_guinea,false,,867,CK3 00_landed_titles.txt
b_toul,c_vaucouleurs,d_bar,k_lotharingia,e_germany,false,,867,CK3 00_landed_titles.txt
b_toulon,c_provence,d_provence,k_burgundy,e_france,true,first_barony_in_county_block,867,CK3 00_landed_titles.txt
b_toulouse,c_toulouse,d_toulouse,k_aquitaine,e_france,true,first_barony_in_county_block,867,CK3 00_landed_titles.txt
b_toumana,c_kaabu,d_kaabu,k_kaabu,e_mali,false,,867,CK3 00_landed_titles.txt
b_tournai,c_hainaut,d_brabant,k_lotharingia,e_germany,false,,867,CK3 00_landed_titles.txt
b_tourraine,c_tourraine,d_berry,k_france,e_france,false,,867,CK3 00_landed_titles.txt
b_tours,c_tourraine,d_berry,k_france,e_france,true,first_barony_in_county_block,867,CK3 00_landed_titles.txt
b_tovajarvi,c_sortavala,d_karelia,k_finland,e_scandinavia,false,,867,CK3 00_landed_titles.txt
b_tovkhon,c_tovkhon,d_ovorkhangai,k_naimania,e_mongolia,true,first_barony_in_county_block,867,CK3 00_landed_titles.txt
b_tovuz,c_khachen,d_greater_armenia,k_armenia,e_byzantium,false,,867,CK3 00_landed_titles.txt
b_toya,c_konda_ob,d_baraba_steppe,k_ob,e_siberia,false,,867,CK3 00_landed_titles.txt
b_tozeur,c_qashtiliya,d_jerid,k_africa,e_maghreb,true,first_barony_in_county_block,867,CK3 00_landed_titles.txt
b_tradruk,c_zetang,d_yarlung,k_u,e_tibet,false,,867,CK3 00_landed_titles.txt
b_traghan,c_murzuk,d_fezzan,k_sahara,e_maghreb,false,,867,CK3 00_landed_titles.txt
b_traianopolis,c_mosynopolis,d_strymon,k_thessalonika,e_byzantium,false,,867,CK3 00_landed_titles.txt
b_trakai,c_trakai,d_lithuanians,k_lithuania,e_wendish_empire,true,first_barony_in_county_block,867,CK3 00_landed_titles.txt
b_tralee,c_desmond,d_munster,k_ireland,e_britannia,true,first_barony_in_county_block,867,CK3 00_landed_titles.txt
b_trancoso,c_viseu,d_coimbra,k_portugal,e_spain,false,,867,CK3 00_landed_titles.txt
b_trandam,c_trandam,d_zadoi,k_amdo,e_tibet,true,first_barony_in_county_block,867,CK3 00_landed_titles.txt
b_trani,c_apulia,d_apulia,k_sicily,e_byzantium,true,first_barony_in_county_block,867,CK3 00_landed_titles.txt
b_trapani,c_palermo,d_sicily,k_sicily,e_byzantium,false,,867,CK3 00_landed_titles.txt
b_trashigang,c_tsaparang,d_ngari,k_guge,e_tibet,false,,867,CK3 00_landed_titles.txt
b_trashingling,c_quqen,d_gyalrong,k_gyalrong,e_tibet,false,,867,CK3 00_landed_titles.txt
b_traunstein,c_salzburg,d_salzburg,k_bavaria,e_germany,false,,867,CK3 00_landed_titles.txt
b_travnik,c_rama,d_bosna,k_croatia,e_byzantium,false,,867,CK3 00_landed_titles.txt
b_trebinje,c_travunia,d_duklja,k_serbia,e_byzantium,true,first_barony_in_county_block,867,CK3 00_landed_titles.txt
b_trebizond,c_trebizond,d_chaldia,k_pontus,e_byzantium,true,first_barony_in_county_block,867,CK3 00_landed_titles.txt
b_treguier,c_penthievre,d_brittany,k_brittany,e_france,false,,867,CK3 00_landed_titles.txt
b_treliaka,c_petrovsk,d_chuvashia,k_mordvinia,e_volga-ural,false,,867,CK3 00_landed_titles.txt
b_trelleborg,c_skane,d_skane,k_denmark,e_scandinavia,false,,867,CK3 00_landed_titles.txt
b_trenscen,c_trenscen,d_nyitra,k_hungary,e_carpathia,true,first_barony_in_county_block,867,CK3 00_landed_titles.txt
b_trento,c_trent,d_lombardia,k_italy,e_italy,true,first_barony_in_county_block,867,CK3 00_landed_titles.txt
b_treviso,c_treviso,d_verona,k_italy,e_italy,true,first_barony_in_county_block,867,CK3 00_landed_titles.txt
b_triana,c_sevilla,d_sevilla,k_andalusia,e_spain,false,,867,CK3 00_landed_titles.txt
b_tribandapura,c_tribandapura,d_haritanaka,k_delhi,e_rajastan,true,first_barony_in_county_block,867,CK3 00_landed_titles.txt
b_trier,c_trier,d_upper_lorraine,k_lotharingia,e_germany,true,first_barony_in_county_block,867,CK3 00_landed_titles.txt
b_trieste,c_aquileia,d_friuli,k_italy,e_italy,false,,867,CK3 00_landed_titles.txt
b_triga,c_rebgong,d_malho,k_gyalrong,e_tibet,false,,867,CK3 00_landed_titles.txt
b_triglavski,c_gorz,d_friuli,k_italy,e_italy,false,,867,CK3 00_landed_titles.txt
b_trikala,c_thessaliotis,d_thessaly,k_thessalonika,e_byzantium,true,first_barony_in_county_block,867,CK3 00_landed_titles.txt
b_trim,c_dublin,d_meath,k_ireland,e_britannia,false,,867,CK3 00_landed_titles.txt
b_trincomalee,c_trincomalee,d_sinhala,k_lanka,e_deccan,false,,867,CK3 00_landed_titles.txt
b_tripura,c_karmanta,d_vanga,k_bengal,e_bengal,false,,867,CK3 00_landed_titles.txt
b_tripuri,c_tripuri,d_dahala,k_gondwana,e_bengal,true,first_barony_in_county_block,867,CK3 00_landed_titles.txt
b_triwang,c_chindu,d_qumarleb,k_amdo,e_tibet,true,first_barony_in_county_block,867,CK3 00_landed_titles.txt
b_troizk,c_chelabinsk,d_vogulia,k_bashkiria,e_volga-ural,false,,867,CK3 00_landed_titles.txt
b_tromsa_genma,c_ariksar,d_lingtsang,k_kham,e_tibet,false,,867,CK3 00_landed_titles.txt
b_trongsa,c_trongsa,d_bumthang,k_lhomon,e_tibet,true,first_barony_in_county_block,867,CK3 00_landed_titles.txt
b_tropea,c_reggio_calabria,d_calabria,k_sicily,e_byzantium,false,,867,CK3 00_landed_titles.txt
b_trotskhoper,c_tuluchezeva,d_khopyor,k_mordvinia,e_volga-ural,false,,867,CK3 00_landed_titles.txt
b_troyes,c_troyes,d_champagne,k_france,e_france,true,first_barony_in_county_block,867,CK3 00_landed_titles.txt
b_trsow,c_danzig,d_pomerelia,k_pomerania,e_wendish_empire,false,,867,CK3 00_landed_titles.txt
b_trubending,c_ansbach,d_east_franconia,k_east_francia,e_germany,false,,867,CK3 00_landed_titles.txt
b_trubetsk,c_starodub,d_chernigov,k_ruthenia,e_russia,false,,867,CK3 00_landed_titles.txt
b_trujillo,c_merida,d_badajoz,k_badajoz,e_spain,false,,867,CK3 00_landed_titles.txt
b_tsagaan_gazar,c_kara_khol,d_katu_yaryk,k_tuva,e_mongolia,false,,867,CK3 00_landed_titles.txt
b_tsagaan_kropot,c_shityy,d_eastern_sayan,k_khakassia,e_mongolia,false,,867,CK3 00_landed_titles.txt
b_tsagaanuur,c_darkhad_valley,d_khovsgol,k_naimania,e_mongolia,false,,867,CK3 00_landed_titles.txt
b_tsagan_shibetu,c_harhiraa,d_khovd,k_naimania,e_mongolia,false,,867,CK3 00_landed_titles.txt
b_tsageri,c_odishi,d_abkhazia,k_georgia,e_byzantium,false,,867,CK3 00_landed_titles.txt
b_tsalakert,c_bagrewand,d_greater_armenia,k_armenia,e_byzantium,false,,867,CK3 00_landed_titles.txt
b_tsambagarau,c_tsambagarau,d_khovd,k_naimania,e_mongolia,true,first_barony_in_county_block,867,CK3 00_landed_titles.txt
b_tsaparang,c_tsaparang,d_ngari,k_guge,e_tibet,true,first_barony_in_county_block,867,CK3 00_landed_titles.txt
b_tsarevokokchaisk,c_yoshkar-ola,d_kazan,k_volga_bulgaria,e_volga-ural,false,,867,CK3 00_landed_titles.txt
b_tsartsanmod,c_chuna,d_chuna_valley,k_angara,e_mongolia,false,,867,CK3 00_landed_titles.txt
b_tsasengiin,c_bratsk,d_chuna_valley,k_angara,e_mongolia,false,,867,CK3 00_landed_titles.txt
b_tseel,c_tseel,d_gobi_altai,k_naimania,e_mongolia,true,first_barony_in_county_block,867,CK3 00_landed_titles.txt
b_tselym_dalyn,c_tselym_dalyn,d_konda,k_yugra,e_siberia,true,first_barony_in_county_block,867,CK3 00_landed_titles.txt
b_tsepina,c_philippopolis,d_philippopolis,k_bulgaria,e_byzantium,false,,867,CK3 00_landed_titles.txt
b_tserlona,c_anket,d_ciscaucasia,k_caucasus,e_caspian-pontic_steppe,true,first_barony_in_county_block,867,CK3 00_landed_titles.txt
b_tsetsen_khairkhan,c_oigon,d_arkhangai,k_naimania,e_mongolia,false,,867,CK3 00_landed_titles.txt
b_tskhinvali,c_kartli,d_tao-klarjeti,k_georgia,e_byzantium,false,,867,CK3 00_landed_titles.txt
b_tskhumi,c_abkhazia,d_abkhazia,k_georgia,e_byzantium,true,first_barony_in_county_block,867,CK3 00_landed_titles.txt
b_tsongdu,c_nyalam,d_sagya,k_tsang,e_tibet,true,first_barony_in_county_block,867,CK3 00_landed_titles.txt
b_tsugaru,c_tsugaru,d_hitakami,k_hitakami,e_amur,true,first_barony_in_county_block,867,CK3 00_landed_titles.txt
b_tsumo,c_tsugaru,d_hitakami,k_hitakami,e_amur,false,,867,CK3 00_landed_titles.txt
b_tuam,c_connacht,d_connacht,k_ireland,e_britannia,false,,867,CK3 00_landed_titles.txt
b_tuanjie,c_aksay,d_aksay,k_amdo,e_tibet,false,,867,CK3 00_landed_titles.txt
b_tuba_TUV,c_kizir,d_blue_khakassia,k_khakassia,e_mongolia,false,,867,CK3 00_landed_titles.txt
b_tubingen,c_wurttemberg,d_swabia,k_east_francia,e_germany,false,,867,CK3 00_landed_titles.txt
b_tubna,c_hodna,d_zab,k_tahert,e_maghreb,true,first_barony_in_county_block,867,CK3 00_landed_titles.txt
b_tuchowna,c_berent,d_pomerelia,k_pomerania,e_wendish_empire,false,,867,CK3 00_landed_titles.txt
b_tudela,c_tudela,d_navarra,k_navarra,e_spain,true,first_barony_in_county_block,867,CK3 00_landed_titles.txt
b_tudgha,c_tudgha,d_tafilalt,k_maghreb,e_maghreb,true,first_barony_in_county_block,867,CK3 00_landed_titles.txt
b_tudugu,c_tyendugu,d_worodugu,k_kong,e_guinea,false,,867,CK3 00_landed_titles.txt
b_tuggurt,c_arigh,d_mzab,k_tahert,e_maghreb,false,,867,CK3 00_landed_titles.txt
b_tui,c_tui,d_galicia,k_spanish_galicia,e_spain,false,,867,CK3 00_landed_titles.txt
b_tuin,c_ikh_bogd,d_ovorkhangai,k_naimania,e_mongolia,false,,867,CK3 00_landed_titles.txt
b_tukalinsk,c_kazanskoye,d_tara,k_sibir,e_siberia,false,,867,CK3 00_landed_titles.txt
b_tukhchi,c_yar-calli,d_volga_bulgaria,k_volga_bulgaria,e_volga-ural,false,,867,CK3 00_landed_titles.txt
b_tula,c_tula,d_ryazan,k_opolye,e_russia,true,first_barony_in_county_block,867,CK3 00_landed_titles.txt
b_tulamba,c_multan,d_multan,k_punjab,e_rajastan,false,,867,CK3 00_landed_titles.txt
b_tulcha,c_constanta,d_dobrudja,k_bulgaria,e_byzantium,false,,867,CK3 00_landed_titles.txt
b_tulkulam,c_aigun,d_kentarlau,k_kipchak,e_tartaria,true,first_barony_in_county_block,867,CK3 00_landed_titles.txt
b_tuluchezeva,c_tuluchezeva,d_khopyor,k_mordvinia,e_volga-ural,true,first_barony_in_county_block,867,CK3 00_landed_titles.txt
b_tulugai_sor,c_baisary,d_atyrau,k_caspian_steppe,e_caspian-pontic_steppe,false,,867,CK3 00_landed_titles.txt
b_tulun,c_tulun,d_chuna_valley,k_angara,e_mongolia,false,,867,CK3 00_landed_titles.txt
b_tumak,c_tumak,d_baguirmi,k_sao,e_kanem_bornu,true,first_barony_in_county_block,867,CK3 00_landed_titles.txt
b_tumar,c_tumar,d_turgay,k_cuman,e_tartaria,true,first_barony_in_county_block,867,CK3 00_landed_titles.txt
b_tumbatu,c_zanzibar,d_zanzibar,k_zanj,e_azania,false,,867,CK3 00_landed_titles.txt
b_tumbus,c_dongola,d_makuria,k_nubia,e_abyssinia,false,,867,CK3 00_landed_titles.txt
b_tummana,c_tummana,d_ratanpur,k_gondwana,e_bengal,true,first_barony_in_county_block,867,CK3 00_landed_titles.txt
b_tummo,c_djado,d_kawar,k_sahara,e_maghreb,false,,867,CK3 00_landed_titles.txt
b_tumshuk,c_aksu,d_kashgar,k_khotan,e_turan,false,,867,CK3 00_landed_titles.txt
b_tun,c_tun,d_kohestan,k_khorasan,e_persia,true,first_barony_in_county_block,867,CK3 00_landed_titles.txt
b_tunamir,c_sinjar,d_diyarrabia,k_jazira,e_persia,false,,867,CK3 00_landed_titles.txt
b_tunayda,c_dakhla,d_al-wahat,k_egypt,e_arabia,false,,867,CK3 00_landed_titles.txt
b_tungut,c_viena,d_karelia,k_finland,e_scandinavia,false,,867,CK3 00_landed_titles.txt
b_tunis,c_tunis,d_tunis,k_africa,e_maghreb,true,first_barony_in_county_block,867,CK3 00_landed_titles.txt
b_tunsberg,c_vestfold,d_viken,k_norway,e_scandinavia,true,first_barony_in_county_block,867,CK3 00_landed_titles.txt
b_tuorpon,c_jahkamakke,d_aarjetje,k_sapmi,e_scandinavia,false,,867,CK3 00_landed_titles.txt
b_tur,c_hewes,d_visegrad,k_hungary,e_carpathia,false,,867,CK3 00_landed_titles.txt
b_tura,c_man,d_bassa,k_guinea,e_guinea,false,,867,CK3 00_landed_titles.txt
b_tura_kala,c_tabary,d_ostyaki,k_yugra,e_siberia,false,,867,CK3 00_landed_titles.txt
b_turaba,c_taif,d_mecca,k_arabia,e_arabia,false,,867,CK3 00_landed_titles.txt
b_tureiq,c_qimr,d_west_darfur,k_darfur,e_kanem_bornu,true,first_barony_in_county_block,867,CK3 00_landed_titles.txt
b_turek,c_kaliska,d_wielkopolska,k_poland,e_west_slavia,false,,867,CK3 00_landed_titles.txt
b_turenne,c_limousin,d_aquitaine,k_aquitaine,e_france,false,,867,CK3 00_landed_titles.txt
b_turgay,c_turgay,d_turgay,k_cuman,e_tartaria,true,first_barony_in_county_block,867,CK3 00_landed_titles.txt
b_turgen,c_ulaangom,d_ubsunur_hollow,k_naimania,e_mongolia,false,,867,CK3 00_landed_titles.txt
b_turgen_uul,c_harhiraa,d_khovd,k_naimania,e_mongolia,false,,867,CK3 00_landed_titles.txt
b_turgen_uul_bis,c_western_tannu,d_tannu_ola,k_tuva,e_mongolia,true,first_barony_in_county_block,867,CK3 00_landed_titles.txt
b_turin,c_turin,d_piedmonte,k_italy,e_italy,true,first_barony_in_county_block,867,CK3 00_landed_titles.txt
b_turin_TARIM,c_kumtag,d_loulan,k_khotan,e_turan,false,,867,CK3 00_landed_titles.txt
b_turinsk,c_tyumen,d_ostyaki,k_yugra,e_siberia,false,,867,CK3 00_landed_titles.txt
b_turku,c_finland,d_finland,k_finland,e_scandinavia,true,first_barony_in_county_block,867,CK3 00_landed_titles.txt
b_turnhout,c_brabant,d_brabant,k_lotharingia,e_germany,false,,867,CK3 00_landed_titles.txt
b_turnovo,c_turnovo,d_turnovo,k_bulgaria,e_byzantium,true,first_barony_in_county_block,867,CK3 00_landed_titles.txt
b_turnu,c_giurgiu,d_muntenia,k_dacia,e_carpathia,false,,867,CK3 00_landed_titles.txt
b_turoc,c_trenscen,d_nyitra,k_hungary,e_carpathia,false,,867,CK3 00_landed_titles.txt
b_turov,c_turov,d_turov,k_ruthenia,e_russia,true,first_barony_in_county_block,867,CK3 00_landed_titles.txt
b_turpan,c_kara_khoja,d_kara_khoja,k_dzungaria,e_tartaria,false,,867,CK3 00_landed_titles.txt
b_turra,c_el_fasher,d_darfur,k_darfur,e_kanem_bornu,false,,867,CK3 00_landed_titles.txt
b_tursan,c_bearn,d_armagnac,k_aquitaine,e_france,false,,867,CK3 00_landed_titles.txt
b_turtuk,c_diskit,d_ladakh,k_maryul,e_tibet,false,,867,CK3 00_landed_titles.txt
b_turunku,c_kaduna,d_katsina,k_hausaland,e_kanem_bornu,false,,867,CK3 00_landed_titles.txt
b_tus,c_tus,d_nishapur,k_khorasan,e_persia,true,first_barony_in_county_block,867,CK3 00_landed_titles.txt
b_tustar,c_tustar,d_khuzestan,k_persia,e_persia,true,first_barony_in_county_block,867,CK3 00_landed_titles.txt
b_tusum_kum,c_chumkar_kia,d_turgay,k_cuman,e_tartaria,false,,867,CK3 00_landed_titles.txt
b_tuting,c_along,d_lhoyul,k_lhomon,e_tibet,false,,867,CK3 00_landed_titles.txt
b_tutrakan,c_dorostorum,d_turnovo,k_bulgaria,e_byzantium,false,,867,CK3 00_landed_titles.txt
b_tuul_khentii,c_khentii,d_ogrash,k_otuken,e_mongolia,false,,867,CK3 00_landed_titles.txt
b_tuulain,c_tuulain,d_tuyuhun,k_amdo,e_tibet,true,first_barony_in_county_block,867,CK3 00_landed_titles.txt
b_tuz,c_hail,d_najd,k_arabia,e_arabia,false,,867,CK3 00_landed_titles.txt
b_tuzara,c_orhei,d_moldova,k_moldavia,e_carpathia,false,,867,CK3 00_landed_titles.txt
b_tuzdyn,c_jilanjik,d_qyzylsaryarka,k_cuman,e_tartaria,false,,867,CK3 00_landed_titles.txt
b_tver,c_tver,d_opolye,k_opolye,e_russia,true,first_barony_in_county_block,867,CK3 00_landed_titles.txt
b_twardosczino,c_orava,d_nyitra,k_hungary,e_carpathia,false,,867,CK3 00_landed_titles.txt
b_twistringen,c_oldenburg,d_angria,k_saxony,e_germany,false,,867,CK3 00_landed_titles.txt
b_tyana,c_cappadocia,d_cappadocia,k_anatolia,e_byzantium,true,first_barony_in_county_block,867,CK3 00_landed_titles.txt
b_tyeme,c_worodugu,d_worodugu,k_kong,e_guinea,false,,867,CK3 00_landed_titles.txt
b_tyeng,c_jolof,d_djolof,k_takrur,e_mali,true,first_barony_in_county_block,867,CK3 00_landed_titles.txt
b_tym,c_narim,d_ala_tau,k_ob,e_siberia,false,,867,CK3 00_landed_titles.txt
b_tym_sakhalin,c_pogibi,d_sahaliyan,k_aynumosir,e_amur,false,,867,CK3 00_landed_titles.txt
b_tyraion,c_galatia_salutaris,d_anatolia,k_anatolia,e_byzantium,false,,867,CK3 00_landed_titles.txt
b_tyre,c_acre,d_urdunn,k_jerusalem,e_arabia,false,,867,CK3 00_landed_titles.txt
b_tyumen,c_tyumen,d_ostyaki,k_yugra,e_siberia,true,first_barony_in_county_block,867,CK3 00_landed_titles.txt
b_tzimisca,c_mesopotamia,d_mesopotamia,k_armenia,e_byzantium,true,first_barony_in_county_block,867,CK3 00_landed_titles.txt
b_tzyvil,c_cheboksary,d_mordvinia,k_mordvinia,e_volga-ural,false,,867,CK3 00_landed_titles.txt
b_uba_KAZ,c_semey,d_semey,k_kipchak,e_tartaria,false,,867,CK3 00_landed_titles.txt
b_ubad,c_al-arid,d_yamama,k_arabia,e_arabia,false,,867,CK3 00_landed_titles.txt
b_ubeda,c_andujar,d_cordoba,k_andalusia,e_spain,false,,867,CK3 00_landed_titles.txt
b_ubins,c_ubins,d_baraba_steppe,k_ob,e_siberia,true,first_barony_in_county_block,867,CK3 00_landed_titles.txt
b_ubmeje,c_biton,d_vuovdisamieana,k_sapmi,e_scandinavia,false,,867,CK3 00_landed_titles.txt
b_uburu,c_idoma,d_igboland,k_igbo-benue,e_guinea,false,,867,CK3 00_landed_titles.txt
b_uceda,c_cuellar,d_castilla,k_castille,e_spain,false,,867,CK3 00_landed_titles.txt
b_uch,c_uch,d_multan,k_punjab,e_rajastan,true,first_barony_in_county_block,867,CK3 00_landed_titles.txt
b_uch_TARIM,c_aksu,d_kashgar,k_khotan,e_turan,false,,867,CK3 00_landed_titles.txt
b_uch_katyn,c_uch_katyn,d_karkaraly,k_saryarka,e_tartaria,true,first_barony_in_county_block,867,CK3 00_landed_titles.txt
b_uchangidurga,c_uchangidurga,d_nulambavadi,k_karnata,e_deccan,true,first_barony_in_county_block,867,CK3 00_landed_titles.txt
b_uchkul,c_uchkul,d_zhetysu,k_zhetysu,e_tartaria,true,first_barony_in_county_block,867,CK3 00_landed_titles.txt
b_uchum,c_julym,d_khakass_hollow,k_khakassia,e_mongolia,false,,867,CK3 00_landed_titles.txt
b_ucles,c_mora,d_toledo,k_andalusia,e_spain,true,first_barony_in_county_block,867,CK3 00_landed_titles.txt
b_ucramund,c_stettin,d_pommerania,k_pomerania,e_wendish_empire,false,,867,CK3 00_landed_titles.txt
b_udabhanda,c_udabhanda,d_gandhara,k_punjab,e_rajastan,true,first_barony_in_county_block,867,CK3 00_landed_titles.txt
b_udaipur,c_karmanta,d_vanga,k_bengal,e_bengal,false,,867,CK3 00_landed_titles.txt
b_udayagiri,c_palakka,d_udayagiri,k_andhra,e_deccan,true,first_barony_in_county_block,867,CK3 00_landed_titles.txt
b_udayavara,c_alupa,d_chera_nadu,k_tamilakam,e_deccan,false,,867,CK3 00_landed_titles.txt
b_udbina,c_lika,d_croatia,k_croatia,e_byzantium,false,,867,CK3 00_landed_titles.txt
b_uddevalla,c_raniriki,d_viken,k_norway,e_scandinavia,false,,867,CK3 00_landed_titles.txt
b_uddjaur,c_ubmejeiednuo,d_aarjetje,k_sapmi,e_scandinavia,true,first_barony_in_county_block,867,CK3 00_landed_titles.txt
b_udfu,c_aswan,d_al-said,k_egypt,e_arabia,false,,867,CK3 00_landed_titles.txt
b_udine,c_aquileia,d_friuli,k_italy,e_italy,false,,867,CK3 00_landed_titles.txt
b_uelzen,c_luneburg,d_ostfalen,k_saxony,e_germany,false,,867,CK3 00_landed_titles.txt
b_ufa,c_ufa,d_bashkiria,k_bashkiria,e_volga-ural,true,first_barony_in_county_block,867,CK3 00_landed_titles.txt
b_uffenheim,c_ansbach,d_east_franconia,k_east_francia,e_germany,false,,867,CK3 00_landed_titles.txt
b_uglich,c_yaroslavl,d_opolye,k_opolye,e_russia,false,,867,CK3 00_landed_titles.txt
b_uiska,c_uiska,d_uraltau,k_bashkiria,e_volga-ural,true,first_barony_in_county_block,867,CK3 00_landed_titles.txt
b_uisneach,c_athlone,d_meath,k_ireland,e_britannia,false,,867,CK3 00_landed_titles.txt
b_ujan,c_tabriz,d_azerbaijan,k_daylam,e_persia,false,,867,CK3 00_landed_titles.txt
b_ujarma,c_kakheti,d_georgia,k_georgia,e_byzantium,false,,867,CK3 00_landed_titles.txt
b_ujhani,c_sambhal,d_vodamayutja,k_delhi,e_rajastan,false,,867,CK3 00_landed_titles.txt
b_ujjayini,c_ujjayini,d_dadhipadra,k_malwa,e_rajastan,true,first_barony_in_county_block,867,CK3 00_landed_titles.txt
b_ukavskaya,c_kurgan,d_kurgan,k_qara_dala,e_tartaria,false,,867,CK3 00_landed_titles.txt
b_ukbara,c_baghdad,d_baghdad,k_mesopotamia,e_persia,false,,867,CK3 00_landed_titles.txt
b_ukek,c_ukek,d_itil,k_caspian_steppe,e_caspian-pontic_steppe,true,first_barony_in_county_block,867,CK3 00_landed_titles.txt
b_uktuz,c_petropavl,d_tobol-ishim,k_qara_dala,e_tartaria,false,,867,CK3 00_landed_titles.txt
b_ulaagchiin_khar,c_uliastai,d_zavkhan,k_naimania,e_mongolia,false,,867,CK3 00_landed_titles.txt
b_ulaan_gol,c_stoyanka,d_western_sayan,k_tuva,e_mongolia,false,,867,CK3 00_landed_titles.txt
b_ulaanbaatar,c_ulaanbaatar,d_ogrash,k_otuken,e_mongolia,true,first_barony_in_county_block,867,CK3 00_landed_titles.txt
b_ulaangom,c_ulaangom,d_ubsunur_hollow,k_naimania,e_mongolia,true,first_barony_in_county_block,867,CK3 00_landed_titles.txt
b_ulaantaiga,c_ulantaiga,d_khovsgol,k_naimania,e_mongolia,false,,867,CK3 00_landed_titles.txt
b_ulaira,c_yauri,d_kebbi,k_hausaland,e_kanem_bornu,false,,867,CK3 00_landed_titles.txt
b_ulam,c_ulam,d_tuyuhun,k_amdo,e_tibet,true,first_barony_in_county_block,867,CK3 00_landed_titles.txt
b_ulan_chuzir,c_ulan_chuzir,d_gurbantunggut,k_dzungaria,e_tartaria,true,first_barony_in_county_block,867,CK3 00_landed_titles.txt
b_ulan_ude,c_ulan_ude,d_uda_valley,k_buryatia,e_mongolia,true,first_barony_in_county_block,867,CK3 00_landed_titles.txt
b_ulcinj,c_pomorje,d_duklja,k_serbia,e_byzantium,false,,867,CK3 00_landed_titles.txt
b_ulenty,c_uliuty,d_karabas,k_saryarka,e_tartaria,false,,867,CK3 00_landed_titles.txt
b_ulenulaco,c_aqenganggyai,d_amdo,k_amdo,e_tibet,false,,867,CK3 00_landed_titles.txt
b_uliastai,c_uliastai,d_zavkhan,k_naimania,e_mongolia,true,first_barony_in_county_block,867,CK3 00_landed_titles.txt
b_uliuty,c_uliuty,d_karabas,k_saryarka,e_tartaria,true,first_barony_in_county_block,867,CK3 00_landed_titles.txt
b_ulm,c_ulm,d_swabia,k_east_francia,e_germany,true,first_barony_in_county_block,867,CK3 00_landed_titles.txt
b_ulmi,c_zichia,d_alania,k_caucasus,e_caspian-pontic_steppe,false,,867,CK3 00_landed_titles.txt
b_ulu-uil,c_sagiz,d_atyrau,k_caspian_steppe,e_caspian-pontic_steppe,false,,867,CK3 00_landed_titles.txt
b_ulu_jitanjik,c_ulu_jitanjik,d_kokturgay,k_cuman,e_tartaria,true,first_barony_in_county_block,867,CK3 00_landed_titles.txt
b_ulugkol,c_abakan,d_khakass_hollow,k_khakassia,e_mongolia,false,,867,CK3 00_landed_titles.txt
b_ulugqat,c_terek_pass,d_kashgar,k_khotan,e_turan,false,,867,CK3 00_landed_titles.txt
b_uluskate,c_tobol,d_sibir,k_sibir,e_siberia,false,,867,CK3 00_landed_titles.txt
b_ulvila,c_satakunta,d_finland,k_finland,e_scandinavia,true,first_barony_in_county_block,867,CK3 00_landed_titles.txt
b_ulytau,c_ulytau,d_qyzylsaryarka,k_cuman,e_tartaria,true,first_barony_in_county_block,867,CK3 00_landed_titles.txt
b_um_shashoba,c_jabal_quzlum,d_eastern_desert,k_egypt,e_arabia,false,,867,CK3 00_landed_titles.txt
b_um_sunt,c_gezira,d_alwa,k_nubia,e_abyssinia,false,,867,CK3 00_landed_titles.txt
b_umaisha,c_opanda,d_nupe,k_igbo-benue,e_guinea,true,first_barony_in_county_block,867,CK3 00_landed_titles.txt
b_uman,c_uman,d_yedisan,k_pontic_steppe,e_caspian-pontic_steppe,false,,867,CK3 00_landed_titles.txt
b_umardan,c_vijayapura,d_nadia,k_bengal,e_bengal,false,,867,CK3 00_landed_titles.txt
b_ume,c_ubmejeiednuo,d_aarjetje,k_sapmi,e_scandinavia,false,,867,CK3 00_landed_titles.txt
b_umerkote,c_cakrakuta,d_dandakaranya,k_orissa,e_bengal,false,,867,CK3 00_landed_titles.txt
b_umiai,c_umiai,d_vasyugan_mire,k_ob,e_siberia,true,first_barony_in_county_block,867,CK3 00_landed_titles.txt
b_umm_gafala,c_east_darfur,d_darfur,k_darfur,e_kanem_bornu,true,first_barony_in_county_block,867,CK3 00_landed_titles.txt
b_umm_kedada,c_east_darfur,d_darfur,k_darfur,e_kanem_bornu,false,,867,CK3 00_landed_titles.txt
b_umm_usuda,c_naga,d_alwa,k_nubia,e_abyssinia,false,,867,CK3 00_landed_titles.txt
b_umri,c_kalanjara,d_jejakabhukti,k_kosala,e_rajastan,false,,867,CK3 00_landed_titles.txt
b_unakoti,c_harikela,d_vanga,k_bengal,e_bengal,true,first_barony_in_county_block,867,CK3 00_landed_titles.txt
b_unar,c_ardabil,d_azerbaijan,k_daylam,e_persia,false,,867,CK3 00_landed_titles.txt
b_unayza,c_qasim,d_najd,k_arabia,e_arabia,true,first_barony_in_county_block,867,CK3 00_landed_titles.txt
b_uncastillo,c_alto_aragon,d_aragon,k_aragon,e_spain,false,,867,CK3 00_landed_titles.txt
b_unenezh,c_chernigov,d_chernigov,k_ruthenia,e_russia,false,,867,CK3 00_landed_titles.txt
b_ungheni,c_iasi,d_moldova,k_moldavia,e_carpathia,false,,867,CK3 00_landed_titles.txt
b_unguja_ukuu,c_zanzibar,d_zanzibar,k_zanj,e_azania,true,first_barony_in_county_block,867,CK3 00_landed_titles.txt
b_ungvar,c_ungvar,d_ungvar,k_hungary,e_carpathia,true,first_barony_in_county_block,867,CK3 00_landed_titles.txt
b_ungwana,c_malindi,d_mombasa,k_zanj,e_azania,false,,867,CK3 00_landed_titles.txt
b_unicov,c_olomouc,d_moravia,k_bohemia,e_west_slavia,false,,867,CK3 00_landed_titles.txt
b_uniejow,c_sieradzka,d_kuyavia,k_poland,e_west_slavia,false,,867,CK3 00_landed_titles.txt
b_uperkot,c_bhumilka,d_saurashtra,k_gujarat,e_rajastan,false,,867,CK3 00_landed_titles.txt
b_uplistsikhe,c_kartli,d_tao-klarjeti,k_georgia,e_byzantium,true,first_barony_in_county_block,867,CK3 00_landed_titles.txt
b_upper_amur,c_wadi_amur,d_naqis,k_blemmyia,e_abyssinia,false,,867,CK3 00_landed_titles.txt
b_upper_bafing,c_futa_jalon,d_futa_jalon,k_mali,e_mali,false,,867,CK3 00_landed_titles.txt
b_upper_dinder,c_agaw_meder,d_gojjam,k_abyssinia,e_abyssinia,false,,867,CK3 00_landed_titles.txt
b_upper_gambia,c_konko,d_bambuk,k_mali,e_mali,false,,867,CK3 00_landed_titles.txt
b_upper_karran,c_karran,d_badakhshan,k_transoxiana,e_turan,true,first_barony_in_county_block,867,CK3 00_landed_titles.txt
b_upper_kutulo,c_fudalhi,d_samalo,k_bale,e_azania,false,,867,CK3 00_landed_titles.txt
b_upper_lobo,c_lobo,d_kru,k_guinea,e_guinea,false,,867,CK3 00_landed_titles.txt
b_upper_milk,c_wadi_el-milk,d_makuria,k_nubia,e_abyssinia,false,,867,CK3 00_landed_titles.txt
b_upper_mole,c_daboya,d_dagomba,k_gur,e_guinea,false,,867,CK3 00_landed_titles.txt
b_upper_mono,c_sokode,d_savalu,k_borgu,e_guinea,false,,867,CK3 00_landed_titles.txt
b_upper_nugaal,c_nugaal,d_hafun,k_ajuraan,e_azania,false,,867,CK3 00_landed_titles.txt
b_upper_nyene,c_nyene,d_worodugu,k_kong,e_guinea,false,,867,CK3 00_landed_titles.txt
b_upper_nzi,c_leraba,d_kong,k_kong,e_guinea,false,,867,CK3 00_landed_titles.txt
b_upper_tano,c_bonoso,d_brong,k_akan,e_guinea,false,,867,CK3 00_landed_titles.txt
b_uppsala,c_upland,d_svealand,k_sweden,e_scandinavia,false,,867,CK3 00_landed_titles.txt
b_uppvidinge,c_varend,d_smaland,k_sweden,e_scandinavia,false,,867,CK3 00_landed_titles.txt
b_upyte,c_siauliai,d_samogitia,k_lithuania,e_wendish_empire,false,,867,CK3 00_landed_titles.txt
b_uq,c_farah,d_sistan,k_makran,e_persia,false,,867,CK3 00_landed_titles.txt
b_uqda,c_yazd,d_yazd,k_persia,e_persia,false,,867,CK3 00_landed_titles.txt
b_uraiyur,c_uraiyur,d_pandya_nadu,k_tamilakam,e_deccan,true,first_barony_in_county_block,867,CK3 00_landed_titles.txt
b_ural,c_ural,d_ural,k_permia,e_volga-ural,true,first_barony_in_county_block,867,CK3 00_landed_titles.txt
b_uram,c_baduspan,d_tabaristan,k_daylam,e_persia,false,,867,CK3 00_landed_titles.txt
b_urbino,c_urbino,d_ancona,k_romagna,e_italy,true,first_barony_in_county_block,867,CK3 00_landed_titles.txt
b_urbun,c_stoyanka,d_western_sayan,k_tuva,e_mongolia,false,,867,CK3 00_landed_titles.txt
b_urd,c_sukhna,d_palmyra,k_syria,e_arabia,false,,867,CK3 00_landed_titles.txt
b_urgamal,c_urgamal,d_zavkhan,k_naimania,e_mongolia,false,,867,CK3 00_landed_titles.txt
b_urgell,c_urgell,d_barcelona,k_aragon,e_spain,true,first_barony_in_county_block,867,CK3 00_landed_titles.txt
b_urgench,c_gurganj,d_khorezm,k_transoxiana,e_turan,false,,867,CK3 00_landed_titles.txt
b_urgun,c_urgun,d_gandhara,k_punjab,e_rajastan,true,first_barony_in_county_block,867,CK3 00_landed_titles.txt
b_uri,c_ayn_farah,d_west_darfur,k_darfur,e_kanem_bornu,false,,867,CK3 00_landed_titles.txt
b_urik,c_kropot,d_eastern_sayan,k_khakassia,e_mongolia,false,,867,CK3 00_landed_titles.txt
b_urmary,c_cheboksary,d_mordvinia,k_mordvinia,e_volga-ural,false,,867,CK3 00_landed_titles.txt
b_urmiya,c_urmiya,d_azerbaijan,k_daylam,e_persia,true,first_barony_in_county_block,867,CK3 00_landed_titles.txt
b_urquhart,c_inverness,d_moray,k_scotland,e_britannia,false,,867,CK3 00_landed_titles.txt
b_urta_tau,c_arkat,d_degelen,k_kipchak,e_tartaria,false,,867,CK3 00_landed_titles.txt
b_urtmoron,c_lenghu,d_nagormo,k_amdo,e_tibet,false,,867,CK3 00_landed_titles.txt
b_urtu_bulak,c_burgasutai,d_kara_khoja,k_dzungaria,e_tartaria,false,,867,CK3 00_landed_titles.txt
b_urzedow,c_lubelska,d_lesser_poland,k_poland,e_west_slavia,false,,867,CK3 00_landed_titles.txt
b_urzen,c_martyuba,d_martyuba,k_volga_bulgaria,e_volga-ural,true,first_barony_in_county_block,867,CK3 00_landed_titles.txt
b_urzhar,c_kokpekty,d_alakol,k_zhetysu,e_tartaria,false,,867,CK3 00_landed_titles.txt
b_uses,c_uses,d_languedoc,k_aquitaine,e_france,false,,867,CK3 00_landed_titles.txt
b_usfain,c_mecca,d_mecca,k_arabia,e_arabia,false,,867,CK3 00_landed_titles.txt
b_ushara,c_ushara,d_alwa,k_nubia,e_abyssinia,true,first_barony_in_county_block,867,CK3 00_landed_titles.txt
b_usharal,c_lepsink,d_alakol,k_zhetysu,e_tartaria,false,,867,CK3 00_landed_titles.txt
b_ushnuya,c_urmiya,d_azerbaijan,k_daylam,e_persia,false,,867,CK3 00_landed_titles.txt
b_ushytsia,c_ushytsia,d_kiev,k_ruthenia,e_russia,true,first_barony_in_county_block,867,CK3 00_landed_titles.txt
b_uskes,c_uskes,d_sum,k_aynumosir,e_amur,false,,867,CK3 00_landed_titles.txt
b_usman,c_voronezh,d_voronezh,k_mordvinia,e_volga-ural,false,,867,CK3 00_landed_titles.txt
b_usora,c_usora,d_lower_bosna,k_croatia,e_byzantium,false,,867,CK3 00_landed_titles.txt
b_usori,c_tsugaru,d_hitakami,k_hitakami,e_amur,false,,867,CK3 00_landed_titles.txt
b_ust-donvokhi,c_golden_hills,d_don_valley,k_pontic_steppe,e_caspian-pontic_steppe,false,,867,CK3 00_landed_titles.txt
b_ust-ishim,c_ishim,d_ishim,k_sibir,e_siberia,false,,867,CK3 00_landed_titles.txt
b_ust-katav,c_uiska,d_uraltau,k_bashkiria,e_volga-ural,false,,867,CK3 00_landed_titles.txt
b_ust-livny,c_sevsk,d_karachev,k_ruthenia,e_russia,false,,867,CK3 00_landed_titles.txt
b_ustra,c_zherkovo,d_philippopolis,k_bulgaria,e_byzantium,false,,867,CK3 00_landed_titles.txt
b_usyorga,c_ustyug,d_ustyug,k_bjarmaland,e_russia,false,,867,CK3 00_landed_titles.txt
b_utan_namdal,c_namdalfylki,d_halogaland,k_norway,e_scandinavia,true,first_barony_in_county_block,867,CK3 00_landed_titles.txt
b_utena,c_braslau,d_lithuanians,k_lithuania,e_wendish_empire,false,,867,CK3 00_landed_titles.txt
b_utrecth,c_nedersticht,d_utrecht,k_frisia,e_germany,true,first_barony_in_county_block,867,CK3 00_landed_titles.txt
b_uttaramerur,c_tiruvannamalai,d_chola_nadu,k_tamilakam,e_deccan,false,,867,CK3 00_landed_titles.txt
b_uttarkashi,c_garwhal,d_kurmanchal,k_himalaya,e_rajastan,false,,867,CK3 00_landed_titles.txt
b_uva,c_glazov,d_udmurtia,k_permia,e_volga-ural,false,,867,CK3 00_landed_titles.txt
b_uvs_nuur,c_uvs_nuur,d_ubsunur_hollow,k_naimania,e_mongolia,true,first_barony_in_county_block,867,CK3 00_landed_titles.txt
b_uwal,c_uwal,d_bahrain,k_arabia,e_arabia,true,first_barony_in_county_block,867,CK3 00_landed_titles.txt
b_uxkull,c_zemigalians,d_courland,k_lithuania,e_wendish_empire,true,first_barony_in_county_block,867,CK3 00_landed_titles.txt
b_uza,c_saratov,d_chuvashia,k_mordvinia,e_volga-ural,false,,867,CK3 00_landed_titles.txt
b_uzen,c_uzen,d_itil,k_caspian_steppe,e_caspian-pontic_steppe,true,first_barony_in_county_block,867,CK3 00_landed_titles.txt
b_uzgend,c_uzgend,d_ferghana,k_transoxiana,e_turan,true,first_barony_in_county_block,867,CK3 00_landed_titles.txt
b_uzgend_KARA,c_uzgend_KARA,d_syr_darya,k_syr_darya,e_turan,true,first_barony_in_county_block,867,CK3 00_landed_titles.txt
b_uzice,c_macva,d_macva,k_serbia,e_byzantium,false,,867,CK3 00_landed_titles.txt
b_uzun-kul,c_jend,d_syr_darya,k_syr_darya,e_turan,false,,867,CK3 00_landed_titles.txt
b_uzwara,c_ardestan,d_isfahan,k_persia,e_persia,false,,867,CK3 00_landed_titles.txt
b_vadnagar,c_sarasvata_mandala,d_gurjara_mandala,k_gujarat,e_rajastan,false,,867,CK3 00_landed_titles.txt
b_vadodara,c_vadodara,d_lata,k_gujarat,e_rajastan,true,first_barony_in_county_block,867,CK3 00_landed_titles.txt
b_vaestraaros,c_vastmanland,d_bergslagen,k_sweden,e_scandinavia,true,first_barony_in_county_block,867,CK3 00_landed_titles.txt
b_vagaiskoy,c_sibir,d_sibir,k_sibir,e_siberia,false,,867,CK3 00_landed_titles.txt
b_vagan,c_vastvag,d_halogaland,k_norway,e_scandinavia,false,,867,CK3 00_landed_titles.txt
b_vagay,c_dolgujar,d_ishim,k_sibir,e_siberia,false,,867,CK3 00_landed_titles.txt
b_vaihingen,c_vaihingen,d_west_franconia,k_east_francia,e_germany,true,first_barony_in_county_block,867,CK3 00_landed_titles.txt
b_vaijayanti,c_vaijayanti,d_raichur_doab,k_karnata,e_deccan,true,first_barony_in_county_block,867,CK3 00_landed_titles.txt
b_vairagara,c_vairagara,d_vidharba,k_maharastra,e_deccan,true,first_barony_in_county_block,867,CK3 00_landed_titles.txt
b_vairata,c_vairata,d_ajmer,k_rajputana,e_rajastan,false,,867,CK3 00_landed_titles.txt
b_vaison,c_venaissin,d_provence,k_burgundy,e_france,false,,867,CK3 00_landed_titles.txt
b_vajdahunyad,c_hunyad,d_transylvania,k_hungary,e_carpathia,true,first_barony_in_county_block,867,CK3 00_landed_titles.txt
b_vakovo,c_vukovar,d_slavonia,k_croatia,e_byzantium,true,first_barony_in_county_block,867,CK3 00_landed_titles.txt
b_val_camonica,c_trent,d_lombardia,k_italy,e_italy,false,,867,CK3 00_landed_titles.txt
b_valabhi,c_valabhi,d_saurashtra,k_gujarat,e_rajastan,true,first_barony_in_county_block,867,CK3 00_landed_titles.txt
b_valamara,c_antipatreia,d_dyrrachion,k_epirus,e_byzantium,false,,867,CK3 00_landed_titles.txt
b_valashkert,c_bagrewand,d_greater_armenia,k_armenia,e_byzantium,true,first_barony_in_county_block,867,CK3 00_landed_titles.txt
b_valday,c_valdai,d_luki,k_novgorod,e_russia,false,,867,CK3 00_landed_titles.txt
b_valdres,c_hedmork,d_dalir,k_norway,e_scandinavia,false,,867,CK3 00_landed_titles.txt
b_valencay,c_issoudun,d_berry,k_france,e_france,false,,867,CK3 00_landed_titles.txt
b_valence,c_valentinois,d_dauphine,k_burgundy,e_france,false,,867,CK3 00_landed_titles.txt
b_valencia,c_valencia,d_valencia,k_valencia,e_spain,true,first_barony_in_county_block,867,CK3 00_landed_titles.txt
b_valenciadecampos,c_leon,d_leon,k_leon,e_spain,false,,867,CK3 00_landed_titles.txt
b_valenciennes,c_cambray,d_brabant,k_lotharingia,e_germany,false,,867,CK3 00_landed_titles.txt
b_valeria,c_alarcon,d_murcia,k_valencia,e_spain,false,,867,CK3 00_landed_titles.txt
b_valga,c_dorpat,d_livonia,k_esthonia,e_wendish_empire,false,,867,CK3 00_landed_titles.txt
b_valkininkai,c_trakai,d_lithuanians,k_lithuania,e_wendish_empire,false,,867,CK3 00_landed_titles.txt
b_valladolid,c_valladolid,d_castilla,k_castille,e_spain,true,first_barony_in_county_block,867,CK3 00_landed_titles.txt
b_vallombrosa,c_arezzo,d_toscana,k_italy,e_italy,false,,867,CK3 00_landed_titles.txt
b_vallurapura,c_nellore,d_tondai_nadu,k_tamilakam,e_deccan,false,,867,CK3 00_landed_titles.txt
b_valmiera,c_talava,d_latgalians,k_lithuania,e_wendish_empire,true,first_barony_in_county_block,867,CK3 00_landed_titles.txt
b_valvalij,c_east-tokharestan,d_balkh,k_khorasan,e_persia,false,,867,CK3 00_landed_titles.txt
b_vamanasthali,c_bhumilka,d_saurashtra,k_gujarat,e_rajastan,true,first_barony_in_county_block,867,CK3 00_landed_titles.txt
b_van,c_vaspurakan,d_vaspurakan,k_armenia,e_byzantium,true,first_barony_in_county_block,867,CK3 00_landed_titles.txt
b_vankapura,c_koppam,d_raichur_doab,k_karnata,e_deccan,false,,867,CK3 00_landed_titles.txt
b_vannes,c_vannes,d_brittany,k_brittany,e_france,true,first_barony_in_county_block,867,CK3 00_landed_titles.txt
b_varaghshar,c_zarafshan,d_osrushana,k_transoxiana,e_turan,false,,867,CK3 00_landed_titles.txt
b_varakhsha,c_bukhara,d_soghd,k_transoxiana,e_turan,false,,867,CK3 00_landed_titles.txt
b_varanasi,c_varanasi,d_kasi,k_bihar,e_bengal,true,first_barony_in_county_block,867,CK3 00_landed_titles.txt
b_varanno,c_zemplen,d_ungvar,k_hungary,e_carpathia,false,,867,CK3 00_landed_titles.txt
b_varde,c_ribe,d_slesvig,k_denmark,e_scandinavia,false,,867,CK3 00_landed_titles.txt
b_vardhamana,c_vardhamana,d_saurashtra,k_gujarat,e_rajastan,true,first_barony_in_county_block,867,CK3 00_landed_titles.txt
b_varel,c_ostfriesland,d_frisia,k_frisia,e_germany,false,,867,CK3 00_landed_titles.txt
b_vares,c_grisons,d_currezia,k_east_francia,e_germany,false,,867,CK3 00_landed_titles.txt
b_varese,c_lombardia,d_lombardia,k_italy,e_italy,false,,867,CK3 00_landed_titles.txt
b_vargashi,c_vargashi,d_tobol-ishim,k_qara_dala,e_tartaria,true,first_barony_in_county_block,867,CK3 00_landed_titles.txt
b_varna,c_mesembria,d_dobrudja,k_bulgaria,e_byzantium,false,,867,CK3 00_landed_titles.txt
b_varnhem,c_skara,d_vastergotland,k_sweden,e_scandinavia,false,,867,CK3 00_landed_titles.txt
b_varsan,c_mugan,d_shirvan,k_daylam,e_persia,false,,867,CK3 00_landed_titles.txt
b_varsiga,c_kintus,d_guoldat,k_sapmi,e_scandinavia,false,,867,CK3 00_landed_titles.txt
b_varto,c_turuberan,d_vaspurakan,k_armenia,e_byzantium,true,first_barony_in_county_block,867,CK3 00_landed_titles.txt
b_vartsikhe,c_guria,d_abkhazia,k_georgia,e_byzantium,false,,867,CK3 00_landed_titles.txt
b_varukh,c_isfara,d_ferghana,k_transoxiana,e_turan,true,first_barony_in_county_block,867,CK3 00_landed_titles.txt
b_vasarhely,c_veszprem,d_gyor,k_hungary,e_carpathia,false,,867,CK3 00_landed_titles.txt
b_vase,c_varmland,d_bergslagen,k_sweden,e_scandinavia,false,,867,CK3 00_landed_titles.txt
b_vashjird,c_rasht,d_khuttal,k_transoxiana,e_turan,false,,867,CK3 00_landed_titles.txt
b_vaskina_polyana,c_ryazan,d_ryazan,k_opolye,e_russia,false,,867,CK3 00_landed_titles.txt
b_vaslui,c_barlad,d_moldova,k_moldavia,e_carpathia,false,,867,CK3 00_landed_titles.txt
b_vastseliina,c_dorpat,d_livonia,k_esthonia,e_wendish_empire,false,,867,CK3 00_landed_titles.txt
b_vastvagborg,c_vastvag,d_halogaland,k_norway,e_scandinavia,true,first_barony_in_county_block,867,CK3 00_landed_titles.txt
b_vasvar,c_vas,d_gyor,k_hungary,e_carpathia,true,first_barony_in_county_block,867,CK3 00_landed_titles.txt
b_vasyugan,c_vasyugan,d_vasyugan_mire,k_ob,e_siberia,true,first_barony_in_county_block,867,CK3 00_landed_titles.txt
b_vatapadraka,c_dasapura,d_dadhipadra,k_malwa,e_rajastan,false,,867,CK3 00_landed_titles.txt
b_vatapi,c_vatapi,d_raichur_doab,k_karnata,e_deccan,true,first_barony_in_county_block,867,CK3 00_landed_titles.txt
b_vaticano,c_roma,d_latium,k_romagna,e_italy,false,,867,CK3 00_landed_titles.txt
b_vatra_dornei,c_suceava,d_bukovina,k_moldavia,e_carpathia,false,,867,CK3 00_landed_titles.txt
b_vatsagulma,c_vatsagulma,d_devagiri,k_maharastra,e_deccan,true,first_barony_in_county_block,867,CK3 00_landed_titles.txt
b_vatselanjarvi,c_kontupohja,d_karelia,k_finland,e_scandinavia,false,,867,CK3 00_landed_titles.txt
b_vaucouleurs,c_vaucouleurs,d_bar,k_lotharingia,e_germany,true,first_barony_in_county_block,867,CK3 00_landed_titles.txt
b_vaudemont,c_neufchateau,d_upper_lorraine,k_lotharingia,e_germany,false,,867,CK3 00_landed_titles.txt
b_vavuniya,c_phiti,d_sinhala,k_lanka,e_deccan,false,,867,CK3 00_landed_titles.txt
b_vaxjo,c_varend,d_smaland,k_sweden,e_scandinavia,true,first_barony_in_county_block,867,CK3 00_landed_titles.txt
b_vecchio,c_vecchio,d_corsica,k_sardinia,e_italy,false,,867,CK3 00_landed_titles.txt
b_vechta,c_osnabruck,d_westfalen,k_saxony,e_germany,false,,867,CK3 00_landed_titles.txt
b_vehari,c_karur,d_multan,k_punjab,e_rajastan,false,,867,CK3 00_landed_titles.txt
b_vehkalahti,c_nyland,d_finland,k_finland,e_scandinavia,false,,867,CK3 00_landed_titles.txt
b_vehringen,c_zollern,d_swabia,k_east_francia,e_germany,false,,867,CK3 00_landed_titles.txt
b_velay,c_velay,d_auvergne,k_aquitaine,e_france,false,,867,CK3 00_landed_titles.txt
b_velbazhd,c_velbazhd,d_bulgaria,k_bulgaria,e_byzantium,true,first_barony_in_county_block,867,CK3 00_landed_titles.txt
b_veldenz,c_kaiserslautern,d_west_franconia,k_east_francia,e_germany,false,,867,CK3 00_landed_titles.txt
b_veles,c_skopje,d_bulgaria,k_bulgaria,e_byzantium,false,,867,CK3 00_landed_titles.txt
b_velestino,c_demetrias,d_thessaly,k_thessalonika,e_byzantium,false,,867,CK3 00_landed_titles.txt
b_veliky_ustyug,c_ustyug,d_ustyug,k_bjarmaland,e_russia,true,first_barony_in_county_block,867,CK3 00_landed_titles.txt
b_veliuona,c_raseiniai,d_samogitia,k_lithuania,e_wendish_empire,false,,867,CK3 00_landed_titles.txt
b_velizh,c_gnezdovo,d_smolensk,k_white_rus,e_russia,false,,867,CK3 00_landed_titles.txt
b_vella,c_epeiros,d_epirus,k_epirus,e_byzantium,false,,867,CK3 00_landed_titles.txt
b_velletri,c_tivoli,d_latium,k_romagna,e_italy,false,,867,CK3 00_landed_titles.txt
b_velsk,c_velsk,d_ustyug,k_bjarmaland,e_russia,true,first_barony_in_county_block,867,CK3 00_landed_titles.txt
b_vemulavada,c_balkonda,d_warangal,k_telingana,e_deccan,true,first_barony_in_county_block,867,CK3 00_landed_titles.txt
b_venden,c_talava,d_latgalians,k_lithuania,e_wendish_empire,false,,867,CK3 00_landed_titles.txt
b_vendome,c_vendome,d_orleans,k_france,e_france,true,first_barony_in_county_block,867,CK3 00_landed_titles.txt
b_venezia,c_venezia,d_venice,k_venice,e_byzantium,true,first_barony_in_county_block,867,CK3 00_landed_titles.txt
b_vengipura,c_vengipura,d_vengi,k_andhra,e_deccan,true,first_barony_in_county_block,867,CK3 00_landed_titles.txt
b_venosa,c_apulia,d_apulia,k_sicily,e_byzantium,false,,867,CK3 00_landed_titles.txt
b_ventadelmoro,c_alarcon,d_murcia,k_valencia,e_spain,false,,867,CK3 00_landed_titles.txt
b_ventadour,c_limousin,d_aquitaine,k_aquitaine,e_france,false,,867,CK3 00_landed_titles.txt
b_vercelli,c_novara,d_piedmonte,k_italy,e_italy,false,,867,CK3 00_landed_titles.txt
b_verchina_uzen,c_uzen,d_itil,k_caspian_steppe,e_caspian-pontic_steppe,false,,867,CK3 00_landed_titles.txt
b_verdala,c_trandheim,d_trandalog,k_norway,e_scandinavia,false,,867,CK3 00_landed_titles.txt
b_verden,c_bremen,d_angria,k_saxony,e_germany,false,,867,CK3 00_landed_titles.txt
b_verdun,c_bar,d_bar,k_lotharingia,e_germany,false,,867,CK3 00_landed_titles.txt
b_verevce,c_zagorje,d_slavonia,k_croatia,e_byzantium,false,,867,CK3 00_landed_titles.txt
b_veria,c_veria,d_thessalonika,k_thessalonika,e_byzantium,true,first_barony_in_county_block,867,CK3 00_landed_titles.txt
b_verkhoturye,c_neramkary,d_ostyaki,k_yugra,e_siberia,false,,867,CK3 00_landed_titles.txt
b_verkhovazhye,c_velsk,d_ustyug,k_bjarmaland,e_russia,false,,867,CK3 00_landed_titles.txt
b_verkola,c_kevrola,d_ustyug,k_bjarmaland,e_russia,false,,867,CK3 00_landed_titles.txt
b_verkouralsk,c_sakmara,d_sakmara,k_bashkiria,e_volga-ural,false,,867,CK3 00_landed_titles.txt
b_verneuil,c_evreux,d_normandy,k_france,e_france,false,,867,CK3 00_landed_titles.txt
b_vernon,c_evreux,d_normandy,k_france,e_france,false,,867,CK3 00_landed_titles.txt
b_verona,c_verona,d_verona,k_italy,e_italy,true,first_barony_in_county_block,867,CK3 00_landed_titles.txt
b_versailles,c_ile_de_france,d_valois,k_france,e_france,false,,867,CK3 00_landed_titles.txt
b_vershinino,c_pudozh,d_biarmia,k_bjarmaland,e_russia,false,,867,CK3 00_landed_titles.txt
b_ves_yogonska,c_beloozero,d_vepsia,k_novgorod,e_russia,false,,867,CK3 00_landed_titles.txt
b_veseli,c_prerov,d_moravia,k_bohemia,e_west_slavia,false,,867,CK3 00_landed_titles.txt
b_vesoul,c_besancon,d_upper_burgundy,k_burgundy,e_france,false,,867,CK3 00_landed_titles.txt
b_vestfirdir,c_vestisland,d_iceland,k_norway,e_scandinavia,false,,867,CK3 00_landed_titles.txt
b_veszprem,c_veszprem,d_gyor,k_hungary,e_carpathia,true,first_barony_in_county_block,867,CK3 00_landed_titles.txt
b_veteli,c_oulu,d_pohjanmaa,k_finland,e_scandinavia,false,,867,CK3 00_landed_titles.txt
b_vetluga,c_martyuba,d_martyuba,k_volga_bulgaria,e_volga-ural,false,,867,CK3 00_landed_titles.txt
b_vetrino,c_lukoml,d_polotsk,k_white_rus,e_russia,false,,867,CK3 00_landed_titles.txt
b_vettanen,c_torne,d_vuovdisamieana,k_sapmi,e_scandinavia,true,first_barony_in_county_block,867,CK3 00_landed_titles.txt
b_veurne,c_yperen,d_flanders,k_france,e_france,false,,867,CK3 00_landed_titles.txt
b_vezelay,c_avalois,d_burgundy,k_france,e_france,true,first_barony_in_county_block,867,CK3 00_landed_titles.txt
b_vezir,c_gurganj,d_khorezm,k_transoxiana,e_turan,false,,867,CK3 00_landed_titles.txt
b_vhrbosna,c_vhrbosna,d_bosna,k_croatia,e_byzantium,true,first_barony_in_county_block,867,CK3 00_landed_titles.txt
b_vianadoalento,c_alcacer_do_sal,d_beja,k_badajoz,e_spain,false,,867,CK3 00_landed_titles.txt
b_vianden,c_luxembourg,d_luxembourg,k_lotharingia,e_germany,false,,867,CK3 00_landed_titles.txt
b_viazovka,c_balachev,d_khopyor,k_mordvinia,e_volga-ural,false,,867,CK3 00_landed_titles.txt
b_viborg,c_viborg,d_jylland,k_denmark,e_scandinavia,true,first_barony_in_county_block,867,CK3 00_landed_titles.txt
b_vic,c_barcelona,d_barcelona,k_aragon,e_spain,false,,867,CK3 00_landed_titles.txt
b_vicenza,c_treviso,d_verona,k_italy,e_italy,false,,867,CK3 00_landed_titles.txt
b_vidin,c_vidin,d_vidin,k_bulgaria,e_byzantium,true,first_barony_in_county_block,867,CK3 00_landed_titles.txt
b_vidisa,c_vidisa,d_akara_dasarna,k_malwa,e_rajastan,true,first_barony_in_county_block,867,CK3 00_landed_titles.txt
b_vielha,c_pallas,d_barcelona,k_aragon,e_spain,false,,867,CK3 00_landed_titles.txt
b_vienna,c_vienna,d_osterreich,k_bavaria,e_germany,true,first_barony_in_county_block,867,CK3 00_landed_titles.txt
b_vienne,c_viennois,d_dauphine,k_burgundy,e_france,false,,867,CK3 00_landed_titles.txt
b_vierzon,c_orleans,d_orleans,k_france,e_france,false,,867,CK3 00_landed_titles.txt
b_vieste,c_foggia,d_benevento,k_sicily,e_byzantium,false,,867,CK3 00_landed_titles.txt
b_vigevano,c_pavia,d_lombardia,k_italy,e_italy,false,,867,CK3 00_landed_titles.txt
b_vigo,c_tui,d_galicia,k_spanish_galicia,e_spain,false,,867,CK3 00_landed_titles.txt
b_viipuri,c_viipuri,d_karelia,k_finland,e_scandinavia,true,first_barony_in_county_block,867,CK3 00_landed_titles.txt
b_vijayanagara,c_adoni,d_nulambavadi,k_karnata,e_deccan,false,,867,CK3 00_landed_titles.txt
b_vijayapura,c_vijayapura,d_nadia,k_bengal,e_bengal,true,first_barony_in_county_block,867,CK3 00_landed_titles.txt
b_vijayapura_bis,c_taradavadi,d_rattapadi,k_maharastra,e_deccan,false,,867,CK3 00_landed_titles.txt
b_vijayawada,c_vengipura,d_vengi,k_andhra,e_deccan,false,,867,CK3 00_landed_titles.txt
b_vijnot,c_vijnot,d_bhakkar,k_sindh,e_rajastan,true,first_barony_in_county_block,867,CK3 00_landed_titles.txt
b_vikramapura,c_vikramapura,d_jangladesh,k_rajputana,e_rajastan,true,first_barony_in_county_block,867,CK3 00_landed_titles.txt
b_vikramasila,c_mudgagiri,d_magadha,k_bihar,e_bengal,false,,867,CK3 00_landed_titles.txt
b_vikulova,c_ishim,d_ishim,k_sibir,e_siberia,false,,867,CK3 00_landed_titles.txt
b_vilalba,c_coruna,d_galicia,k_spanish_galicia,e_spain,false,,867,CK3 00_landed_titles.txt
b_viljandi,c_livs,d_livonia,k_esthonia,e_wendish_empire,false,,867,CK3 00_landed_titles.txt
b_vilkaviskis,c_yatvyagi,d_lithuanians,k_lithuania,e_wendish_empire,false,,867,CK3 00_landed_titles.txt
b_vilkmerge,c_kernave,d_lithuanians,k_lithuania,e_wendish_empire,false,,867,CK3 00_landed_titles.txt
b_villa_real,c_braganza,d_porto,k_portugal,e_spain,false,,867,CK3 00_landed_titles.txt
b_villablino,c_leon,d_leon,k_leon,e_spain,false,,867,CK3 00_landed_titles.txt
b_villach,c_villach,d_carinthia,k_bavaria,e_germany,true,first_barony_in_county_block,867,CK3 00_landed_titles.txt
b_villafafila,c_zamora,d_leon,k_leon,e_spain,false,,867,CK3 00_landed_titles.txt
b_villarejodesalvanes,c_madrid,d_toledo,k_andalusia,e_spain,false,,867,CK3 00_landed_titles.txt
b_villars,c_lyon,d_dauphine,k_burgundy,e_france,false,,867,CK3 00_landed_titles.txt
b_villaviciosa,c_asturias_de_oviedo,d_asturias,k_leon,e_spain,false,,867,CK3 00_landed_titles.txt
b_vilnius,c_kernave,d_lithuanians,k_lithuania,e_wendish_empire,false,,867,CK3 00_landed_titles.txt
b_vilva,c_ural,d_ural,k_permia,e_volga-ural,false,,867,CK3 00_landed_titles.txt
b_vimmerby,c_sevede,d_smaland,k_sweden,e_scandinavia,false,,867,CK3 00_landed_titles.txt
b_vindia,c_galatia,d_bucellaria,k_nikaea,e_byzantium,false,,867,CK3 00_landed_titles.txt
b_vinitapura,c_suvarnapura,d_daksina_kosala,k_orissa,e_bengal,false,,867,CK3 00_landed_titles.txt
b_vinnytsia,c_ushytsia,d_kiev,k_ruthenia,e_russia,false,,867,CK3 00_landed_titles.txt
b_vinukonda,c_kambampet,d_warangal,k_telingana,e_deccan,false,,867,CK3 00_landed_titles.txt
b_viraja,c_viraja,d_tosali,k_orissa,e_bengal,true,first_barony_in_county_block,867,CK3 00_landed_titles.txt
b_virton,c_bouillon,d_luxembourg,k_lotharingia,e_germany,false,,867,CK3 00_landed_titles.txt
b_virudhukkalvetti,c_madurai,d_pandya_nadu,k_tamilakam,e_deccan,false,,867,CK3 00_landed_titles.txt
b_visegrad,c_podrinje,d_rashka,k_serbia,e_byzantium,false,,867,CK3 00_landed_titles.txt
b_visegrad_hun,c_visegrad,d_visegrad,k_hungary,e_carpathia,true,first_barony_in_county_block,867,CK3 00_landed_titles.txt
b_viseu,c_viseu,d_coimbra,k_portugal,e_spain,true,first_barony_in_county_block,867,CK3 00_landed_titles.txt
b_visnupura,c_vijayapura,d_nadia,k_bengal,e_bengal,false,,867,CK3 00_landed_titles.txt
b_visoki,c_rama,d_bosna,k_croatia,e_byzantium,true,first_barony_in_county_block,867,CK3 00_landed_titles.txt
b_vitebsk,c_vitebsk,d_polotsk,k_white_rus,e_russia,true,first_barony_in_county_block,867,CK3 00_landed_titles.txt
b_viterbo,c_viterbo,d_latium,k_romagna,e_italy,true,first_barony_in_county_block,867,CK3 00_landed_titles.txt
b_vitim,c_vitim,d_bargujin_tukum,k_buryatia,e_mongolia,true,first_barony_in_county_block,867,CK3 00_landed_titles.txt
b_vitimkan,c_muya,d_dauria,k_buryatia,e_mongolia,false,,867,CK3 00_landed_titles.txt
b_vitimkhad,c_vitim,d_bargujin_tukum,k_buryatia,e_mongolia,false,,867,CK3 00_landed_titles.txt
b_vitry_en_perthois,c_chalons,d_champagne,k_france,e_france,false,,867,CK3 00_landed_titles.txt
b_vitzgora,c_kargopol,d_chudia,k_bjarmaland,e_russia,false,,867,CK3 00_landed_titles.txt
b_viviers,c_viviers,d_dauphine,k_burgundy,e_france,true,first_barony_in_county_block,867,CK3 00_landed_titles.txt
b_vizagipatam,c_vizagipatam,d_kalinga,k_orissa,e_bengal,true,first_barony_in_county_block,867,CK3 00_landed_titles.txt
b_vizhinjam,c_venadu,d_chera_nadu,k_tamilakam,e_deccan,false,,867,CK3 00_landed_titles.txt
b_vladimir,c_vladimir,d_opolye,k_opolye,e_russia,true,first_barony_in_county_block,867,CK3 00_landed_titles.txt
b_vodamayutja,c_vodamayutja,d_vodamayutja,k_delhi,e_rajastan,true,first_barony_in_county_block,867,CK3 00_landed_titles.txt
b_voden,c_veria,d_thessalonika,k_thessalonika,e_byzantium,false,,867,CK3 00_landed_titles.txt
b_vodicevo,c_vodica,d_lower_bosna,k_croatia,e_byzantium,true,first_barony_in_county_block,867,CK3 00_landed_titles.txt
b_voghera,c_tortona,d_lombardia,k_italy,e_italy,false,,867,CK3 00_landed_titles.txt
b_voin,c_voin,d_pereyaslavl,k_ruthenia,e_russia,true,first_barony_in_county_block,867,CK3 00_landed_titles.txt
b_vokhma,c_martyuba,d_martyuba,k_volga_bulgaria,e_volga-ural,false,,867,CK3 00_landed_titles.txt
b_volcha,c_bakhmut,d_levedia,k_pontic_steppe,e_caspian-pontic_steppe,false,,867,CK3 00_landed_titles.txt
b_volin,c_cherven,d_cherven_cities,k_galicia-volhynia,e_west_slavia,false,,867,CK3 00_landed_titles.txt
b_volkovysk,c_volkovysk,d_grodno,k_white_rus,e_russia,true,first_barony_in_county_block,867,CK3 00_landed_titles.txt
b_volochok,c_vladimir,d_opolye,k_opolye,e_russia,false,,867,CK3 00_landed_titles.txt
b_volodymyr,c_volodymyr,d_volhynia,k_galicia-volhynia,e_west_slavia,true,first_barony_in_county_block,867,CK3 00_landed_titles.txt
b_vologda,c_vologda,d_vologda,k_bjarmaland,e_russia,true,first_barony_in_county_block,867,CK3 00_landed_titles.txt
b_volok_lamsky,c_tver,d_opolye,k_opolye,e_russia,false,,867,CK3 00_landed_titles.txt
b_voloz,c_elabuga,d_kazan,k_volga_bulgaria,e_volga-ural,false,,867,CK3 00_landed_titles.txt
b_volterra,c_firenze,d_toscana,k_italy,e_italy,false,,867,CK3 00_landed_titles.txt
b_volzhsk,c_mari-turek,d_kazan,k_volga_bulgaria,e_volga-ural,false,,867,CK3 00_landed_titles.txt
b_vonitsa,c_nicopolis,d_epirus,k_epirus,e_byzantium,false,,867,CK3 00_landed_titles.txt
b_vopnafjordur,c_nordrland,d_iceland,k_norway,e_scandinavia,false,,867,CK3 00_landed_titles.txt
b_vorbasse,c_vorbasse,d_slesvig,k_denmark,e_scandinavia,true,first_barony_in_county_block,867,CK3 00_landed_titles.txt
b_vorona,c_saran,d_saran,k_mordvinia,e_volga-ural,false,,867,CK3 00_landed_titles.txt
b_voronezh,c_voronezh,d_voronezh,k_mordvinia,e_volga-ural,true,first_barony_in_county_block,867,CK3 00_landed_titles.txt
b_vorotynsk,c_kozelsk,d_karachev,k_ruthenia,e_russia,false,,867,CK3 00_landed_titles.txt
b_voss,c_hordalandi,d_vestlandi,k_norway,e_scandinavia,false,,867,CK3 00_landed_titles.txt
b_vostitsa,c_achaia,d_achaia,k_hellas,e_byzantium,false,,867,CK3 00_landed_titles.txt
b_votkinsk,c_votkinsk,d_ural,k_permia,e_volga-ural,true,first_barony_in_county_block,867,CK3 00_landed_titles.txt
b_voznessensk,c_kherson,d_kizilyedisan,k_pontic_steppe,e_caspian-pontic_steppe,false,,867,CK3 00_landed_titles.txt
b_vraclav,c_caslav,d_bohemia,k_bohemia,e_west_slavia,false,,867,CK3 00_landed_titles.txt
b_vranduk,c_rama,d_bosna,k_croatia,e_byzantium,false,,867,CK3 00_landed_titles.txt
b_vranje,c_pomoravlje,d_bulgaria,k_bulgaria,e_byzantium,true,first_barony_in_county_block,867,CK3 00_landed_titles.txt
b_vratsa,c_vratsa,d_turnovo,k_bulgaria,e_byzantium,true,first_barony_in_county_block,867,CK3 00_landed_titles.txt
b_vrestenitsa,c_metzovo,d_epirus,k_epirus,e_byzantium,false,,867,CK3 00_landed_titles.txt
b_vreta,c_ostergotland,d_ostergotland,k_sweden,e_scandinavia,false,,867,CK3 00_landed_titles.txt
b_vualtjere,c_sjeltie,d_aarjetje,k_sapmi,e_scandinavia,false,,867,CK3 00_landed_titles.txt
b_vumba_kuu,c_tanga,d_zanzibar,k_zanj,e_azania,false,,867,CK3 00_landed_titles.txt
b_vuohijarvi,c_pedersore,d_pohjanmaa,k_finland,e_scandinavia,false,,867,CK3 00_landed_titles.txt
b_vyangi,c_vyangi,d_vepsia,k_novgorod,e_russia,true,first_barony_in_county_block,867,CK3 00_landed_titles.txt
b_vyatskoye,c_vologda,d_vologda,k_bjarmaland,e_russia,false,,867,CK3 00_landed_titles.txt
b_vyazma,c_smolensk,d_smolensk,k_white_rus,e_russia,false,,867,CK3 00_landed_titles.txt
b_vyksa,c_murom,d_ryazan,k_opolye,e_russia,false,,867,CK3 00_landed_titles.txt
b_vyr,c_putyvl,d_chernigov,k_ruthenia,e_russia,false,,867,CK3 00_landed_titles.txt
b_vysehrad,c_praha,d_bohemia,k_bohemia,e_west_slavia,false,,867,CK3 00_landed_titles.txt
b_vyshgorod,c_kiev,d_kiev,k_ruthenia,e_russia,false,,867,CK3 00_landed_titles.txt
b_vyshny_volochyok,c_valdai,d_luki,k_novgorod,e_russia,false,,867,CK3 00_landed_titles.txt
b_wa,c_wa,d_lobi,k_kong,e_guinea,true,first_barony_in_county_block,867,CK3 00_landed_titles.txt
b_waalo,c_kayor,d_djolof,k_takrur,e_mali,false,,867,CK3 00_landed_titles.txt
b_waasu,c_kokoli,d_futa_jalon,k_mali,e_mali,false,,867,CK3 00_landed_titles.txt
b_wabar,c_wabar,d_jawf-al-yamani,k_yemen,e_arabia,true,first_barony_in_county_block,867,CK3 00_landed_titles.txt
b_wad,c_turan,d_makran,k_makran,e_persia,false,,867,CK3 00_landed_titles.txt
b_wad_abu_nahl,c_wolqayt,d_baqlin,k_blemmyia,e_abyssinia,false,,867,CK3 00_landed_titles.txt
b_wad_hamid,c_abwab,d_makuria,k_nubia,e_abyssinia,false,,867,CK3 00_landed_titles.txt
b_wadai,c_wadai,d_wadai,k_darfur,e_kanem_bornu,false,,867,CK3 00_landed_titles.txt
b_wadan,c_wadan,d_adrar,k_anbiya,e_maghreb,true,first_barony_in_county_block,867,CK3 00_landed_titles.txt
b_waddan,c_waddan,d_syrte,k_africa,e_maghreb,true,first_barony_in_county_block,867,CK3 00_landed_titles.txt
b_wadeilannen,c_frisia,d_frisia,k_frisia,e_germany,false,,867,CK3 00_landed_titles.txt
b_wadern,c_trier,d_upper_lorraine,k_lotharingia,e_germany,false,,867,CK3 00_landed_titles.txt
b_wadhar,c_samarkand,d_soghd,k_transoxiana,e_turan,false,,867,CK3 00_landed_titles.txt
b_wadi_amur,c_wadi_amur,d_naqis,k_blemmyia,e_abyssinia,false,,867,CK3 00_landed_titles.txt
b_wadi_azwa,c_masalit,d_west_darfur,k_darfur,e_kanem_bornu,false,,867,CK3 00_landed_titles.txt
b_wadi_daoura,c_saoura,d_taghaza,k_anbiya,e_maghreb,true,first_barony_in_county_block,867,CK3 00_landed_titles.txt
b_wadi_el-milk,c_wadi_el-milk,d_makuria,k_nubia,e_abyssinia,true,first_barony_in_county_block,867,CK3 00_landed_titles.txt
b_wadi_ghamid,c_asir,d_asir,k_arabia,e_arabia,false,,867,CK3 00_landed_titles.txt
b_wadi_irawan,c_ghat,d_ghat,k_sahara,e_maghreb,false,,867,CK3 00_landed_titles.txt
b_wadi_makhil,c_derna,d_cyrenaica,k_egypt,e_arabia,false,,867,CK3 00_landed_titles.txt
b_wadi_masus,c_barqa,d_cyrenaica,k_egypt,e_arabia,false,,867,CK3 00_landed_titles.txt
b_wadi_natrun,c_alexandria,d_alexandria,k_egypt,e_arabia,false,,867,CK3 00_landed_titles.txt
b_wadi_odib,c_naqis,d_naqis,k_blemmyia,e_abyssinia,false,,867,CK3 00_landed_titles.txt
b_wadi_tathlith,c_asir,d_asir,k_arabia,e_arabia,true,first_barony_in_county_block,867,CK3 00_landed_titles.txt
b_wagadugu,c_wagadugu,d_wagadugu,k_gur,e_guinea,true,first_barony_in_county_block,867,CK3 00_landed_titles.txt
b_wagda,c_amhara,d_lasta,k_abyssinia,e_abyssinia,false,,867,CK3 00_landed_titles.txt
b_waghlanat,c_biskra,d_zab,k_tahert,e_maghreb,false,,867,CK3 00_landed_titles.txt
b_wagna,c_ghazzal,d_wadai,k_darfur,e_kanem_bornu,false,,867,CK3 00_landed_titles.txt
b_wahiba,c_duqm,d_oman,k_arabia,e_arabia,false,,867,CK3 00_landed_titles.txt
b_waidhofen,c_amstetten,d_osterreich,k_bavaria,e_germany,false,,867,CK3 00_landed_titles.txt
b_waihind,c_allai,d_kasmira,k_kashmir,e_rajastan,false,,867,CK3 00_landed_titles.txt
b_waj,c_waj,d_showa,k_abyssinia,e_abyssinia,true,first_barony_in_county_block,867,CK3 00_landed_titles.txt
b_wajda,c_wajda,d_tlemcen,k_tahert,e_maghreb,true,first_barony_in_county_block,867,CK3 00_landed_titles.txt
b_wajid,c_baydhabo,d_west_ajuraan,k_ajuraan,e_azania,false,,867,CK3 00_landed_titles.txt
b_wakhan,c_wakhan,d_badakhshan,k_transoxiana,e_turan,true,first_barony_in_county_block,867,CK3 00_landed_titles.txt
b_walaqa,c_amhara,d_lasta,k_abyssinia,e_abyssinia,false,,867,CK3 00_landed_titles.txt
b_walata,c_walata,d_wagadu,k_ghana,e_mali,true,first_barony_in_county_block,867,CK3 00_landed_titles.txt
b_walcz,c_pila,d_pommerania,k_pomerania,e_wendish_empire,true,first_barony_in_county_block,867,CK3 00_landed_titles.txt
b_waldabba,c_tigre,d_aksum,k_abyssinia,e_abyssinia,false,,867,CK3 00_landed_titles.txt
b_waldeck,c_waldeck,d_westfalen,k_saxony,e_germany,true,first_barony_in_county_block,867,CK3 00_landed_titles.txt
b_waldenburg,c_wolkenstein,d_meissen,k_sorbia,e_west_slavia,false,,867,CK3 00_landed_titles.txt
b_waldkirchen,c_passau,d_bavaria,k_bavaria,e_germany,false,,867,CK3 00_landed_titles.txt
b_walguyo,c_yatenga,d_yatenga,k_gurma,e_mali,false,,867,CK3 00_landed_titles.txt
b_walila,c_gharb,d_fes,k_maghreb,e_maghreb,false,,867,CK3 00_landed_titles.txt
b_walsingham,c_norfolk,d_norfolk,k_england,e_britannia,false,,867,CK3 00_landed_titles.txt
b_walsrode,c_luneburg,d_ostfalen,k_saxony,e_germany,false,,867,CK3 00_landed_titles.txt
b_wan_bhachran,c_karor,d_multan,k_punjab,e_rajastan,false,,867,CK3 00_landed_titles.txt
b_wandah,c_mafaza,d_yazd,k_persia,e_persia,false,,867,CK3 00_landed_titles.txt
b_wankath,c_khojand,d_ferghana,k_transoxiana,e_turan,false,,867,CK3 00_landed_titles.txt
b_waqisa,c_waqisa,d_kufa,k_mesopotamia,e_persia,true,first_barony_in_county_block,867,CK3 00_landed_titles.txt
b_wara,c_wadai,d_wadai,k_darfur,e_kanem_bornu,true,first_barony_in_county_block,867,CK3 00_landed_titles.txt
b_warab,c_showa,d_showa,k_abyssinia,e_abyssinia,false,,867,CK3 00_landed_titles.txt
b_waram,c_takrur,d_takrur,k_takrur,e_mali,false,,867,CK3 00_landed_titles.txt
b_waramin,c_rayy,d_rayy,k_persia,e_persia,false,,867,CK3 00_landed_titles.txt
b_warangal,c_orangallu,d_warangal,k_telingana,e_deccan,true,first_barony_in_county_block,867,CK3 00_landed_titles.txt
b_wardana,c_qumisha,d_isfahan,k_persia,e_persia,false,,867,CK3 00_landed_titles.txt
b_wareham,c_dorset,d_somerset,k_england,e_britannia,true,first_barony_in_county_block,867,CK3 00_landed_titles.txt
b_warendorf,c_munster,d_westfalen,k_saxony,e_germany,false,,867,CK3 00_landed_titles.txt
b_wargha,c_fes,d_fes,k_maghreb,e_maghreb,false,,867,CK3 00_landed_titles.txt
b_wargla,c_wargla,d_mzab,k_tahert,e_maghreb,true,first_barony_in_county_block,867,CK3 00_landed_titles.txt
b_warjih,c_ifat,d_showa,k_abyssinia,e_abyssinia,false,,867,CK3 00_landed_titles.txt
b_warnnamo,c_finnveden,d_smaland,k_sweden,e_scandinavia,true,first_barony_in_county_block,867,CK3 00_landed_titles.txt
b_warq,c_gojjam,d_gojjam,k_abyssinia,e_abyssinia,false,,867,CK3 00_landed_titles.txt
b_warrada,c_farama,d_sinai,k_egypt,e_arabia,false,,867,CK3 00_landed_titles.txt
b_warsheikh,c_mogadishu,d_mogadishu,k_ajuraan,e_azania,false,,867,CK3 00_landed_titles.txt
b_warszawa,c_czerska,d_mazovia,k_poland,e_west_slavia,false,,867,CK3 00_landed_titles.txt
b_warwick,c_warwickshire,d_hereford,k_england,e_britannia,true,first_barony_in_county_block,867,CK3 00_landed_titles.txt
b_warzazat,c_tudgha,d_tafilalt,k_maghreb,e_maghreb,false,,867,CK3 00_landed_titles.txt
b_warzigh,c_fes,d_fes,k_maghreb,e_maghreb,false,,867,CK3 00_landed_titles.txt
b_wase,c_keffi,d_kwararafa,k_igbo-benue,e_guinea,false,,867,CK3 00_landed_titles.txt
b_wasit,c_wasit,d_wasit,k_mesopotamia,e_persia,true,first_barony_in_county_block,867,CK3 00_landed_titles.txt
b_wassa,c_wassa,d_ashanti,k_akan,e_guinea,false,,867,CK3 00_landed_titles.txt
b_wasulu,c_niani,d_manding,k_mali,e_mali,false,,867,CK3 00_landed_titles.txt
b_waterford,c_ormond,d_munster,k_ireland,e_britannia,true,first_barony_in_county_block,867,CK3 00_landed_titles.txt
b_watit,c_gharb,d_fes,k_maghreb,e_maghreb,false,,867,CK3 00_landed_titles.txt
b_wawmana,c_tadla,d_marrakesh,k_maghreb,e_maghreb,false,,867,CK3 00_landed_titles.txt
b_waxxari,c_charkliq,d_charkliq,k_khotan,e_turan,false,,867,CK3 00_landed_titles.txt
b_wayikhan,c_ghardaman,d_khorezm,k_transoxiana,e_turan,false,,867,CK3 00_landed_titles.txt
b_wazeqqur,c_tadla,d_marrakesh,k_maghreb,e_maghreb,false,,867,CK3 00_landed_titles.txt
b_wazwan,c_isfahan,d_isfahan,k_persia,e_persia,false,,867,CK3 00_landed_titles.txt
b_wegera,c_wolqayt,d_baqlin,k_blemmyia,e_abyssinia,false,,867,CK3 00_landed_titles.txt
b_weinheim,c_erbach,d_west_franconia,k_east_francia,e_germany,false,,867,CK3 00_landed_titles.txt
b_weinsberg,c_hohenlohe,d_east_franconia,k_east_francia,e_germany,false,,867,CK3 00_landed_titles.txt
b_weissenburg,c_speyer,d_west_franconia,k_east_francia,e_germany,false,,867,CK3 00_landed_titles.txt
b_welamo,c_welamo,d_kaffa,k_damot,e_abyssinia,true,first_barony_in_county_block,867,CK3 00_landed_titles.txt
b_welamo-west,c_welamo,d_kaffa,k_damot,e_abyssinia,false,,867,CK3 00_landed_titles.txt
b_wellega-north,c_wellega,d_damot,k_damot,e_abyssinia,false,,867,CK3 00_landed_titles.txt
b_wellega-south,c_wellega,d_damot,k_damot,e_abyssinia,false,,867,CK3 00_landed_titles.txt
b_wels,c_hallstatt,d_salzburg,k_bavaria,e_germany,false,,867,CK3 00_landed_titles.txt
b_welshpool,c_maldwyn,d_powys,k_wales,e_britannia,true,first_barony_in_county_block,867,CK3 00_landed_titles.txt
b_weme,c_savalu,d_savalu,k_borgu,e_guinea,false,,867,CK3 00_landed_titles.txt
b_wenchi,c_begho,d_brong,k_akan,e_guinea,false,,867,CK3 00_landed_titles.txt
b_wenyon,c_wenyon,d_wenyon,k_guinea,e_guinea,true,first_barony_in_county_block,867,CK3 00_landed_titles.txt
b_wenzenbach,c_hohenburg,d_nordgau,k_bavaria,e_germany,false,,867,CK3 00_landed_titles.txt
b_werben,c_stendal,d_ostfalen,k_saxony,e_germany,false,,867,CK3 00_landed_titles.txt
b_werdenburg,c_grisons,d_currezia,k_east_francia,e_germany,false,,867,CK3 00_landed_titles.txt
b_werle,c_werle,d_nordmark,k_pomerania,e_wendish_empire,true,first_barony_in_county_block,867,CK3 00_landed_titles.txt
b_werningerode,c_halberstadt,d_anhalt,k_east_francia,e_germany,false,,867,CK3 00_landed_titles.txt
b_wertheim,c_durne,d_west_franconia,k_east_francia,e_germany,false,,867,CK3 00_landed_titles.txt
b_wesenburg,c_narva,d_esthonia,k_esthonia,e_wendish_empire,false,,867,CK3 00_landed_titles.txt
b_west_adal,c_harar,d_adal,k_adal,e_abyssinia,false,,867,CK3 00_landed_titles.txt
b_west_attie,c_attie,d_adiukru,k_akan,e_guinea,false,,867,CK3 00_landed_titles.txt
b_west_derby,c_lancashire,d_lancaster,k_england,e_britannia,false,,867,CK3 00_landed_titles.txt
b_west_gojjam,c_gafat,d_gojjam,k_abyssinia,e_abyssinia,false,,867,CK3 00_landed_titles.txt
b_west_kordofan,c_west_kordofan,d_kordofan,k_darfur,e_kanem_bornu,false,,867,CK3 00_landed_titles.txt
b_west_kru,c_kru,d_kru,k_guinea,e_guinea,false,,867,CK3 00_landed_titles.txt
b_west_mema,c_mema,d_mema,k_ghana,e_mali,false,,867,CK3 00_landed_titles.txt
b_west_sidamo,c_sidamo,d_bali,k_bale,e_azania,true,first_barony_in_county_block,867,CK3 00_landed_titles.txt
b_wetzlar,c_marburg,d_hesse,k_east_francia,e_germany,false,,867,CK3 00_landed_titles.txt
b_wexford,c_leinster,d_leinster,k_ireland,e_britannia,true,first_barony_in_county_block,867,CK3 00_landed_titles.txt
b_wezel,c_cleves,d_julich,k_lotharingia,e_germany,false,,867,CK3 00_landed_titles.txt
b_whitby,c_north_riding,d_york,k_england,e_britannia,false,,867,CK3 00_landed_titles.txt
b_whitehaven,c_cumberland,d_northumberland,k_england,e_britannia,false,,867,CK3 00_landed_titles.txt
b_whyidah,c_abomey,d_ibadan,k_yorubaland,e_guinea,false,,867,CK3 00_landed_titles.txt
b_wick,c_caithness,d_moray,k_scotland,e_britannia,false,,867,CK3 00_landed_titles.txt
b_wicklow,c_dublin,d_meath,k_ireland,e_britannia,false,,867,CK3 00_landed_titles.txt
b_wied,c_sayn,d_lower_lorraine,k_lotharingia,e_germany,false,,867,CK3 00_landed_titles.txt
b_wiedenbruck,c_paderborn,d_westfalen,k_saxony,e_germany,false,,867,CK3 00_landed_titles.txt
b_wieliczka,c_sacz,d_lesser_poland,k_poland,e_west_slavia,false,,867,CK3 00_landed_titles.txt
b_wielun,c_wielunska,d_kuyavia,k_poland,e_west_slavia,true,first_barony_in_county_block,867,CK3 00_landed_titles.txt
b_wiesbaden,c_mainz,d_west_franconia,k_east_francia,e_germany,false,,867,CK3 00_landed_titles.txt
b_wieselburg,c_sankt_polten,d_osterreich,k_bavaria,e_germany,false,,867,CK3 00_landed_titles.txt
b_wigmore,c_hereford,d_powys,k_wales,e_britannia,false,,867,CK3 00_landed_titles.txt
b_wigton,c_cumberland,d_northumberland,k_england,e_britannia,false,,867,CK3 00_landed_titles.txt
b_wigtown,c_galloway,d_galloway,k_scotland,e_britannia,false,,867,CK3 00_landed_titles.txt
b_wild,c_krems,d_osterreich,k_bavaria,e_germany,false,,867,CK3 00_landed_titles.txt
b_wilhelmshaven,c_ostfriesland,d_frisia,k_frisia,e_germany,false,,867,CK3 00_landed_titles.txt
b_wiltberg,c_wiltberg,d_east_franconia,k_east_francia,e_germany,true,first_barony_in_county_block,867,CK3 00_landed_titles.txt
b_wilton,c_wiltshire,d_gloucester,k_england,e_britannia,false,,867,CK3 00_landed_titles.txt
b_winchcombe,c_gloucestershire,d_gloucester,k_england,e_britannia,false,,867,CK3 00_landed_titles.txt
b_winchester,c_hampton,d_somerset,k_england,e_britannia,true,first_barony_in_county_block,867,CK3 00_landed_titles.txt
b_windische_buhel,c_liebnitz,d_steyermark,k_bavaria,e_germany,false,,867,CK3 00_landed_titles.txt
b_winterstoke,c_somerset,d_somerset,k_england,e_britannia,false,,867,CK3 00_landed_titles.txt
b_wiqro,c_intarta,d_aksum,k_abyssinia,e_abyssinia,true,first_barony_in_county_block,867,CK3 00_landed_titles.txt
b_wisinghnso,c_njudung,d_smaland,k_sweden,e_scandinavia,true,first_barony_in_county_block,867,CK3 00_landed_titles.txt
b_wislana,c_malbork,d_prussia,k_lithuania,e_wendish_empire,false,,867,CK3 00_landed_titles.txt
b_wislica,c_krakowska,d_lesser_poland,k_poland,e_west_slavia,false,,867,CK3 00_landed_titles.txt
b_wismar,c_mecklenburg,d_nordmark,k_pomerania,e_wendish_empire,true,first_barony_in_county_block,867,CK3 00_landed_titles.txt
b_witney,c_oxfordshire,d_gloucester,k_england,e_britannia,false,,867,CK3 00_landed_titles.txt
b_wittenberg,c_wittenberg,d_lausitz,k_sorbia,e_west_slavia,true,first_barony_in_county_block,867,CK3 00_landed_titles.txt
b_wittenstein,c_waldeck,d_westfalen,k_saxony,e_germany,false,,867,CK3 00_landed_titles.txt
b_witu,c_lamu,d_pate,k_zanj,e_azania,false,,867,CK3 00_landed_titles.txt
b_wizna,c_lomzynska,d_mazovia,k_poland,e_west_slavia,false,,867,CK3 00_landed_titles.txt
b_wladyslawowo,c_danzig,d_pomerelia,k_pomerania,e_wendish_empire,false,,867,CK3 00_landed_titles.txt
b_wlen,c_przemkow,d_lower_silesia,k_poland,e_west_slavia,false,,867,CK3 00_landed_titles.txt
b_wloclawek,c_kujawy,d_kuyavia,k_poland,e_west_slavia,false,,867,CK3 00_landed_titles.txt
b_woldenberg,c_hannover,d_angria,k_saxony,e_germany,false,,867,CK3 00_landed_titles.txt
b_wolfenbuttel,c_brunswick,d_ostfalen,k_saxony,e_germany,false,,867,CK3 00_landed_titles.txt
b_wolfratshausen,c_munchen,d_bavaria,k_bavaria,e_germany,false,,867,CK3 00_landed_titles.txt
b_wolfsberg,c_karnten,d_carinthia,k_bavaria,e_germany,false,,867,CK3 00_landed_titles.txt
b_wolgast,c_wolgast,d_nordmark,k_pomerania,e_wendish_empire,true,first_barony_in_county_block,867,CK3 00_landed_titles.txt
b_wolkenstein,c_wolkenstein,d_meissen,k_sorbia,e_west_slavia,true,first_barony_in_county_block,867,CK3 00_landed_titles.txt
b_wolong,c_mainling,d_lhoyul,k_lhomon,e_tibet,false,,867,CK3 00_landed_titles.txt
b_wolpe,c_wolpe,d_angria,k_saxony,e_germany,true,first_barony_in_county_block,867,CK3 00_landed_titles.txt
b_wolqayt,c_wolqayt,d_baqlin,k_blemmyia,e_abyssinia,true,first_barony_in_county_block,867,CK3 00_landed_titles.txt
b_wolsztyn,c_poznanska,d_wielkopolska,k_poland,e_west_slavia,false,,867,CK3 00_landed_titles.txt
b_wolverhampton,c_staffordshire,d_hereford,k_england,e_britannia,false,,867,CK3 00_landed_titles.txt
b_wompu,c_jowol,d_silla,k_takrur,e_mali,false,,867,CK3 00_landed_titles.txt
b_woora_saabe,c_konko,d_bambuk,k_mali,e_mali,false,,867,CK3 00_landed_titles.txt
b_worcester,c_worcestershire,d_hereford,k_england,e_britannia,true,first_barony_in_county_block,867,CK3 00_landed_titles.txt
b_wormditt,c_wormditt,d_prussia,k_lithuania,e_wendish_empire,true,first_barony_in_county_block,867,CK3 00_landed_titles.txt
b_worms,c_worms,d_west_franconia,k_east_francia,e_germany,true,first_barony_in_county_block,867,CK3 00_landed_titles.txt
b_worodugu,c_worodugu,d_worodugu,k_kong,e_guinea,true,first_barony_in_county_block,867,CK3 00_landed_titles.txt
b_worodugu_east,c_worodugu,d_worodugu,k_kong,e_guinea,false,,867,CK3 00_landed_titles.txt
b_woxbrigge,c_middlesex,d_bedford,k_england,e_britannia,false,,867,CK3 00_landed_titles.txt
b_wrexham,c_denbighshire,d_gwynedd,k_wales,e_britannia,false,,867,CK3 00_landed_titles.txt
b_wronki,c_poznanska,d_wielkopolska,k_poland,e_west_slavia,false,,867,CK3 00_landed_titles.txt
b_wschowa,c_wschowska,d_wielkopolska,k_poland,e_west_slavia,true,first_barony_in_county_block,867,CK3 00_landed_titles.txt
b_wukari,c_kwararafa,d_kwararafa,k_igbo-benue,e_guinea,false,,867,CK3 00_landed_titles.txt
b_wuli,c_wuli,d_wuli,k_kaabu,e_mali,true,first_barony_in_county_block,867,CK3 00_landed_titles.txt
b_wun,c_acalapura,d_vidharba,k_maharastra,e_deccan,false,,867,CK3 00_landed_titles.txt
b_wunsdorf,c_hannover,d_angria,k_saxony,e_germany,false,,867,CK3 00_landed_titles.txt
b_wurttemberg,c_wurttemberg,d_swabia,k_east_francia,e_germany,true,first_barony_in_county_block,867,CK3 00_landed_titles.txt
b_wurzburg,c_wurzburg,d_east_franconia,k_east_francia,e_germany,true,first_barony_in_county_block,867,CK3 00_landed_titles.txt
b_wusu,c_yangjibaliq,d_beshbalik,k_dzungaria,e_tartaria,false,,867,CK3 00_landed_titles.txt
b_wusuta,c_ewe,d_eweland,k_akan,e_guinea,true,first_barony_in_county_block,867,CK3 00_landed_titles.txt
b_wutanzili,c_yangjibaliq,d_beshbalik,k_dzungaria,e_tartaria,false,,867,CK3 00_landed_titles.txt
b_wycombe,c_buckinghamshire,d_bedford,k_england,e_britannia,false,,867,CK3 00_landed_titles.txt
b_wysbu,c_gutland,d_gotland,k_sweden,e_scandinavia,true,first_barony_in_county_block,867,CK3 00_landed_titles.txt
b_wyszgorod,c_plocka,d_mazovia,k_poland,e_west_slavia,false,,867,CK3 00_landed_titles.txt
b_wyszkow,c_zakroczymska,d_mazovia,k_poland,e_west_slavia,false,,867,CK3 00_landed_titles.txt
b_xainza,c_xainza,d_nyima,k_tsang,e_tibet,true,first_barony_in_county_block,867,CK3 00_landed_titles.txt
b_xamqu,c_sog,d_qamdo,k_kham,e_tibet,false,,867,CK3 00_landed_titles.txt
b_xanthia,c_mosynopolis,d_strymon,k_thessalonika,e_byzantium,false,,867,CK3 00_landed_titles.txt
b_xenkyer,c_baingoin,d_nagchu,k_u,e_tibet,false,,867,CK3 00_landed_titles.txt
b_xibde,c_cozhelhoma,d_conyi,k_u,e_tibet,false,,867,CK3 00_landed_titles.txt
b_xigaze,c_xigaze,d_xigaze,k_tsang,e_tibet,true,first_barony_in_county_block,867,CK3 00_landed_titles.txt
b_xigortang,c_xigortang,d_tuyuhun,k_amdo,e_tibet,true,first_barony_in_county_block,867,CK3 00_landed_titles.txt
b_xining,c_xining,d_xining,k_amdo,e_tibet,false,,867,CK3 00_landed_titles.txt
b_xungba,c_gegyai,d_ngari,k_guge,e_tibet,false,,867,CK3 00_landed_titles.txt
b_yabelo,c_burji,d_sharka,k_damot,e_abyssinia,false,,867,CK3 00_landed_titles.txt
b_yabrin,c_yabrin,d_al-hasa,k_arabia,e_arabia,true,first_barony_in_county_block,867,CK3 00_landed_titles.txt
b_yaffa,c_jaffa,d_palestine,k_jerusalem,e_arabia,true,first_barony_in_county_block,867,CK3 00_landed_titles.txt
b_yagba,c_yagba,d_oyo,k_yorubaland,e_guinea,false,,867,CK3 00_landed_titles.txt
b_yagkeng,c_fuqi,d_tuyuhun,k_amdo,e_tibet,false,,867,CK3 00_landed_titles.txt
b_yagra,c_zhongba,d_purang,k_guge,e_tibet,false,,867,CK3 00_landed_titles.txt
b_yahtin,c_yenisei,d_ala_tau,k_ob,e_siberia,false,,867,CK3 00_landed_titles.txt
b_yahudan,c_guzgan,d_merv,k_khorasan,e_persia,true,first_barony_in_county_block,867,CK3 00_landed_titles.txt
b_yaia,c_tomsk,d_ala_tau,k_ob,e_siberia,false,,867,CK3 00_landed_titles.txt
b_yaitsk,c_yaitsk,d_pecheneg,k_caspian_steppe,e_caspian-pontic_steppe,true,first_barony_in_county_block,867,CK3 00_landed_titles.txt
b_yajatinagara,c_suvarnapura,d_daksina_kosala,k_orissa,e_bengal,false,,867,CK3 00_landed_titles.txt
b_yalachi,c_jambalar,d_pecheneg,k_caspian_steppe,e_caspian-pontic_steppe,false,,867,CK3 00_landed_titles.txt
b_yalala,c_yalala,d_tahert,k_tahert,e_maghreb,true,first_barony_in_county_block,867,CK3 00_landed_titles.txt
b_yalu_torovsk,c_dolgujar,d_ishim,k_sibir,e_siberia,false,,867,CK3 00_landed_titles.txt
b_yama,c_vodi,d_novgorod,k_novgorod,e_russia,false,,867,CK3 00_landed_titles.txt
b_yama_iwase,c_iwase,d_hitakami,k_hitakami,e_amur,false,,867,CK3 00_landed_titles.txt
b_yamama,c_yamama,d_yamama,k_arabia,e_arabia,true,first_barony_in_county_block,867,CK3 00_landed_titles.txt
b_yamantau,c_uraltau,d_uraltau,k_bashkiria,e_volga-ural,false,,867,CK3 00_landed_titles.txt
b_yamishevo,c_pavlodar,d_lanikaz,k_sibir,e_siberia,false,,867,CK3 00_landed_titles.txt
b_yampil,c_ushytsia,d_kiev,k_ruthenia,e_russia,false,,867,CK3 00_landed_titles.txt
b_yanbu,c_yanbu,d_medina,k_arabia,e_arabia,true,first_barony_in_county_block,867,CK3 00_landed_titles.txt
b_yanfolila,c_niani,d_manding,k_mali,e_mali,false,,867,CK3 00_landed_titles.txt
b_yangadzha,c_garabogazkol,d_garabogazkol,k_oghuz_il,e_turan,false,,867,CK3 00_landed_titles.txt
b_yangary,c_povenets,d_biarmia,k_bjarmaland,e_russia,false,,867,CK3 00_landed_titles.txt
b_yangikent,c_yangikent,d_aral_il,k_oghuz_il,e_turan,true,first_barony_in_county_block,867,CK3 00_landed_titles.txt
b_yangjibalik,c_yangjibaliq,d_beshbalik,k_dzungaria,e_tartaria,true,first_barony_in_county_block,867,CK3 00_landed_titles.txt
b_yangpachen,c_damxung,d_lhasa,k_u,e_tibet,false,,867,CK3 00_landed_titles.txt
b_yangwarok,c_yangwarok,d_limbuwan,k_himalaya,e_rajastan,true,first_barony_in_county_block,867,CK3 00_landed_titles.txt
b_yanokul,c_yanokul,d_sakmara,k_bashkiria,e_volga-ural,true,first_barony_in_county_block,867,CK3 00_landed_titles.txt
b_yao_fitri,c_fitri,d_wadai,k_darfur,e_kanem_bornu,true,first_barony_in_county_block,867,CK3 00_landed_titles.txt
b_yar_calli,c_yar-calli,d_volga_bulgaria,k_volga_bulgaria,e_volga-ural,true,first_barony_in_county_block,867,CK3 00_landed_titles.txt
b_yaresna,c_bambuk,d_bambuk,k_mali,e_mali,true,first_barony_in_county_block,867,CK3 00_landed_titles.txt
b_yarkand,c_yarkand,d_kashgar,k_khotan,e_turan,true,first_barony_in_county_block,867,CK3 00_landed_titles.txt
b_yarkhoto,c_kara_khoja,d_kara_khoja,k_dzungaria,e_tartaria,false,,867,CK3 00_landed_titles.txt
b_yarlestre,c_north_riding,d_york,k_england,e_britannia,false,,867,CK3 00_landed_titles.txt
b_yarnema,c_pudozh,d_biarmia,k_bjarmaland,e_russia,false,,867,CK3 00_landed_titles.txt
b_yaroslav_VOL,c_peremyshl,d_cherven_cities,k_galicia-volhynia,e_west_slavia,false,,867,CK3 00_landed_titles.txt
b_yaroslavl,c_yaroslavl,d_opolye,k_opolye,e_russia,true,first_barony_in_county_block,867,CK3 00_landed_titles.txt
b_yary,c_uman,d_yedisan,k_pontic_steppe,e_caspian-pontic_steppe,true,first_barony_in_county_block,867,CK3 00_landed_titles.txt
b_yaseni,c_khumar,d_azov,k_caucasus,e_caspian-pontic_steppe,true,first_barony_in_county_block,867,CK3 00_landed_titles.txt
b_yashkan,c_uzboy,d_uzboy,k_transoxiana,e_turan,false,,867,CK3 00_landed_titles.txt
b_yasi,c_shavgar,d_chah,k_syr_darya,e_turan,false,,867,CK3 00_landed_titles.txt
b_yasin,c_yasin,d_pamir,k_kashmir,e_rajastan,true,first_barony_in_county_block,867,CK3 00_landed_titles.txt
b_yau,c_yau,d_bornu,k_kanem,e_kanem_bornu,true,first_barony_in_county_block,867,CK3 00_landed_titles.txt
b_yauri,c_yauri,d_kebbi,k_hausaland,e_kanem_bornu,true,first_barony_in_county_block,867,CK3 00_landed_titles.txt
b_yazd,c_yazd,d_yazd,k_persia,e_persia,true,first_barony_in_county_block,867,CK3 00_landed_titles.txt
b_ycost,c_ringkobing,d_jylland,k_denmark,e_scandinavia,false,,867,CK3 00_landed_titles.txt
b_yegainnyin,c_zekog,d_malho,k_gyalrong,e_tibet,false,,867,CK3 00_landed_titles.txt
b_yegoryevsk,c_vladimir,d_opolye,k_opolye,e_russia,false,,867,CK3 00_landed_titles.txt
b_yekaterinburg,c_yekaterinburg,d_vogulia,k_bashkiria,e_volga-ural,true,first_barony_in_county_block,867,CK3 00_landed_titles.txt
b_yelan,c_sarysyn,d_don_valley,k_pontic_steppe,e_caspian-pontic_steppe,false,,867,CK3 00_landed_titles.txt
b_yeldiatzkaya,c_birsk,d_bashkiria,k_bashkiria,e_volga-ural,false,,867,CK3 00_landed_titles.txt
b_yelets,c_tula,d_ryazan,k_opolye,e_russia,false,,867,CK3 00_landed_titles.txt
b_yelimane,c_yelimane,d_diafunu,k_ghana,e_mali,true,first_barony_in_county_block,867,CK3 00_landed_titles.txt
b_yelnya,c_smolensk,d_smolensk,k_white_rus,e_russia,false,,867,CK3 00_landed_titles.txt
b_yemetsk,c_velsk,d_ustyug,k_bjarmaland,e_russia,false,,867,CK3 00_landed_titles.txt
b_yendi,c_dagomba,d_dagomba,k_gur,e_guinea,true,first_barony_in_county_block,867,CK3 00_landed_titles.txt
b_yendum,c_zhagyab,d_lhatok,k_kham,e_tibet,true,first_barony_in_county_block,867,CK3 00_landed_titles.txt
b_yengi_xahar,c_kashgar,d_kashgar,k_khotan,e_turan,false,,867,CK3 00_landed_titles.txt
b_yengisar,c_yarkand,d_kashgar,k_khotan,e_turan,false,,867,CK3 00_landed_titles.txt
b_yenisei,c_yenisei,d_ala_tau,k_ob,e_siberia,true,first_barony_in_county_block,867,CK3 00_landed_titles.txt
b_yenotayevka,c_beksima,d_khazaria,k_caucasus,e_caspian-pontic_steppe,false,,867,CK3 00_landed_titles.txt
b_yenshipin,c_yenshipin,d_amdo,k_amdo,e_tibet,true,first_barony_in_county_block,867,CK3 00_landed_titles.txt
b_yera,c_yera,d_dauria,k_buryatia,e_mongolia,true,first_barony_in_county_block,867,CK3 00_landed_titles.txt
b_yerevan,c_hayk,d_greater_armenia,k_armenia,e_byzantium,false,,867,CK3 00_landed_titles.txt
b_yergolyk,c_azov,d_azov,k_caucasus,e_caspian-pontic_steppe,false,,867,CK3 00_landed_titles.txt
b_yerwa,c_kagha,d_kagha,k_kanem,e_kanem_bornu,true,first_barony_in_county_block,867,CK3 00_landed_titles.txt
b_yeshil_chumych,c_biia,d_salair,k_ob,e_siberia,false,,867,CK3 00_landed_titles.txt
b_yetagiri,c_pannagallu,d_racakonda,k_telingana,e_deccan,false,,867,CK3 00_landed_titles.txt
b_yezagash,c_julym,d_khakass_hollow,k_khakassia,e_mongolia,false,,867,CK3 00_landed_titles.txt
b_yidu,c_kara_khoja,d_kara_khoja,k_dzungaria,e_tartaria,false,,867,CK3 00_landed_titles.txt
b_yingkiong,c_pemako,d_lhoyul,k_lhomon,e_tibet,false,,867,CK3 00_landed_titles.txt
b_yiong,c_nyingchi,d_nyingchi,k_kham,e_tibet,false,,867,CK3 00_landed_titles.txt
b_yiqen,c_qamdo,d_qamdo,k_kham,e_tibet,false,,867,CK3 00_landed_titles.txt
b_yizhi,c_jimsar,d_beshbalik,k_dzungaria,e_tartaria,false,,867,CK3 00_landed_titles.txt
b_ylikainuu,c_torne,d_vuovdisamieana,k_sapmi,e_scandinavia,false,,867,CK3 00_landed_titles.txt
b_yns_mon,c_anglesey,d_gwynedd,k_wales,e_britannia,true,first_barony_in_county_block,867,CK3 00_landed_titles.txt
b_yoff,c_kayor,d_djolof,k_takrur,e_mali,false,,867,CK3 00_landed_titles.txt
b_yogoran,c_taskyl,d_ala_tau,k_ob,e_siberia,false,,867,CK3 00_landed_titles.txt
b_yohongou,c_pendjari,d_mamprusi,k_gur,e_guinea,false,,867,CK3 00_landed_titles.txt
b_yonoir,c_vasyugan,d_vasyugan_mire,k_ob,e_siberia,false,,867,CK3 00_landed_titles.txt
b_yopurga,c_kashgar,d_kashgar,k_khotan,e_turan,false,,867,CK3 00_landed_titles.txt
b_yorgaet,c_bardak,d_sibir,k_sibir,e_siberia,false,,867,CK3 00_landed_titles.txt
b_york,c_north_riding,d_york,k_england,e_britannia,true,first_barony_in_county_block,867,CK3 00_landed_titles.txt
b_yoshkar-ola,c_yoshkar-ola,d_kazan,k_volga_bulgaria,e_volga-ural,true,first_barony_in_county_block,867,CK3 00_landed_titles.txt
b_ypres,c_yperen,d_flanders,k_france,e_france,true,first_barony_in_county_block,867,CK3 00_landed_titles.txt
b_yuetgan,c_khotan,d_khotan,k_khotan,e_turan,false,,867,CK3 00_landed_titles.txt
b_yugan,c_kazym,d_kazym,k_yugra,e_siberia,false,,867,CK3 00_landed_titles.txt
b_yugar,c_vasyugan,d_vasyugan_mire,k_ob,e_siberia,false,,867,CK3 00_landed_titles.txt
b_yuldybayevo,c_sakmara,d_sakmara,k_bashkiria,e_volga-ural,false,,867,CK3 00_landed_titles.txt
b_yumai,c_lhunze,d_monyul,k_lhomon,e_tibet,false,,867,CK3 00_landed_titles.txt
b_yumanova,c_uiska,d_uraltau,k_bashkiria,e_volga-ural,false,,867,CK3 00_landed_titles.txt
b_yumbu_lakhang,c_zetang,d_yarlung,k_u,e_tibet,false,,867,CK3 00_landed_titles.txt
b_yunglro,c_zoige,d_gyalrong,k_gyalrong,e_tibet,false,,867,CK3 00_landed_titles.txt
b_yurba,c_garkung,d_conyi,k_u,e_tibet,false,,867,CK3 00_landed_titles.txt
b_yuri,c_nushiro,d_nushiro,k_hitakami,e_amur,false,,867,CK3 00_landed_titles.txt
b_yuriev,c_kiev,d_kiev,k_ruthenia,e_russia,false,,867,CK3 00_landed_titles.txt
b_yuryev,c_suzdal,d_opolye,k_opolye,e_russia,false,,867,CK3 00_landed_titles.txt
b_yutur,c_narim,d_ala_tau,k_ob,e_siberia,false,,867,CK3 00_landed_titles.txt
b_yuyico,c_sewa,d_conyi,k_u,e_tibet,false,,867,CK3 00_landed_titles.txt
b_zabid,c_zabid,d_sanaa,k_yemen,e_arabia,true,first_barony_in_county_block,867,CK3 00_landed_titles.txt
b_zadar,c_zadar,d_dalmatia,k_croatia,e_byzantium,true,first_barony_in_county_block,867,CK3 00_landed_titles.txt
b_zafar,c_taizz,d_taizz,k_yemen,e_arabia,false,,867,CK3 00_landed_titles.txt
b_zafra,c_niebla,d_sevilla,k_andalusia,e_spain,false,,867,CK3 00_landed_titles.txt
b_zagan,c_sprottau,d_lower_silesia,k_poland,e_west_slavia,false,,867,CK3 00_landed_titles.txt
b_zagan-gol,c_qinggil,d_altay,k_dzungaria,e_tartaria,false,,867,CK3 00_landed_titles.txt
b_zaghwan,c_tunis,d_tunis,k_africa,e_maghreb,false,,867,CK3 00_landed_titles.txt
b_zagora,c_sinope,d_armeniac,k_pontus,e_byzantium,false,,867,CK3 00_landed_titles.txt
b_zagreb,c_zagreb,d_slavonia,k_croatia,e_byzantium,true,first_barony_in_county_block,867,CK3 00_landed_titles.txt
b_zaila,c_zaila,d_zaila,k_adal,e_abyssinia,true,first_barony_in_county_block,867,CK3 00_landed_titles.txt
b_zainlha,c_quqen,d_gyalrong,k_gyalrong,e_tibet,false,,867,CK3 00_landed_titles.txt
b_zaiza,c_maab,d_amman,k_arabia,e_arabia,false,,867,CK3 00_landed_titles.txt
b_zajecar,c_vidin,d_vidin,k_bulgaria,e_byzantium,false,,867,CK3 00_landed_titles.txt
b_zakroczym,c_zakroczymska,d_mazovia,k_poland,e_west_slavia,true,first_barony_in_county_block,867,CK3 00_landed_titles.txt
b_zakynthos,c_cephalonia,d_cephalonia,k_epirus,e_byzantium,false,,867,CK3 00_landed_titles.txt
b_zalaca,c_caceres,d_badajoz,k_badajoz,e_spain,false,,867,CK3 00_landed_titles.txt
b_zalha,c_zawila,d_fezzan,k_sahara,e_maghreb,false,,867,CK3 00_landed_titles.txt
b_zamakhshar,c_zamakhshar,d_khorezm,k_transoxiana,e_turan,true,first_barony_in_county_block,867,CK3 00_landed_titles.txt
b_zamin,c_oshrusana,d_osrushana,k_transoxiana,e_turan,false,,867,CK3 00_landed_titles.txt
b_zamindawar,c_zamindawar,d_zabulistan,k_kabulistan,e_persia,true,first_barony_in_county_block,867,CK3 00_landed_titles.txt
b_zamm,c_zamm,d_merv,k_khorasan,e_persia,true,first_barony_in_county_block,867,CK3 00_landed_titles.txt
b_zammour,c_zammour,d_zammour,k_anbiya,e_maghreb,true,first_barony_in_county_block,867,CK3 00_landed_titles.txt
b_zamora,c_zamora,d_leon,k_leon,e_spain,true,first_barony_in_county_block,867,CK3 00_landed_titles.txt
b_zampia,c_upper_gurma,d_upper_gurma,k_gurma,e_mali,false,,867,CK3 00_landed_titles.txt
b_zamtam,c_munio,d_bornu,k_kanem,e_kanem_bornu,false,,867,CK3 00_landed_titles.txt
b_zamtang,c_barkam,d_gyalrong,k_gyalrong,e_tibet,false,,867,CK3 00_landed_titles.txt
b_zangla,c_padum,d_zanskar,k_maryul,e_tibet,false,,867,CK3 00_landed_titles.txt
b_zanjan,c_zanjan,d_daylam,k_daylam,e_persia,true,first_barony_in_county_block,867,CK3 00_landed_titles.txt
b_zanzan,c_bonduku,d_gyaman,k_akan,e_guinea,false,,867,CK3 00_landed_titles.txt
b_zapaxi,c_zichia,d_alania,k_caucasus,e_caspian-pontic_steppe,false,,867,CK3 00_landed_titles.txt
b_zaqatala,c_hereti,d_georgia,k_georgia,e_byzantium,true,first_barony_in_county_block,867,CK3 00_landed_titles.txt
b_zaragoza,c_zaragoza,d_aragon,k_aragon,e_spain,true,first_barony_in_county_block,867,CK3 00_landed_titles.txt
b_zarand,c_zarand,d_bihar,k_hungary,e_carpathia,true,first_barony_in_county_block,867,CK3 00_landed_titles.txt
b_zarand_PER,c_kirman,d_kirman,k_persia,e_persia,false,,867,CK3 00_landed_titles.txt
b_zaranj,c_zaranj,d_sistan,k_makran,e_persia,true,first_barony_in_county_block,867,CK3 00_landed_titles.txt
b_zarapan,c_kainar,d_atyrau,k_caspian_steppe,e_caspian-pontic_steppe,false,,867,CK3 00_landed_titles.txt
b_zariskat,c_vanand,d_greater_armenia,k_armenia,e_byzantium,false,,867,CK3 00_landed_titles.txt
b_zarmaganda,c_zarma,d_dendi,k_songhay,e_mali,true,first_barony_in_county_block,867,CK3 00_landed_titles.txt
b_zarman,c_zarman,d_gobi_altai,k_naimania,e_mongolia,false,,867,CK3 00_landed_titles.txt
b_zarmatarey,c_zarma,d_dendi,k_songhay,e_mali,false,,867,CK3 00_landed_titles.txt
b_zarnikh,c_aswan,d_al-said,k_egypt,e_arabia,false,,867,CK3 00_landed_titles.txt
b_zaslavl,c_zaslavl,d_halych,k_galicia-volhynia,e_west_slavia,true,first_barony_in_county_block,867,CK3 00_landed_titles.txt
b_zaslawye,c_minsk,d_minsk,k_white_rus,e_russia,false,,867,CK3 00_landed_titles.txt
b_zatec,c_zatec,d_bohemia,k_bohemia,e_west_slavia,true,first_barony_in_county_block,867,CK3 00_landed_titles.txt
b_zatsan,c_chuguchak,d_alakol,k_zhetysu,e_tartaria,false,,867,CK3 00_landed_titles.txt
b_zavialova,c_tara,d_tara,k_sibir,e_siberia,false,,867,CK3 00_landed_titles.txt
b_zawa,c_nishapur,d_nishapur,k_khorasan,e_persia,false,,867,CK3 00_landed_titles.txt
b_zawila,c_zawila,d_fezzan,k_sahara,e_maghreb,true,first_barony_in_county_block,867,CK3 00_landed_titles.txt
b_zawkrze,c_plocka,d_mazovia,k_poland,e_west_slavia,false,,867,CK3 00_landed_titles.txt
b_zaybak,c_munjan,d_badakhshan,k_transoxiana,e_turan,false,,867,CK3 00_landed_titles.txt
b_zayu,c_rima,d_dzayul,k_lhomon,e_tibet,false,,867,CK3 00_landed_titles.txt
b_zazzau,c_zaria,d_katsina,k_hausaland,e_kanem_bornu,true,first_barony_in_county_block,867,CK3 00_landed_titles.txt
b_zdar,c_brno,d_moravia,k_bohemia,e_west_slavia,false,,867,CK3 00_landed_titles.txt
b_zdvyzhen,c_kiev,d_kiev,k_ruthenia,e_russia,false,,867,CK3 00_landed_titles.txt
b_zegligovo,c_skopje,d_bulgaria,k_bulgaria,e_byzantium,false,,867,CK3 00_landed_titles.txt
b_zeila_CHA,c_kyzistra,d_charsianon,k_anatolia,e_byzantium,false,,867,CK3 00_landed_titles.txt
b_zekog,c_zekog,d_malho,k_gyalrong,e_tibet,true,first_barony_in_county_block,867,CK3 00_landed_titles.txt
b_zela,c_zela,d_armeniac,k_pontus,e_byzantium,false,,867,CK3 00_landed_titles.txt
b_zemplen,c_zemplen,d_ungvar,k_hungary,e_carpathia,true,first_barony_in_county_block,867,CK3 00_landed_titles.txt
b_zemun,c_szerem,d_syrmia,k_hungary,e_carpathia,false,,867,CK3 00_landed_titles.txt
b_zenta,c_bodrog,d_bacs,k_hungary,e_carpathia,false,,867,CK3 00_landed_titles.txt
b_zerbst,c_dessau,d_anhalt,k_east_francia,e_germany,false,,867,CK3 00_landed_titles.txt
b_zermion,c_amida,d_diyarbakr,k_jazira,e_persia,false,,867,CK3 00_landed_titles.txt
b_zetang,c_zetang,d_yarlung,k_u,e_tibet,true,first_barony_in_county_block,867,CK3 00_landed_titles.txt
b_zetouni,c_neopatras,d_thessaly,k_thessalonika,e_byzantium,false,,867,CK3 00_landed_titles.txt
b_zeven,c_bremen,d_angria,k_saxony,e_germany,false,,867,CK3 00_landed_titles.txt
b_zhaltyr,c_qyzylyaitsk,d_pecheneg,k_caspian_steppe,e_caspian-pontic_steppe,true,first_barony_in_county_block,867,CK3 00_landed_titles.txt
b_zhamog,c_bome,d_boyul,k_kham,e_tibet,false,,867,CK3 00_landed_titles.txt
b_zhelanash,c_ak-dzulpas,d_aral_il,k_oghuz_il,e_turan,false,,867,CK3 00_landed_titles.txt
b_zhelezny_ustyug,c_bezichi,d_luki,k_novgorod,e_russia,false,,867,CK3 00_landed_titles.txt
b_zhemgang,c_trongsa,d_bumthang,k_lhomon,e_tibet,false,,867,CK3 00_landed_titles.txt
b_zherkovo,c_zherkovo,d_philippopolis,k_bulgaria,e_byzantium,true,first_barony_in_county_block,867,CK3 00_landed_titles.txt
b_zhiteu,c_nagormo,d_nagormo,k_amdo,e_tibet,false,,867,CK3 00_landed_titles.txt
b_zhitikara,c_kbumak,d_aqtobe,k_caspian_steppe,e_caspian-pontic_steppe,false,,867,CK3 00_landed_titles.txt
b_zhlobin,c_babruysk,d_pinsk,k_white_rus,e_russia,false,,867,CK3 00_landed_titles.txt
b_zhob,c_kalat,d_multan,k_punjab,e_rajastan,false,,867,CK3 00_landed_titles.txt
b_zhugqu,c_tewo,d_gainlho,k_gyalrong,e_tibet,false,,867,CK3 00_landed_titles.txt
b_zhytkavichy,c_slutsk,d_pinsk,k_white_rus,e_russia,false,,867,CK3 00_landed_titles.txt
b_zhytomyr,c_zhytomyr,d_kiev,k_ruthenia,e_russia,true,first_barony_in_county_block,867,CK3 00_landed_titles.txt
b_ziba,c_al_aqabah,d_shammar,k_arabia,e_arabia,false,,867,CK3 00_landed_titles.txt
b_zica,c_rashka,d_rashka,k_serbia,e_byzantium,false,,867,CK3 00_landed_titles.txt
b_ziegenhain,c_kassel,d_hesse,k_east_francia,e_germany,false,,867,CK3 00_landed_titles.txt
b_zilm,c_sherbro,d_kono,k_guinea,e_guinea,false,,867,CK3 00_landed_titles.txt
b_zima_MON,c_kymyl_tey,d_angara,k_angara,e_mongolia,false,,867,CK3 00_landed_titles.txt
b_zinder,c_daura,d_kano,k_hausaland,e_kanem_bornu,false,,867,CK3 00_landed_titles.txt
b_ziporea,c_pompeiopolis,d_paphlagonia,k_pontus,e_byzantium,false,,867,CK3 00_landed_titles.txt
b_zirc,c_veszprem,d_gyor,k_hungary,e_carpathia,false,,867,CK3 00_landed_titles.txt
b_zirjan,c_darmashan,d_ghur,k_khorasan,e_persia,false,,867,CK3 00_landed_titles.txt
b_ziro,c_itanagar,d_lhoyul,k_lhomon,e_tibet,false,,867,CK3 00_landed_titles.txt
b_zitava,c_litomerice,d_bohemia,k_bohemia,e_west_slavia,false,,867,CK3 00_landed_titles.txt
b_ziz,c_ziz,d_tafilalt,k_maghreb,e_maghreb,true,first_barony_in_county_block,867,CK3 00_landed_titles.txt
b_zlatoust,c_karabash,d_uraltau,k_bashkiria,e_volga-ural,false,,867,CK3 00_landed_titles.txt
b_zlotow,c_krajna,d_wielkopolska,k_poland,e_west_slavia,false,,867,CK3 00_landed_titles.txt
b_znin,c_krajna,d_wielkopolska,k_poland,e_west_slavia,false,,867,CK3 00_landed_titles.txt
b_znojmo,c_znojmo,d_moravia,k_bohemia,e_west_slavia,true,first_barony_in_county_block,867,CK3 00_landed_titles.txt
b_zoco,c_gar,d_ngari,k_guge,e_tibet,false,,867,CK3 00_landed_titles.txt
b_zogang,c_zogang,d_boyul,k_kham,e_tibet,true,first_barony_in_county_block,867,CK3 00_landed_titles.txt
b_zoige,c_zoige,d_gyalrong,k_gyalrong,e_tibet,true,first_barony_in_county_block,867,CK3 00_landed_titles.txt
b_zokya,c_zhidoi,d_zadoi,k_amdo,e_tibet,false,,867,CK3 00_landed_titles.txt
b_zollern,c_zollern,d_swabia,k_east_francia,e_germany,true,first_barony_in_county_block,867,CK3 00_landed_titles.txt
b_zolonta,c_bihar,d_bihar,k_hungary,e_carpathia,false,,867,CK3 00_landed_titles.txt
b_zolotonosha,c_pereyaslavl,d_pereyaslavl,k_ruthenia,e_russia,false,,867,CK3 00_landed_titles.txt
b_zolyom,c_zolyom,d_nyitra,k_hungary,e_carpathia,true,first_barony_in_county_block,867,CK3 00_landed_titles.txt
b_zondoma,c_yatenga,d_yatenga,k_gurma,e_mali,false,,867,CK3 00_landed_titles.txt
b_zoresti,c_tabla_butii,d_transylvanian_alps,k_dacia,e_carpathia,false,,867,CK3 00_landed_titles.txt
b_zsolna,c_trenscen,d_nyitra,k_hungary,e_carpathia,false,,867,CK3 00_landed_titles.txt
b_zubala,c_thalabiya,d_jawf,k_arabia,e_arabia,false,,867,CK3 00_landed_titles.txt
b_zubstov,c_mozhaysk,d_smolensk,k_white_rus,e_russia,false,,867,CK3 00_landed_titles.txt
b_zuera,c_zaragoza,d_aragon,k_aragon,e_spain,false,,867,CK3 00_landed_titles.txt
b_zugdidi,c_odishi,d_abkhazia,k_georgia,e_byzantium,false,,867,CK3 00_landed_titles.txt
b_zughar,c_negev,d_oultrejourdain,k_jerusalem,e_arabia,true,first_barony_in_county_block,867,CK3 00_landed_titles.txt
b_zurabad,c_bakharz,d_herat,k_khorasan,e_persia,false,,867,CK3 00_landed_titles.txt
b_zurich,c_zurich,d_currezia,k_east_francia,e_germany,true,first_barony_in_county_block,867,CK3 00_landed_titles.txt
b_zurita,c_cuenca,d_toledo,k_andalusia,e_spain,false,,867,CK3 00_landed_titles.txt
b_zurra,c_damascus,d_damascus,k_syria,e_arabia,false,,867,CK3 00_landed_titles.txt
b_zuru,c_sokoto,d_kebbi,k_hausaland,e_kanem_bornu,false,,867,CK3 00_landed_titles.txt
b_zutphen,c_zutphen,d_gelre,k_frisia,e_germany,true,first_barony_in_county_block,867,CK3 00_landed_titles.txt
b_zuunbaykal,c_yera,d_dauria,k_buryatia,e_mongolia,false,,867,CK3 00_landed_titles.txt
b_zuwara,c_jafara,d_tripolitania,k_africa,e_maghreb,true,first_barony_in_county_block,867,CK3 00_landed_titles.txt
b_zvecan,c_hvosno,d_rashka,k_serbia,e_byzantium,false,,867,CK3 00_landed_titles.txt
b_zvenyhorod,c_lviv,d_halych,k_galicia-volhynia,e_west_slavia,false,,867,CK3 00_landed_titles.txt
b_zvornik,c_soli,d_lower_bosna,k_croatia,e_byzantium,false,,867,CK3 00_landed_titles.txt
b_zvyahel,c_zvyahel,d_kiev,k_ruthenia,e_russia,true,first_barony_in_county_block,867,CK3 00_landed_titles.txt
b_zweibrucken,c_saarbrucken,d_upper_lorraine,k_lotharingia,e_germany,false,,867,CK3 00_landed_titles.txt
b_zwettl,c_freistadt,d_osterreich,k_bavaria,e_germany,false,,867,CK3 00_landed_titles.txt
b_zwolle,c_oversticht,d_utrecht,k_frisia,e_germany,true,first_barony_in_county_block,867,CK3 00_landed_titles.txt
b_zynna,c_zemplen,d_ungvar,k_hungary,e_carpathia,false,,867,CK3 00_landed_titles.txt
b_zyryan,c_koksemey,d_semey,k_kipchak,e_tartaria,false,,867,CK3 00_landed_titles.txt
